{
 "type": "FeatureCollection",
 "generatedAt": "2026-09-22T11:28:40.680Z",
 "source": "https://ghostmap.jp",
 "features": [
  {
   "type": "Feature",
   "geometry": {
    "type": "Point",
    "coordinates": [
     141.001902,
     39.657071
    ]
   },
   "properties": {
    "spotcd": 5,
    "name": "雫石・慰霊の森",
    "kana": "しずくいし・いれいのもり",
    "address": "〒020-0572 岩手県岩手郡雫石町西安庭第４７地割",
    "prefecture": "岩手県",
    "city": "雫石町",
    "genre": "山・森",
    "status": "現存",
    "phenomena": [
     "男性の霊",
     "心霊写真"
    ],
    "features": [
     "2chオカルト住民",
     "三大心霊スポット"
    ],
    "totalScore": 2010481,
    "nationalRank": 1,
    "prefRank": 1,
    "fearRating": 4.12,
    "ratingCount": 2317,
    "outline": "雫石・慰霊の森とは、岩手県雫石町にある山・森の心霊スポットです。「しずくいし・いれいのもり」と読みます。この場所では男性の幽霊が現れるといった噂があるため心霊スポットと呼ばれています。",
    "comment": "遊び半分では行かないほうがいいです。 実際に多くの人が死を遂げた場所ですから ね。",
    "imageUrl": "https://ghostmap.jp/img/spot/display/20240731162113136.jpeg",
    "sourceUrl": "https://ghostmap.jp/spotdetail.php?spotcd=5"
   }
  },
  {
   "type": "Feature",
   "geometry": {
    "type": "Point",
    "coordinates": [
     140.331366,
     35.575149
    ]
   },
   "properties": {
    "spotcd": 331,
    "name": "ホテル活魚（油井グランドホテル）",
    "kana": "ほてるかつぎょ（ゆいぐらんどほてる）",
    "address": "〒283-0804 千葉県東金市油井２５８ ※関係者以外は立ち入り禁止、無断で入ると不法侵入になります",
    "prefecture": "千葉県",
    "city": "東金市",
    "genre": "ホテル・旅館",
    "status": "現存",
    "phenomena": [
     "女性の霊"
    ],
    "features": [
     "廃墟",
     "千葉県の廃墟"
    ],
    "totalScore": 207848,
    "nationalRank": 2,
    "prefRank": 1,
    "fearRating": 4.1,
    "ratingCount": 1744,
    "outline": "ホテル活魚（油井グランドホテル）とは、千葉県東金市にある廃ホテルの心霊スポット。過去に起きた女子高生拉致殺害事件から、今でもこの廃墟には少女の怨念が心霊現象を引き起こしているとされ、関東最凶の心霊スポットとも囁かれている。",
    "comment": "この前行きました。 グレーの軽自動車に金髪の女の人が周りをウロウロしていて、後をつけられてました。幽霊なのか不審者なのかよく分かりませんが、行く方はどうかお気おつけて",
    "imageUrl": "https://ghostmap.jp/img/spot/display/201409030542200.jpg",
    "sourceUrl": "https://ghostmap.jp/spotdetail.php?spotcd=331"
   }
  },
  {
   "type": "Feature",
   "geometry": {
    "type": "Point",
    "coordinates": [
     130.547324,
     33.676037
    ]
   },
   "properties": {
    "spotcd": 197,
    "name": "旧犬鳴トンネル",
    "kana": "きゅういぬなきとんねる",
    "address": "〒822-0134 福岡県宮若市犬鳴",
    "prefecture": "福岡県",
    "city": "宮若市",
    "genre": "トンネル",
    "status": "現存",
    "phenomena": [
     "男性の霊"
    ],
    "features": [
     "2chオカルト住民"
    ],
    "totalScore": 206709,
    "nationalRank": 3,
    "prefRank": 1,
    "fearRating": 4.18,
    "ratingCount": 1463,
    "outline": "旧犬鳴トンネルとは、福岡県宮若市にあるお化けトンネルです。「きゅういぬなきとんねる」と読みます。この場所では男性の幽霊が現れるといった噂があるため心霊スポットと呼ばれています。",
    "comment": "旧犬鳴トンネルの何が怖いか。 人力では絶対に動かせないコンクリートブロックが、何重も積まれている理由がわからない所。 何も無いのなら、ここまでして人を寄せ付けないようにする、理由がわからない、",
    "imageUrl": "https://ghostmap.jp/img/spot/display/20231227225216304.jpeg",
    "sourceUrl": "https://ghostmap.jp/spotdetail.php?spotcd=197"
   }
  },
  {
   "type": "Feature",
   "geometry": {
    "type": "Point",
    "coordinates": [
     143.547876,
     43.837301
    ]
   },
   "properties": {
    "spotcd": 96,
    "name": "常紋トンネル",
    "kana": "じょうもんとんねる",
    "address": "〒091-0021 北海道北見市留辺蘂町金華",
    "prefecture": "北海道",
    "city": "北見市",
    "genre": "トンネル",
    "status": "現存",
    "phenomena": [
     "男性の霊"
    ],
    "features": [
     "2chオカルト住民"
    ],
    "totalScore": 204714,
    "nationalRank": 4,
    "prefRank": 1,
    "fearRating": 4.14,
    "ratingCount": 1037,
    "outline": "常紋トンネルとは、北海道北見市にあるお化けトンネルです。「じょうもんとんねる」と読みます。この場所では男性の幽霊が現れるといった噂があるため心霊スポットと呼ばれています。",
    "comment": "世の中には酷い奴らもいるものだ。やはり怖いのは幽霊ではなく人間自身でしょ。",
    "imageUrl": "https://ghostmap.jp/img/spot/display/20171211154232312.jpg",
    "sourceUrl": "https://ghostmap.jp/spotdetail.php?spotcd=96"
   }
  },
  {
   "type": "Feature",
   "geometry": {
    "type": "Point",
    "coordinates": [
     140.08561,
     35.878636
    ]
   },
   "properties": {
    "spotcd": 1088,
    "name": "オレンジハウス",
    "kana": "おれんじはうす",
    "address": "〒270-1121 千葉県我孫子市中峠３０８９ ※関係者以外は立ち入り禁止、無断で入ると不法侵入になります",
    "prefecture": "千葉県",
    "city": "我孫子市",
    "genre": "住居",
    "status": "現存",
    "phenomena": [
     "女性の霊",
     "心霊写真"
    ],
    "features": [
     "廃墟",
     "千葉県の廃墟"
    ],
    "totalScore": 203788,
    "nationalRank": 5,
    "prefRank": 2,
    "fearRating": 4.03,
    "ratingCount": 857,
    "outline": "オレンジハウスとは、千葉県我孫子市にある心霊廃墟です。「おれんじはうす」と読みます。この場所では女性の幽霊が現れるといった噂があるため心霊スポットと呼ばれています。",
    "comment": "動画飛ばし飛ばしに見たけどちょっと頭が痛かった 自分そんな事ないのに…",
    "imageUrl": "https://ghostmap.jp/img/spot/display/20170322165908954.jpg",
    "sourceUrl": "https://ghostmap.jp/spotdetail.php?spotcd=1088"
   }
  },
  {
   "type": "Feature",
   "geometry": {
    "type": "Point",
    "coordinates": [
     135.502656,
     34.666402
    ]
   },
   "properties": {
    "spotcd": 126,
    "name": "千日デパート火災現場跡",
    "kana": "せんにちでぱーとかさいげんばあと",
    "address": "〒542-0074 大阪府大阪市中央区千日前２丁目１１−２８ ※関係者以外は立ち入り禁止、無断で入ると不法侵入になります",
    "prefecture": "大阪府",
    "city": "大阪市",
    "genre": "商業施設",
    "status": "現存",
    "phenomena": [
     "女性の霊",
     "心霊写真"
    ],
    "features": [
     "廃墟",
     "大阪府の廃墟"
    ],
    "totalScore": 203320,
    "nationalRank": 6,
    "prefRank": 1,
    "fearRating": 4.16,
    "ratingCount": 728,
    "outline": "千日デパート火災現場跡とは、大阪府大阪市にある心霊廃墟です。「せんにちでぱーとかさいげんばあと」と読みます。この場所では女性の幽霊が現れるといった噂があるため心霊スポットと呼ばれています。",
    "comment": "…何の罪もない人達が火災の事故に巻き込まれて、亡くなった後もずっと苦しみ続けているなんて悲しすぎますね…ご冥福を祈るばかりです…",
    "imageUrl": "https://ghostmap.jp/img/spot/display/20260721145131747.jpeg",
    "sourceUrl": "https://ghostmap.jp/spotdetail.php?spotcd=126"
   }
  },
  {
   "type": "Feature",
   "geometry": {
    "type": "Point",
    "coordinates": [
     141.221496,
     43.053935
    ]
   },
   "properties": {
    "spotcd": 1,
    "name": "平和の滝",
    "kana": "へいわのたき",
    "address": "〒063-0029 北海道札幌市西区平和４３５",
    "prefecture": "北海道",
    "city": "札幌市",
    "genre": "川・滝",
    "status": "現存",
    "phenomena": [
     "正体不明の霊"
    ],
    "features": [
     "三大心霊スポット"
    ],
    "totalScore": 203078,
    "nationalRank": 7,
    "prefRank": 2,
    "fearRating": 3.73,
    "ratingCount": 744,
    "outline": "平和の滝とは、北海道札幌市にあるオバケ川（幽霊滝）です。「へいわのたき」と読みます。この場所では正体不明の幽霊が現れるといった噂があるため心霊スポットと呼ばれています。",
    "comment": "え、最後の写真なんか写りすぎじゃね? めっちゃ飛んでるやん!",
    "imageUrl": "https://ghostmap.jp/img/spot/display/20180619023038605.jpeg",
    "sourceUrl": "https://ghostmap.jp/spotdetail.php?spotcd=1"
   }
  },
  {
   "type": "Feature",
   "geometry": {
    "type": "Point",
    "coordinates": [
     140.852416,
     38.250347
    ]
   },
   "properties": {
    "spotcd": 12,
    "name": "八木山橋",
    "kana": "やぎやまばし",
    "address": "〒982-0011 宮城県仙台市太白区長町越路１９−１",
    "prefecture": "宮城県",
    "city": "仙台市",
    "genre": "橋",
    "status": "現存",
    "phenomena": [
     "女性の霊"
    ],
    "features": [
     "自殺の名所"
    ],
    "totalScore": 202986,
    "nationalRank": 8,
    "prefRank": 1,
    "fearRating": 4.18,
    "ratingCount": 651,
    "outline": "八木山橋とは、宮城県仙台市にある幽霊橋です。「やぎやまばし」と読みます。この場所では女性の幽霊が現れるといった噂があるため心霊スポットと呼ばれています。",
    "comment": "０７年から１１年春まで仙台で留学した外国人ですがあの当時は何にも知らず普通に一人で真夜中にも何回も通ってました。よくも無事で済んだなと思うし逆に母国に戻ってる今あの頃思い出すとビクビクする。",
    "imageUrl": "https://ghostmap.jp/img/spot/display/20190418202543305.JPG",
    "sourceUrl": "https://ghostmap.jp/spotdetail.php?spotcd=12"
   }
  },
  {
   "type": "Feature",
   "geometry": {
    "type": "Point",
    "coordinates": [
     139.863919,
     35.862177
    ]
   },
   "properties": {
    "spotcd": 236,
    "name": "新三郷のトンネル",
    "kana": "しんみさとのとんねる",
    "address": "〒341-0009 埼玉県三郷市新三郷ららシティ３丁目２−１",
    "prefecture": "埼玉県",
    "city": "三郷市",
    "genre": "トンネル",
    "status": "現存",
    "phenomena": [
     "女性の霊"
    ],
    "features": [
     "2chオカルト住民"
    ],
    "totalScore": 202858,
    "nationalRank": 9,
    "prefRank": 1,
    "fearRating": 3.62,
    "ratingCount": 711,
    "outline": "新三郷のトンネルとは、埼玉県三郷市にあるお化けトンネルです。「しんみさとのとんねる」と読みます。この場所では女性の幽霊が現れるといった噂があるため心霊スポットと呼ばれています。",
    "comment": "ここのトンネルは采女ガード(うねめがーど)という名前だそうです。 吉川寄りのほうが僕は怖いと思いますお花も置いてあったし。",
    "imageUrl": "https://ghostmap.jp/img/spot/display/20230603092248497.jpeg",
    "sourceUrl": "https://ghostmap.jp/spotdetail.php?spotcd=236"
   }
  },
  {
   "type": "Feature",
   "geometry": {
    "type": "Point",
    "coordinates": [
     139.253012,
     35.653132
    ]
   },
   "properties": {
    "spotcd": 196,
    "name": "八王子城跡",
    "kana": "はちおうじじょうあと",
    "address": "〒193-0826 東京都八王子市元八王子町３丁目２７３５",
    "prefecture": "東京都",
    "city": "八王子市",
    "genre": "公園・城跡",
    "status": "現存",
    "phenomena": [
     "女性の霊"
    ],
    "features": [
     "2chオカルト住民",
     "心霊スポット巡礼ツアー"
    ],
    "totalScore": 202768,
    "nationalRank": 10,
    "prefRank": 1,
    "fearRating": 4.26,
    "ratingCount": 594,
    "outline": "八王子城跡とは、東京都八王子市にある公園・城跡の心霊スポットです。「はちおうじじょうあと」と読みます。この場所では女性の幽霊が現れるといった噂があるため心霊スポットと呼ばれています。",
    "comment": "地元民です。マジで気味悪い。",
    "imageUrl": "https://ghostmap.jp/img/spot/display/20230320012312458.JPG",
    "sourceUrl": "https://ghostmap.jp/spotdetail.php?spotcd=196"
   }
  },
  {
   "type": "Feature",
   "geometry": {
    "type": "Point",
    "coordinates": [
     132.681857,
     34.271658
    ]
   },
   "properties": {
    "spotcd": 1624,
    "name": "魔女の館",
    "kana": "まじょのやかた",
    "address": "〒737-2508 広島県呉市安浦町大字中畑５０９−８８ ※関係者以外は立ち入り禁止、無断で入ると不法侵入になります",
    "prefecture": "広島県",
    "city": "呉市",
    "genre": "ホテル・旅館",
    "status": "現存",
    "phenomena": [
     "女性の霊"
    ],
    "features": [
     "廃墟",
     "広島県の廃墟"
    ],
    "totalScore": 202689,
    "nationalRank": 11,
    "prefRank": 1,
    "fearRating": 4.18,
    "ratingCount": 587,
    "outline": "魔女の館とは、広島県呉市にある心霊廃墟です。「まじょのやかた」と読みます。この場所では女性の幽霊が現れるといった噂があるため心霊スポットと呼ばれています。",
    "comment": "とある会社が社員の慰安目的で建設した物件。普通の廃墟。",
    "imageUrl": "https://ghostmap.jp/img/spot/display/20240104023604675.JPG",
    "sourceUrl": "https://ghostmap.jp/spotdetail.php?spotcd=1624"
   }
  },
  {
   "type": "Feature",
   "geometry": {
    "type": "Point",
    "coordinates": [
     139.217812,
     35.53308
    ]
   },
   "properties": {
    "spotcd": 205,
    "name": "虹の大橋",
    "kana": "にじのおおはし",
    "address": "神奈川県相模原市鳥屋県道64号線",
    "prefecture": "神奈川県",
    "city": "相模原市",
    "genre": "橋",
    "status": "現存",
    "phenomena": [
     "女性の霊",
     "声",
     "心霊写真"
    ],
    "features": [
     "2chオカルト住民",
     "自殺の名所"
    ],
    "totalScore": 202598,
    "nationalRank": 12,
    "prefRank": 1,
    "fearRating": 3.84,
    "ratingCount": 612,
    "outline": "虹の大橋は、神奈川県相模原市の宮ヶ瀬湖に架かる橋の心霊スポットです。景色の良いドライブコースとして知られる一方で自殺の名所にもなっており、橋には高いフェンスが設置されています。女性の霊が現れるという噂があり、夜は肝試しで訪れる人もいる有名スポットです。",
    "comment": "自殺志願者が集まる自殺の名所として有名な橋。 自殺者が一向に後を絶たないため２メートルほどもあるフェンスを設けている。 容易に飛び越えられないようにするためだろうがさほど効果はなさそうだ。",
    "imageUrl": "https://ghostmap.jp/img/spot/display/20230713220909301.jpeg",
    "sourceUrl": "https://ghostmap.jp/spotdetail.php?spotcd=205"
   }
  },
  {
   "type": "Feature",
   "geometry": {
    "type": "Point",
    "coordinates": [
     139.761114,
     36.226883
    ]
   },
   "properties": {
    "spotcd": 188,
    "name": "旧野木病院",
    "kana": "きゅうのぎびょういん",
    "address": "〒329-0104 栃木県下都賀郡野木町佐川野１９０ ※関係者以外は立ち入り禁止、無断で入ると不法侵入になります",
    "prefecture": "栃木県",
    "city": "野木町",
    "genre": "病院",
    "status": "現存",
    "phenomena": [
     "女性の霊"
    ],
    "features": [
     "2chオカルト住民",
     "廃墟",
     "栃木県の廃墟"
    ],
    "totalScore": 202320,
    "nationalRank": 13,
    "prefRank": 1,
    "fearRating": 3.56,
    "ratingCount": 585,
    "outline": "旧野木病院とは、栃木県野木町にある廃病院の心霊スポットです。かつては栃木三大廃病院の一つとして知られ、精神科病院の閉院後に老人ホームへの改装が中断されて廃墟化した。白装束の集団や女性の霊が現れるという噂があります。",
    "comment": "心霊写真撮れた",
    "imageUrl": "https://ghostmap.jp/img/spot/display/20240928114321228.jpeg",
    "sourceUrl": "https://ghostmap.jp/spotdetail.php?spotcd=188"
   }
  },
  {
   "type": "Feature",
   "geometry": {
    "type": "Point",
    "coordinates": [
     138.892066,
     35.941982
    ]
   },
   "properties": {
    "spotcd": 498,
    "name": "秩父湖に架かる吊り橋",
    "kana": "ちちぶこにかかるつりばし",
    "address": "〒369-1901 埼玉県秩父市大滝 国道140号線",
    "prefecture": "埼玉県",
    "city": "秩父市",
    "genre": "橋",
    "status": "現存",
    "phenomena": [
     "女性の霊"
    ],
    "features": [
     "稲川淳二",
     "自殺の名所"
    ],
    "totalScore": 202284,
    "nationalRank": 14,
    "prefRank": 2,
    "fearRating": 4.05,
    "ratingCount": 513,
    "outline": "秩父湖に架かる吊り橋とは、埼玉県秩父市にある幽霊橋です。「ちちぶこにかかるつりばし」と読みます。この場所では女性の幽霊が現れるといった噂があるため心霊スポットと呼ばれています。",
    "comment": "稲川淳二のビデオの釣り橋は、ここではなく大洞川つり橋だと思います。",
    "imageUrl": "https://ghostmap.jp/img/spot/display/20220503213227703.jpeg",
    "sourceUrl": "https://ghostmap.jp/spotdetail.php?spotcd=498"
   }
  },
  {
   "type": "Feature",
   "geometry": {
    "type": "Point",
    "coordinates": [
     138.198547,
     36.846397
    ]
   },
   "properties": {
    "spotcd": 461,
    "name": "ホテルセリーヌ",
    "kana": "ほてるせりーぬ",
    "address": "〒389-1303 長野県上水内郡信濃町野尻３６３５ ※関係者以外は立ち入り禁止、無断で入ると不法侵入になります",
    "prefecture": "長野県",
    "city": "信濃町",
    "genre": "ホテル・旅館",
    "status": "現存",
    "phenomena": [
     "女性の霊",
     "心霊写真"
    ],
    "features": [
     "廃墟",
     "長野県の廃墟"
    ],
    "totalScore": 202243,
    "nationalRank": 15,
    "prefRank": 1,
    "fearRating": 4.01,
    "ratingCount": 508,
    "outline": "ホテルセリーヌとは、長野県信濃町にある心霊廃墟です。「ほてるせりーぬ」と読みます。この場所では女性の幽霊が現れるといった噂があるため心霊スポットと呼ばれています。",
    "comment": "あの不気味な妊婦の絵ってまだ現存してる？ 廃墟を荒らしたり放火する単細胞の奴らは氏ねと思うね。",
    "imageUrl": "https://ghostmap.jp/img/spot/display/20230319232905101.JPG",
    "sourceUrl": "https://ghostmap.jp/spotdetail.php?spotcd=461"
   }
  },
  {
   "type": "Feature",
   "geometry": {
    "type": "Point",
    "coordinates": [
     137.430368,
     35.172854
    ]
   },
   "properties": {
    "spotcd": 110,
    "name": "旧伊勢神トンネル",
    "kana": "きゅういせがみとんねる",
    "address": "〒444-2602 愛知県豊田市連谷町石神１３",
    "prefecture": "愛知県",
    "city": "豊田市",
    "genre": "トンネル",
    "status": "現存",
    "phenomena": [
     "女性の霊",
     "声"
    ],
    "features": [
     "2chオカルト住民",
     "宜保愛子"
    ],
    "totalScore": 202087,
    "nationalRank": 16,
    "prefRank": 1,
    "fearRating": 3.58,
    "ratingCount": 525,
    "outline": "旧伊勢神トンネルとは、愛知県豊田市にあるお化けトンネルです。「きゅういせがみとんねる」と読みます。この場所では女性の幽霊が現れるといった噂があるため心霊スポットと呼ばれています。",
    "comment": "霊障が濃い。トンネル内の目立つオーブは複数居るうちのリーダー格。撮影者を威嚇しているように思います",
    "imageUrl": "https://ghostmap.jp/img/spot/display/20221217184246561.jpg",
    "sourceUrl": "https://ghostmap.jp/spotdetail.php?spotcd=110"
   }
  },
  {
   "type": "Feature",
   "geometry": {
    "type": "Point",
    "coordinates": [
     140.258132,
     37.65945
    ]
   },
   "properties": {
    "spotcd": 448,
    "name": "横向温泉ロッジ",
    "kana": "よこむきおんせんろっじ",
    "address": "〒969-2751 福島県耶麻郡猪苗代町若宮 県道30号線 ※関係者以外は立ち入り禁止、無断で入ると不法侵入になります",
    "prefecture": "福島県",
    "city": "猪苗代町",
    "genre": "ホテル・旅館",
    "status": "現存",
    "phenomena": [
     "少年の霊"
    ],
    "features": [
     "稲川淳二",
     "廃墟",
     "福島県の廃墟"
    ],
    "totalScore": 201840,
    "nationalRank": 17,
    "prefRank": 1,
    "fearRating": 3.85,
    "ratingCount": 432,
    "outline": "横向温泉ロッジとは、福島県猪苗代町にある心霊廃墟です。「よこむきおんせんろっじ」と読みます。この場所では少年の幽霊が現れるといった噂があるため心霊スポットと呼ばれています。",
    "comment": "祖母と母と一緒に行き、母だけ地下の入り口まで覗いたらしいですが、地下だけ雰囲気が違ったらしく、幽霊を信じない母が急いで戻ってきました。",
    "imageUrl": "https://ghostmap.jp/img/spot/display/20170707014030308.jpg",
    "sourceUrl": "https://ghostmap.jp/spotdetail.php?spotcd=448"
   }
  },
  {
   "type": "Feature",
   "geometry": {
    "type": "Point",
    "coordinates": [
     139.293807,
     35.84497
    ]
   },
   "properties": {
    "spotcd": 237,
    "name": "畑トンネル",
    "kana": "はたとんねる",
    "address": "〒357-0052 埼玉県飯能市下畑７６８",
    "prefecture": "埼玉県",
    "city": "飯能市",
    "genre": "トンネル",
    "status": "現存",
    "phenomena": [
     "老婆の霊"
    ],
    "features": [
     "2chオカルト住民"
    ],
    "totalScore": 201822,
    "nationalRank": 18,
    "prefRank": 3,
    "fearRating": 3.8,
    "ratingCount": 433,
    "outline": "畑トンネルとは、埼玉県飯能市にあるお化けトンネルです。「はたとんねる」と読みます。この場所では老婆の幽霊が現れるといった噂があるため心霊スポットと呼ばれています。",
    "comment": "うめき声、物音、足音が聞こえました あと夏の9時くらいに行ったのに 吐息が白かった",
    "imageUrl": "https://ghostmap.jp/img/spot/display/20220115171541105.jpeg",
    "sourceUrl": "https://ghostmap.jp/spotdetail.php?spotcd=237"
   }
  },
  {
   "type": "Feature",
   "geometry": {
    "type": "Point",
    "coordinates": [
     130.552522,
     31.178267
    ]
   },
   "properties": {
    "spotcd": 152,
    "name": "開聞トンネル",
    "kana": "かいもんとんねる",
    "address": "〒891-0602 鹿児島県指宿市開聞川尻６７４３",
    "prefecture": "鹿児島県",
    "city": "指宿市",
    "genre": "トンネル",
    "status": "現存",
    "phenomena": [
     "女性の霊"
    ],
    "features": [
     "自殺の名所"
    ],
    "totalScore": 201804,
    "nationalRank": 19,
    "prefRank": 1,
    "fearRating": 3.95,
    "ratingCount": 414,
    "outline": "開聞トンネルとは、鹿児島県指宿市にあるお化けトンネルです。「かいもんとんねる」と読みます。この場所では女性の幽霊が現れるといった噂があるため心霊スポットと呼ばれています。",
    "comment": "朝に原付で行ったけど普通に暗くて怖かった(´；ω；`)",
    "imageUrl": "https://ghostmap.jp/img/spot/display/20190503103935105.jpeg",
    "sourceUrl": "https://ghostmap.jp/spotdetail.php?spotcd=152"
   }
  },
  {
   "type": "Feature",
   "geometry": {
    "type": "Point",
    "coordinates": [
     137.98914,
     36.268858
    ]
   },
   "properties": {
    "spotcd": 25,
    "name": "人肉館",
    "kana": "じんにくかん",
    "address": "〒390-0303 長野県松本市浅間温泉３丁目２５−１７ ※関係者以外は立ち入り禁止、無断で入ると不法侵入になります",
    "prefecture": "長野県",
    "city": "松本市",
    "genre": "商業施設",
    "status": "現存",
    "phenomena": [
     "男性の霊"
    ],
    "features": [
     "廃墟",
     "長野県の廃墟"
    ],
    "totalScore": 201754,
    "nationalRank": 20,
    "prefRank": 2,
    "fearRating": 3.56,
    "ratingCount": 442,
    "outline": "人肉館とは、長野県松本市にある心霊廃墟です。「じんにくかん」と読みます。この場所では男性の幽霊が現れるといった噂があるため心霊スポットと呼ばれています。",
    "comment": "そういう事実も含めた上で談話してるのに、 何を真顔で指摘してるのやら～ ┐(´ｰ｀)┌",
    "imageUrl": "https://ghostmap.jp/img/spot/display/20170829005149644.JPG",
    "sourceUrl": "https://ghostmap.jp/spotdetail.php?spotcd=25"
   }
  },
  {
   "type": "Feature",
   "geometry": {
    "type": "Point",
    "coordinates": [
     140.077165,
     35.151971
    ]
   },
   "properties": {
    "spotcd": 495,
    "name": "金山ダム",
    "kana": "かなやまだむ",
    "address": "〒296-0035 千葉県鴨川市打墨２３５９",
    "prefecture": "千葉県",
    "city": "鴨川市",
    "genre": "湖（池）・ダム",
    "status": "現存",
    "phenomena": [
     "女性の霊"
    ],
    "features": [
     "稲川淳二"
    ],
    "totalScore": 201729,
    "nationalRank": 21,
    "prefRank": 3,
    "fearRating": 4.15,
    "ratingCount": 380,
    "outline": "金山ダムとは、千葉県鴨川市にある湖（池）・ダムの心霊スポットです。「かなやまだむ」と読みます。この場所では女性の幽霊が現れるといった噂があるため心霊スポットと呼ばれています。",
    "comment": ">>10 それ別物やで バイク乗りが自殺したのは北海道空知郡南富良野町の金山ダム",
    "imageUrl": "https://ghostmap.jp/img/spot/display/20220702131729332.jpeg",
    "sourceUrl": "https://ghostmap.jp/spotdetail.php?spotcd=495"
   }
  },
  {
   "type": "Feature",
   "geometry": {
    "type": "Point",
    "coordinates": [
     136.454873,
     35.017866
    ]
   },
   "properties": {
    "spotcd": 288,
    "name": "鶯花荘寮",
    "kana": "おうかそうりょう",
    "address": "〒510-1233 三重県三重郡菰野町菰野８４９２−４ ※関係者以外は立ち入り禁止、無断で入ると不法侵入になります",
    "prefecture": "三重県",
    "city": "菰野町",
    "genre": "ホテル・旅館",
    "status": "現存",
    "phenomena": [
     "男性の霊"
    ],
    "features": [
     "廃墟",
     "三重県の廃墟"
    ],
    "totalScore": 201724,
    "nationalRank": 22,
    "prefRank": 1,
    "fearRating": 3.81,
    "ratingCount": 410,
    "outline": "鶯花荘寮とは、三重県菰野町にある心霊廃墟です。「おうかそうりょう」と読みます。この場所では男性の幽霊が現れるといった噂があるため心霊スポットと呼ばれています。",
    "comment": "鶯花荘と鶯花荘寮があるみたいですね。 寮の方では死体が発見されたりやばいみたいですが、話が本館と寮のものは混ざってると思います。",
    "imageUrl": "https://ghostmap.jp/img/spot/display/20241025115026960.jpeg",
    "sourceUrl": "https://ghostmap.jp/spotdetail.php?spotcd=288"
   }
  },
  {
   "type": "Feature",
   "geometry": {
    "type": "Point",
    "coordinates": [
     139.248541,
     35.816328
    ]
   },
   "properties": {
    "spotcd": 6,
    "name": "旧吹上トンネル",
    "kana": "きゅうふきあげとんねる",
    "address": "東京都青梅市 成木街道",
    "prefecture": "東京都",
    "city": "青梅市",
    "genre": "トンネル",
    "status": "現存",
    "phenomena": [
     "女性の霊"
    ],
    "features": [
     "2chオカルト住民"
    ],
    "totalScore": 201656,
    "nationalRank": 23,
    "prefRank": 2,
    "fearRating": 3.58,
    "ratingCount": 416,
    "outline": "旧吹上トンネルとは、東京都青梅市にあるお化けトンネルです。「きゅうふきあげとんねる」と読みます。この場所では女性の幽霊が現れるといった噂があるため心霊スポットと呼ばれています。",
    "comment": "宮崎が捕まったのはここではありません 死体遺棄も殺害もここでしていません",
    "imageUrl": "https://ghostmap.jp/img/spot/display/20240527195150519.jpeg",
    "sourceUrl": "https://ghostmap.jp/spotdetail.php?spotcd=6"
   }
  },
  {
   "type": "Feature",
   "geometry": {
    "type": "Point",
    "coordinates": [
     137.859556,
     37.02
    ]
   },
   "properties": {
    "spotcd": 661,
    "name": "姫川病院",
    "kana": "ひめかわびょういん",
    "address": "〒941-0071 新潟県糸魚川市大野２９０ ※関係者以外は立ち入り禁止、無断で入ると不法侵入になります",
    "prefecture": "新潟県",
    "city": "糸魚川市",
    "genre": "病院",
    "status": "現存",
    "phenomena": [
     "女性の霊",
     "足音",
     "声"
    ],
    "features": [
     "廃墟",
     "新潟県の廃墟"
    ],
    "totalScore": 201621,
    "nationalRank": 24,
    "prefRank": 1,
    "fearRating": 3.92,
    "ratingCount": 376,
    "outline": "姫川病院とは、新潟県糸魚川市にある心霊廃墟です。「ひめかわびょういん」と読みます。この場所では女性の幽霊が現れるといった噂があるため心霊スポットと呼ばれています。",
    "comment": "霊安室では残酷な事件が起きてなくただ単に遺体を置くだけのところなのにどうして助けてっていう声が聞こえてくるんですかねw",
    "imageUrl": "https://ghostmap.jp/img/spot/display/20160214130706749.jpg",
    "sourceUrl": "https://ghostmap.jp/spotdetail.php?spotcd=661"
   }
  },
  {
   "type": "Feature",
   "geometry": {
    "type": "Point",
    "coordinates": [
     139.251304,
     35.382444
    ]
   },
   "properties": {
    "spotcd": 98,
    "name": "旧善波トンネル",
    "kana": "きゅうぜんばとんねる",
    "address": "〒257-0024 神奈川県秦野市名古木１０２３",
    "prefecture": "神奈川県",
    "city": "秦野市",
    "genre": "トンネル",
    "status": "現存",
    "phenomena": [
     "少年の霊"
    ],
    "features": [
     "2chオカルト住民"
    ],
    "totalScore": 201605,
    "nationalRank": 25,
    "prefRank": 2,
    "fearRating": 3.69,
    "ratingCount": 392,
    "outline": "旧善波トンネルとは、神奈川県秦野市にあるお化けトンネルです。「きゅうぜんばとんねる」と読みます。この場所では少年の幽霊が現れるといった噂があるため心霊スポットと呼ばれています。",
    "comment": "もう死なないで順平 いや〜、ほならね、自分が事故にあってみろって話でしょ？私はそう言いたい",
    "imageUrl": "https://ghostmap.jp/img/spot/display/201403091404150.JPG",
    "sourceUrl": "https://ghostmap.jp/spotdetail.php?spotcd=98"
   }
  },
  {
   "type": "Feature",
   "geometry": {
    "type": "Point",
    "coordinates": [
     139.491415,
     35.804203
    ]
   },
   "properties": {
    "spotcd": 245,
    "name": "桜木神社",
    "kana": "さくらぎじんじゃ",
    "address": "〒359-0031 埼玉県所沢市下新井 桜木神社",
    "prefecture": "埼玉県",
    "city": "所沢市",
    "genre": "神社・寺",
    "status": "現存",
    "phenomena": [
     "女性の霊"
    ],
    "features": [
     "神隠し"
    ],
    "totalScore": 201567,
    "nationalRank": 26,
    "prefRank": 4,
    "fearRating": 3.85,
    "ratingCount": 368,
    "outline": "桜木神社とは、埼玉県所沢市にある幽霊神社（幽霊寺）です。「さくらぎじんじゃ」と読みます。この場所では女性の幽霊が現れるといった噂があるため心霊スポットと呼ばれています。",
    "comment": "先ほど行ってきましたが、主さん同じく１枚だけ変な写真が撮れました。フラッシュをたいた写真なのに何も写ってなくて端だけ少し赤とオレンジで混ざっていました。。。",
    "imageUrl": "https://ghostmap.jp/img/spot/display/20230206194439416.jpeg",
    "sourceUrl": "https://ghostmap.jp/spotdetail.php?spotcd=245"
   }
  },
  {
   "type": "Feature",
   "geometry": {
    "type": "Point",
    "coordinates": [
     131.982222,
     34.003853
    ]
   },
   "properties": {
    "spotcd": 227,
    "name": "七つの家",
    "kana": "ななつのいえ",
    "address": "〒743-0062 山口県光市立野 県道23号線 ※関係者以外は立ち入り禁止、無断で入ると不法侵入になります",
    "prefecture": "山口県",
    "city": "光市",
    "genre": "住居",
    "status": "現存",
    "phenomena": [
     "少年の霊"
    ],
    "features": [
     "廃墟",
     "山口県の廃墟"
    ],
    "totalScore": 201550,
    "nationalRank": 27,
    "prefRank": 1,
    "fearRating": 3.38,
    "ratingCount": 409,
    "outline": "七つの家とは、山口県光市にある心霊廃墟です。「ななつのいえ」と読みます。この場所では少年の幽霊が現れるといった噂があるため心霊スポットと呼ばれています。",
    "comment": "廃棄されたって事はやっぱりそれなりの理由があったんだろうな ヤバイ場所なのだろう",
    "imageUrl": "https://ghostmap.jp/img/spot/display/201312112221120.jpg",
    "sourceUrl": "https://ghostmap.jp/spotdetail.php?spotcd=227"
   }
  },
  {
   "type": "Feature",
   "geometry": {
    "type": "Point",
    "coordinates": [
     140.414649,
     36.144949
    ]
   },
   "properties": {
    "spotcd": 238,
    "name": "小美玉小川脳病院",
    "kana": "おみたまおがわのうびょういん",
    "address": "〒311-3417 茨城県小美玉市倉数１３３６ ※関係者以外は立ち入り禁止、無断で入ると不法侵入になります",
    "prefecture": "茨城県",
    "city": "小美玉市",
    "genre": "病院",
    "status": "現存",
    "phenomena": [
     "女性の霊",
     "声"
    ],
    "features": [
     "2chオカルト住民",
     "廃墟",
     "茨城県の廃墟"
    ],
    "totalScore": 201549,
    "nationalRank": 28,
    "prefRank": 1,
    "fearRating": 3.77,
    "ratingCount": 371,
    "outline": "小美玉小川脳病院とは、茨城県小美玉市にある心霊廃墟です。「おみたまおがわのうびょういん」と読みます。この場所では女性の幽霊が現れるといった噂があるため心霊スポットと呼ばれています。",
    "comment": "隣人の家に迷惑をかけないでくださいあそこは実は入院患者1人もいなかったらしいですw近所の人に笑われましたw",
    "imageUrl": "https://ghostmap.jp/img/spot/display/201402112316560.jpg",
    "sourceUrl": "https://ghostmap.jp/spotdetail.php?spotcd=238"
   }
  },
  {
   "type": "Feature",
   "geometry": {
    "type": "Point",
    "coordinates": [
     139.075372,
     35.164761
    ]
   },
   "properties": {
    "spotcd": 102,
    "name": "しとどの巌",
    "kana": "しとどのいわや",
    "address": "〒259-0314 神奈川県足柄下郡湯河原町宮上 椿ライン",
    "prefecture": "神奈川県",
    "city": "湯河原町",
    "genre": "その他",
    "status": "現存",
    "phenomena": [
     "女性の霊"
    ],
    "features": [
     "2chオカルト住民"
    ],
    "totalScore": 201543,
    "nationalRank": 29,
    "prefRank": 3,
    "fearRating": 3.88,
    "ratingCount": 360,
    "outline": "しとどの巌とは、神奈川県湯河原町にあるその他の心霊スポットです。「しとどのいわや」と読みます。この場所では女性の幽霊が現れるといった噂があるため心霊スポットと呼ばれています。",
    "comment": "心霊スポットとして知られているんですね。 私は日中にしか行ったことないので観光名所と認識していました。 日中は観光地だけど夜行くだけで怖さに転じる人間の感性って面白いですね。",
    "imageUrl": "https://ghostmap.jp/img/spot/display/20171107182011193.jpeg",
    "sourceUrl": "https://ghostmap.jp/spotdetail.php?spotcd=102"
   }
  },
  {
   "type": "Feature",
   "geometry": {
    "type": "Point",
    "coordinates": [
     139.485769,
     35.566715
    ]
   },
   "properties": {
    "spotcd": 243,
    "name": "緑山峠",
    "kana": "みどりやまとうげ",
    "address": "〒227-0036 神奈川県横浜市青葉区奈良町２０６５",
    "prefecture": "神奈川県",
    "city": "横浜市",
    "genre": "道・峠",
    "status": "現存",
    "phenomena": [
     "女性の霊"
    ],
    "features": [
     "心霊スポット巡礼ツアー"
    ],
    "totalScore": 201485,
    "nationalRank": 30,
    "prefRank": 4,
    "fearRating": 4.18,
    "ratingCount": 325,
    "outline": "緑山峠とは、神奈川県横浜市にある道・峠の心霊スポットです。「みどりやまとうげ」と読みます。この場所では女性の幽霊が現れるといった噂があるため心霊スポットと呼ばれています。",
    "comment": "ここは２０年以上昔に走り屋のチーム「ファントム」のリーダーが事故死した場所。 事故原因が警察車両をよけるために反対車線によけて対向車と衝突。 チームのみんなが建てた小さな供養塔が現場に今もあります。",
    "imageUrl": "https://ghostmap.jp/img/spot/display/201403091448150.JPG",
    "sourceUrl": "https://ghostmap.jp/spotdetail.php?spotcd=243"
   }
  },
  {
   "type": "Feature",
   "geometry": {
    "type": "Point",
    "coordinates": [
     140.058996,
     37.546721
    ]
   },
   "properties": {
    "spotcd": 222,
    "name": "翁島ペンション（幽霊ペンション）",
    "kana": "おきなじまぺんしょん（ゆうれいぺんしょん）",
    "address": "〒969-3286 福島県耶麻郡猪苗代町磐根大神１６５２−２２ ※関係者以外は立ち入り禁止、無断で入ると不法侵入になります",
    "prefecture": "福島県",
    "city": "猪苗代町",
    "genre": "住居",
    "status": "現存",
    "phenomena": [
     "女性の霊"
    ],
    "features": [
     "2chオカルト住民",
     "廃墟",
     "福島県の廃墟"
    ],
    "totalScore": 201458,
    "nationalRank": 31,
    "prefRank": 2,
    "fearRating": 3.42,
    "ratingCount": 381,
    "outline": "翁島ペンション（幽霊ペンション）とは、福島県猪苗代町にある心霊廃墟です。「おきなじまぺんしょん（ゆうれいぺんしょん）」と読みます。この場所では女性の幽霊が現れるといった噂があるため心霊スポットと呼ばれています。",
    "comment": "ここで撮影したら写ってしまいました合成ではありません",
    "imageUrl": "https://ghostmap.jp/img/spot/display/20170707014250895.jpg",
    "sourceUrl": "https://ghostmap.jp/spotdetail.php?spotcd=222"
   }
  },
  {
   "type": "Feature",
   "geometry": {
    "type": "Point",
    "coordinates": [
     140.757348,
     40.727308
    ]
   },
   "properties": {
    "spotcd": 405,
    "name": "杉沢村",
    "kana": "すぎさわむら",
    "address": "〒030-0144 青森県青森市大別内山吹１１７ ※関係者以外は立ち入り禁止、無断で入ると不法侵入になります",
    "prefecture": "青森県",
    "city": "青森市",
    "genre": "村・集落",
    "status": "現存",
    "phenomena": [
     "男性の霊"
    ],
    "features": [
     "廃墟",
     "青森県の廃墟"
    ],
    "totalScore": 201439,
    "nationalRank": 32,
    "prefRank": 1,
    "fearRating": 3.85,
    "ratingCount": 338,
    "outline": "杉沢村とは、青森県青森市にある心霊廃墟です。「すぎさわむら」と読みます。この場所では男性の幽霊が現れるといった噂があるため心霊スポットと呼ばれています。",
    "comment": "一番笑えるのが「一度入ったら二度と出られない」「一度入ったら生きては戻れない」だよな？それじゃ一体どうやって村の中の状況が分かるんだよ✨",
    "imageUrl": "https://ghostmap.jp/img/spot/display/201411272127160.jpg",
    "sourceUrl": "https://ghostmap.jp/spotdetail.php?spotcd=405"
   }
  },
  {
   "type": "Feature",
   "geometry": {
    "type": "Point",
    "coordinates": [
     137.106852,
     35.308196
    ]
   },
   "properties": {
    "spotcd": 231,
    "name": "古虎渓ハウス",
    "kana": "ここけいはうす",
    "address": "〒507-0814 岐阜県多治見市市之倉町１３丁目 県道387号線 ※関係者以外は立ち入り禁止、無断で入ると不法侵入になります",
    "prefecture": "岐阜県",
    "city": "多治見市",
    "genre": "ホテル・旅館",
    "status": "現存",
    "phenomena": [
     "女性の霊",
     "声"
    ],
    "features": [
     "廃墟",
     "岐阜県の廃墟"
    ],
    "totalScore": 201414,
    "nationalRank": 33,
    "prefRank": 1,
    "fearRating": 3.67,
    "ratingCount": 347,
    "outline": "古虎渓ハウスとは、岐阜県多治見市にある心霊廃墟です。「ここけいはうす」と読みます。この場所では女性の幽霊が現れるといった噂があるため心霊スポットと呼ばれています。",
    "comment": "近所に住んでます。 古虎渓ハウスではなく、９の方が言う古民家の方がヤバイです。",
    "imageUrl": "https://ghostmap.jp/img/spot/display/20171015145932631.jpg",
    "sourceUrl": "https://ghostmap.jp/spotdetail.php?spotcd=231"
   }
  },
  {
   "type": "Feature",
   "geometry": {
    "type": "Point",
    "coordinates": [
     138.820687,
     37.792157
    ]
   },
   "properties": {
    "spotcd": 24,
    "name": "ホワイトハウス",
    "kana": "ほわいとはうす",
    "address": "〒953-0011 新潟県新潟市西蒲区角田浜 越後七浦シーサイドライン ※関係者以外は立ち入り禁止、無断で入ると不法侵入になります",
    "prefecture": "新潟県",
    "city": "新潟市",
    "genre": "住居",
    "status": "現存",
    "phenomena": [
     "女性の霊"
    ],
    "features": [
     "廃墟",
     "新潟県の廃墟"
    ],
    "totalScore": 201396,
    "nationalRank": 34,
    "prefRank": 2,
    "fearRating": 3.64,
    "ratingCount": 345,
    "outline": "ホワイトハウスとは、新潟県新潟市にある心霊廃墟です。「ほわいとはうす」と読みます。この場所では女性の幽霊が現れるといった噂があるため心霊スポットと呼ばれています。",
    "comment": "この写真グルチャで見せたら 睨んでますよ これはマジでお祓いしてもらわないといけないレベルのものなので注意して下さいとか言われましたw 目みたいなのあるみたいです",
    "imageUrl": "https://ghostmap.jp/img/spot/display/20240908003602437.jpg",
    "sourceUrl": "https://ghostmap.jp/spotdetail.php?spotcd=24"
   }
  },
  {
   "type": "Feature",
   "geometry": {
    "type": "Point",
    "coordinates": [
     139.265828,
     35.455291
    ]
   },
   "properties": {
    "spotcd": 358,
    "name": "山神トンネル",
    "kana": "やまのかみとんねる",
    "address": "〒243-0121 神奈川県厚木市七沢",
    "prefecture": "神奈川県",
    "city": "厚木市",
    "genre": "トンネル",
    "status": "現存",
    "phenomena": [
     "男性の霊",
     "足音"
    ],
    "features": [
     "神隠し",
     "キャンプ場"
    ],
    "totalScore": 201361,
    "nationalRank": 35,
    "prefRank": 5,
    "fearRating": 3.62,
    "ratingCount": 338,
    "outline": "山神トンネルは神奈川県厚木市七沢にある山中のトンネルです。山神隧道とも呼ばれ、建設中に亡くなった作業員の霊やトンネル内で聞こえる足音、神隠しにまつわる噂があります。不動尻キャンプ場跡方面へ続く道中にあり、夜は肝試しスポットとしても知られています。",
    "comment": "去年、夜中1人で突入した。灯はスマホのライトのみ。 最初はすげー怖かったけど急に腹痛くなって思わず屁こいたら 怖くなくなって、自分の屁の音にツボって1人笑いながら行って戻ってきたわ。",
    "imageUrl": "https://ghostmap.jp/img/spot/display/20190209153531571.jpeg",
    "sourceUrl": "https://ghostmap.jp/spotdetail.php?spotcd=358"
   }
  },
  {
   "type": "Feature",
   "geometry": {
    "type": "Point",
    "coordinates": [
     139.593443,
     35.517505
    ]
   },
   "properties": {
    "spotcd": 1473,
    "name": "ビジネスホテルトロピカル",
    "kana": "びじねすほてるとろぴかる",
    "address": "〒224-0044 神奈川県横浜市都筑区川向町６５１−１ ※関係者以外は立ち入り禁止、無断で入ると不法侵入になります",
    "prefecture": "神奈川県",
    "city": "横浜市",
    "genre": "ホテル・旅館",
    "status": "現存",
    "phenomena": [
     "女性の霊",
     "足音",
     "人影"
    ],
    "features": [
     "廃墟",
     "神奈川県の廃墟",
     "心霊スポット巡礼ツアー"
    ],
    "totalScore": 201336,
    "nationalRank": 36,
    "prefRank": 6,
    "fearRating": 3.82,
    "ratingCount": 316,
    "outline": "ビジネスホテルトロピカルとは、神奈川県横浜市にある心霊廃墟です。「びじねすほてるとろぴかる」と読みます。この場所では女性の幽霊が現れるといった噂があるため心霊スポットと呼ばれています。",
    "comment": "崎陽軒工場の横だね。大昔の廃業と思いきや看板にwi-fi利用可能の旨があったから意外と最近まで営業していた...？",
    "imageUrl": "https://ghostmap.jp/img/spot/display/20230114191839630.jpg",
    "sourceUrl": "https://ghostmap.jp/spotdetail.php?spotcd=1473"
   }
  },
  {
   "type": "Feature",
   "geometry": {
    "type": "Point",
    "coordinates": [
     135.269356,
     34.322552
    ]
   },
   "properties": {
    "spotcd": 269,
    "name": "ほととぎす旅館",
    "kana": "ほととぎすりょかん",
    "address": "〒599-0214 大阪府阪南市山中渓１２５０ ※関係者以外は立ち入り禁止、無断で入ると不法侵入になります",
    "prefecture": "大阪府",
    "city": "阪南市",
    "genre": "ホテル・旅館",
    "status": "現存",
    "phenomena": [
     "女性の霊"
    ],
    "features": [
     "廃墟",
     "大阪府の廃墟"
    ],
    "totalScore": 201317,
    "nationalRank": 37,
    "prefRank": 2,
    "fearRating": 3.66,
    "ratingCount": 324,
    "outline": "ほととぎす旅館とは、大阪府阪南市にある心霊廃墟です。「ほととぎすりょかん」と読みます。この場所では女性の幽霊が現れるといった噂があるため心霊スポットと呼ばれています。",
    "comment": "これ白い女の幽霊ですかね？",
    "imageUrl": "https://ghostmap.jp/img/spot/display/20191210174953088.jpeg",
    "sourceUrl": "https://ghostmap.jp/spotdetail.php?spotcd=269"
   }
  },
  {
   "type": "Feature",
   "geometry": {
    "type": "Point",
    "coordinates": [
     139.278457,
     36.438524
    ]
   },
   "properties": {
    "spotcd": 489,
    "name": "はねたき橋",
    "kana": "はねたきばし",
    "address": "〒376-0101 群馬県みどり市大間々町大間々１２５９",
    "prefecture": "群馬県",
    "city": "みどり市",
    "genre": "橋",
    "status": "現存",
    "phenomena": [
     "女性の霊"
    ],
    "features": [
     "自殺の名所"
    ],
    "totalScore": 201303,
    "nationalRank": 38,
    "prefRank": 1,
    "fearRating": 3.98,
    "ratingCount": 297,
    "outline": "はねたき橋とは、群馬県みどり市にある幽霊橋です。「はねたきばし」と読みます。この場所では女性の幽霊が現れるといった噂があるため心霊スポットと呼ばれています。",
    "comment": "前の会社の事務員の女友達が自殺した",
    "imageUrl": "https://ghostmap.jp/img/spot/display/20161106205740614.JPG",
    "sourceUrl": "https://ghostmap.jp/spotdetail.php?spotcd=489"
   }
  },
  {
   "type": "Feature",
   "geometry": {
    "type": "Point",
    "coordinates": [
     138.551203,
     36.314466
    ]
   },
   "properties": {
    "spotcd": 578,
    "name": "軽井沢大橋",
    "kana": "かるいざわおおはし",
    "address": "〒389-0208 長野県北佐久郡御代田町茂沢３７９−５９ 軽井沢大橋",
    "prefecture": "長野県",
    "city": "御代田町",
    "genre": "橋",
    "status": "現存",
    "phenomena": [
     "少年の霊"
    ],
    "features": [
     "自殺の名所"
    ],
    "totalScore": 201212,
    "nationalRank": 39,
    "prefRank": 3,
    "fearRating": 3.94,
    "ratingCount": 279,
    "outline": "軽井沢大橋とは、長野県御代田町にある幽霊橋です。「かるいざわおおはし」と読みます。この場所では少年の幽霊が現れるといった噂があるため心霊スポットと呼ばれています。",
    "comment": "もともと自殺が多かったのに加えて、2006年に御代田杭打ち殺人で容疑者の主婦が軽井沢大橋から投身自殺して地元では有名になった。 天狗社の鳥居は現在撤去されているらしい。",
    "imageUrl": "https://ghostmap.jp/img/spot/display/20240106181742662.jpeg",
    "sourceUrl": "https://ghostmap.jp/spotdetail.php?spotcd=578"
   }
  },
  {
   "type": "Feature",
   "geometry": {
    "type": "Point",
    "coordinates": [
     139.973564,
     36.61079
    ]
   },
   "properties": {
    "spotcd": 510,
    "name": "ブルースカイ",
    "kana": "ぶるーすかい",
    "address": "〒329-1233 栃木県塩谷郡高根沢町宝積寺 ※関係者以外は立ち入り禁止、無断で入ると不法侵入になります",
    "prefecture": "栃木県",
    "city": "高根沢町",
    "genre": "商業施設",
    "status": "現存",
    "phenomena": [
     "女性の霊",
     "心霊写真"
    ],
    "features": [
     "廃墟",
     "栃木県の廃墟"
    ],
    "totalScore": 201186,
    "nationalRank": 40,
    "prefRank": 2,
    "fearRating": 3.51,
    "ratingCount": 304,
    "outline": "ブルースカイとは、栃木県高根沢町にある心霊廃墟です。「ぶるーすかい」と読みます。この場所では女性の幽霊が現れるといった噂があるため心霊スポットと呼ばれています。",
    "comment": "ここは完全に霊道なんだよね〜(ｰｰ;) 結構撮れるよ...恐いよ〜",
    "imageUrl": "https://ghostmap.jp/img/spot/display/20180901120900173.jpg",
    "sourceUrl": "https://ghostmap.jp/spotdetail.php?spotcd=510"
   }
  },
  {
   "type": "Feature",
   "geometry": {
    "type": "Point",
    "coordinates": [
     130.714532,
     32.956515
    ]
   },
   "properties": {
    "spotcd": 393,
    "name": "信愛病院",
    "kana": "しんあいびょういん",
    "address": "〒861-0115 熊本県熊本市北区植木町米塚１１９１ ※関係者以外は立ち入り禁止、無断で入ると不法侵入になります",
    "prefecture": "熊本県",
    "city": "熊本市",
    "genre": "病院",
    "status": "現存",
    "phenomena": [
     "正体不明の霊",
     "心霊写真"
    ],
    "features": [
     "廃墟",
     "熊本県の廃墟"
    ],
    "totalScore": 201185,
    "nationalRank": 41,
    "prefRank": 1,
    "fearRating": 4,
    "ratingCount": 269,
    "outline": "信愛病院とは、熊本県熊本市にある心霊廃墟です。「しんあいびょういん」と読みます。この場所では正体不明の幽霊が現れるといった噂があるため心霊スポットと呼ばれています。",
    "comment": "この土地の所有者はヤクザさんが持ってて無断で立ち入ると因縁をつけられるよ まぁ不法侵入なんだけどさ 金を取られた人や車をボコボコにされた人もいるらしい",
    "imageUrl": "https://ghostmap.jp/img/spot/display/201411082229411.jpg",
    "sourceUrl": "https://ghostmap.jp/spotdetail.php?spotcd=393"
   }
  },
  {
   "type": "Feature",
   "geometry": {
    "type": "Point",
    "coordinates": [
     141.951478,
     43.319451
    ]
   },
   "properties": {
    "spotcd": 264,
    "name": "円形校舎廃墟（沼東小学校）",
    "kana": "えんけいこうしゃはいきょ（しょうとうしょうがっこう）",
    "address": "〒072-0000 北海道美唄市 道道135号線 ※関係者以外は立ち入り禁止、無断で入ると不法侵入になります",
    "prefecture": "北海道",
    "city": "美唄市",
    "genre": "学校",
    "status": "現存",
    "phenomena": [
     "少女の霊"
    ],
    "features": [
     "神隠し",
     "廃墟",
     "北海道の廃墟"
    ],
    "totalScore": 201151,
    "nationalRank": 42,
    "prefRank": 3,
    "fearRating": 3.91,
    "ratingCount": 268,
    "outline": "円形校舎廃墟（沼東小学校）とは、北海道美唄市にある心霊廃墟です。「えんけいこうしゃはいきょ（しょうとうしょうがっこう）」と読みます。この場所では少女の幽霊が現れるといった噂があるため心霊スポットと呼ばれています。",
    "comment": "単なる廃墟で心霊スポットでも何でもないですね ここを心霊スポットとか言ってしまうのは 風の音とかを幽霊の声とか思い込んじゃうタイプですね びびりにも程があるでしょ・・・",
    "imageUrl": "https://ghostmap.jp/img/spot/display/20260618221834686.jpg",
    "sourceUrl": "https://ghostmap.jp/spotdetail.php?spotcd=264"
   }
  },
  {
   "type": "Feature",
   "geometry": {
    "type": "Point",
    "coordinates": [
     139.264946,
     36.173464
    ]
   },
   "properties": {
    "spotcd": 1397,
    "name": "ダイアナ研究所",
    "kana": "だいあなけんきゅうじょ",
    "address": "〒366-0811 埼玉県深谷市人見１４７２ ※関係者以外は立ち入り禁止、無断で入ると不法侵入になります",
    "prefecture": "埼玉県",
    "city": "深谷市",
    "genre": "商業施設",
    "status": "現存",
    "phenomena": [
     "少女の霊"
    ],
    "features": [
     "廃墟",
     "埼玉県の廃墟"
    ],
    "totalScore": 201133,
    "nationalRank": 43,
    "prefRank": 5,
    "fearRating": 3.79,
    "ratingCount": 270,
    "outline": "ダイアナ研究所とは、埼玉県深谷市にある心霊廃墟です。「だいあなけんきゅうじょ」と読みます。この場所では少女の幽霊が現れるといった噂があるため心霊スポットと呼ばれています。",
    "comment": "二回行って、二回とも怪奇現象起きた。 二回目は女の人を間近で見た目撃情報もある。 ここの市内ではとても有名な話し。",
    "imageUrl": "https://ghostmap.jp/img/spot/display/20240929015115455.jpeg",
    "sourceUrl": "https://ghostmap.jp/spotdetail.php?spotcd=1397"
   }
  },
  {
   "type": "Feature",
   "geometry": {
    "type": "Point",
    "coordinates": [
     140.721863,
     38.724323
    ]
   },
   "properties": {
    "spotcd": 432,
    "name": "ホテルニュー鳴子",
    "kana": "ほてるにゅーなるこ",
    "address": "〒989-6100 宮城県大崎市鳴子温泉沼井７４−３０ ※関係者以外は立ち入り禁止、無断で入ると不法侵入になります",
    "prefecture": "宮城県",
    "city": "大崎市",
    "genre": "ホテル・旅館",
    "status": "現存",
    "phenomena": [
     "女性の霊",
     "声"
    ],
    "features": [
     "廃墟",
     "宮城県の廃墟"
    ],
    "totalScore": 201132,
    "nationalRank": 44,
    "prefRank": 2,
    "fearRating": 3.77,
    "ratingCount": 271,
    "outline": "ホテルニュー鳴子とは、宮城県大崎市にある心霊廃墟です。「ほてるにゅーなるこ」と読みます。この場所では女性の幽霊が現れるといった噂があるため心霊スポットと呼ばれています。",
    "comment": "解体されてないという情報もありますが、まだあります。 道路から少し奥まったところで草木が生い茂っているので車で通りすぎるだけでは分からないと思います(^^♪",
    "imageUrl": "https://ghostmap.jp/img/spot/display/20200715112044604.jpg",
    "sourceUrl": "https://ghostmap.jp/spotdetail.php?spotcd=432"
   }
  },
  {
   "type": "Feature",
   "geometry": {
    "type": "Point",
    "coordinates": [
     130.349819,
     33.339824
    ]
   },
   "properties": {
    "spotcd": 377,
    "name": "イノチャン山荘",
    "kana": "いのちゃんさんそう",
    "address": "佐賀県神埼市 長崎自動車道 ※関係者以外は立ち入り禁止、無断で入ると不法侵入になります",
    "prefecture": "佐賀県",
    "city": "神埼市",
    "genre": "ホテル・旅館",
    "status": "現存",
    "phenomena": [
     "男性の霊"
    ],
    "features": [
     "稲川淳二",
     "廃墟",
     "佐賀県の廃墟"
    ],
    "totalScore": 201094,
    "nationalRank": 45,
    "prefRank": 1,
    "fearRating": 3.54,
    "ratingCount": 277,
    "outline": "イノチャン山荘とは、佐賀県神埼市にある心霊廃墟です。「いのちゃんさんそう」と読みます。この場所では男性の幽霊が現れるといった噂があるため心霊スポットと呼ばれています。",
    "comment": "だいぶ前行ったことあるんだけど、 入り口前にロープでバリケードを張っていて、入ったら殺すと言う文字が書かれた看板がかけてあった。 面白半分で行かない方がよい。",
    "imageUrl": "https://ghostmap.jp/img/spot/display/201410222212230.jpg",
    "sourceUrl": "https://ghostmap.jp/spotdetail.php?spotcd=377"
   }
  },
  {
   "type": "Feature",
   "geometry": {
    "type": "Point",
    "coordinates": [
     140.329352,
     35.55984
    ]
   },
   "properties": {
    "spotcd": 106,
    "name": "雄蛇ヶ池",
    "kana": "おじゃがいけ",
    "address": "〒283-0814 千葉県東金市田中２７１−１８",
    "prefecture": "千葉県",
    "city": "東金市",
    "genre": "湖（池）・ダム",
    "status": "現存",
    "phenomena": [
     "女性の霊"
    ],
    "features": [
     "宜保愛子"
    ],
    "totalScore": 201084,
    "nationalRank": 46,
    "prefRank": 4,
    "fearRating": 3.85,
    "ratingCount": 255,
    "outline": "雄蛇ヶ池とは、千葉県東金市にある湖（池）・ダムの心霊スポットです。「おじゃがいけ」と読みます。この場所では女性の幽霊が現れるといった噂があるため心霊スポットと呼ばれています。",
    "comment": "池の裏側にある小さな駐車場 そこのトイレは気を付けて 霊よりもホモがいるから危険です",
    "imageUrl": "https://ghostmap.jp/img/spot/display/20220510195458388.jpg",
    "sourceUrl": "https://ghostmap.jp/spotdetail.php?spotcd=106"
   }
  },
  {
   "type": "Feature",
   "geometry": {
    "type": "Point",
    "coordinates": [
     134.214902,
     34.340451
    ]
   },
   "properties": {
    "spotcd": 361,
    "name": "喝破道場",
    "kana": "かっぱどうじょう",
    "address": "〒769-2102 香川県さぬき市鴨庄１６１８ ※関係者以外は立ち入り禁止、無断で入ると不法侵入になります",
    "prefecture": "香川県",
    "city": "さぬき市",
    "genre": "ホテル・旅館",
    "status": "現存",
    "phenomena": [
     "少年の霊",
     "声"
    ],
    "features": [
     "廃墟",
     "香川県の廃墟"
    ],
    "totalScore": 201057,
    "nationalRank": 47,
    "prefRank": 1,
    "fearRating": 3.57,
    "ratingCount": 266,
    "outline": "喝破道場とは、香川県さぬき市にある心霊廃墟です。「かっぱどうじょう」と読みます。この場所では少年の幽霊が現れるといった噂があるため心霊スポットと呼ばれています。",
    "comment": ">>10 ではなぜ恐怖の現場四国巡礼の喝破道場の火事現場で「熱い！」という地の底から響くような不気味な声が何回も聞こえたのですか？あれは間違いなく人の声ですよ。少なくとも何かあったはずです。",
    "imageUrl": "https://ghostmap.jp/img/spot/display/201410052132440.jpg",
    "sourceUrl": "https://ghostmap.jp/spotdetail.php?spotcd=361"
   }
  },
  {
   "type": "Feature",
   "geometry": {
    "type": "Point",
    "coordinates": [
     139.869735,
     35.787805
    ]
   },
   "properties": {
    "spotcd": 487,
    "name": "水元公園",
    "kana": "みずもとこうえん",
    "address": "〒125-0034 東京都葛飾区水元公園３９ ※関係者以外は立ち入り禁止、無断で入ると不法侵入になります",
    "prefecture": "東京都",
    "city": "葛飾区",
    "genre": "公園・城跡",
    "status": "現存",
    "phenomena": [
     "少年の霊",
     "祟り"
    ],
    "features": [
     "廃墟",
     "東京都の廃墟"
    ],
    "totalScore": 201048,
    "nationalRank": 48,
    "prefRank": 3,
    "fearRating": 3.72,
    "ratingCount": 254,
    "outline": "水元公園とは、東京都葛飾区にある心霊廃墟です。「みずもとこうえん」と読みます。この場所では少年の幽霊が現れるといった噂があるため心霊スポットと呼ばれています。",
    "comment": "ピアノ線ではなく黄色と黒のトラロープでしたね。 中学生の頃だったので、怖いもの見たさに翌日に現場に行きましたが、ロープもありRG250γが倒れたままでした。 首なんて飛んでいませんよ。",
    "imageUrl": "https://ghostmap.jp/img/spot/display/20241224231222575.jpg",
    "sourceUrl": "https://ghostmap.jp/spotdetail.php?spotcd=487"
   }
  },
  {
   "type": "Feature",
   "geometry": {
    "type": "Point",
    "coordinates": [
     129.69839,
     32.914114
    ]
   },
   "properties": {
    "spotcd": 74,
    "name": "つがね落しの滝",
    "kana": "つがねおとしのたき",
    "address": "〒857-2323 長崎県西海市大瀬戸町雪浦河通郷３７９",
    "prefecture": "長崎県",
    "city": "西海市",
    "genre": "川・滝",
    "status": "現存",
    "phenomena": [
     "女性の霊",
     "声"
    ],
    "features": [
     "自殺の名所"
    ],
    "totalScore": 201047,
    "nationalRank": 49,
    "prefRank": 1,
    "fearRating": 3.85,
    "ratingCount": 246,
    "outline": "つがね落しの滝とは、長崎県西海市にあるオバケ川（幽霊滝）です。「つがねおとしのたき」と読みます。この場所では女性の幽霊が現れるといった噂があるため心霊スポットと呼ばれています。",
    "comment": "昔お昼に行きましたが、初めて心霊体験した場所です。 もう２度と行かないです。",
    "imageUrl": "https://ghostmap.jp/img/spot/display/20230714144731994.jpeg",
    "sourceUrl": "https://ghostmap.jp/spotdetail.php?spotcd=74"
   }
  },
  {
   "type": "Feature",
   "geometry": {
    "type": "Point",
    "coordinates": [
     140.967019,
     38.631995
    ]
   },
   "properties": {
    "spotcd": 581,
    "name": "化女沼レジャーランド",
    "kana": "けじょぬまれじゃーらんど",
    "address": "〒989-6251 宮城県大崎市古川小野遠沢１０ ※関係者以外は立ち入り禁止、無断で入ると不法侵入になります",
    "prefecture": "宮城県",
    "city": "大崎市",
    "genre": "遊園地",
    "status": "現存",
    "phenomena": [
     "女性の霊",
     "声"
    ],
    "features": [
     "廃墟",
     "宮城県の廃墟"
    ],
    "totalScore": 201021,
    "nationalRank": 50,
    "prefRank": 3,
    "fearRating": 3.52,
    "ratingCount": 260,
    "outline": "化女沼レジャーランドとは、宮城県大崎市にある心霊廃墟です。「けじょぬまれじゃーらんど」と読みます。この場所では女性の幽霊が現れるといった噂があるため心霊スポットと呼ばれています。",
    "comment": "「照夜姫」伝説を紹介する展示館にいってみてください。ここで霊が出ます。",
    "imageUrl": "https://ghostmap.jp/img/spot/display/20240718095858577.jpeg",
    "sourceUrl": "https://ghostmap.jp/spotdetail.php?spotcd=581"
   }
  },
  {
   "type": "Feature",
   "geometry": {
    "type": "Point",
    "coordinates": [
     144.075283,
     43.224885
    ]
   },
   "properties": {
    "spotcd": 65,
    "name": "雄別炭鉱（釧路炭鉱）",
    "kana": "ゆうべつたんこう（くしろたんこう）",
    "address": "〒085-0000 北海道釧路市阿寒町雄別２２線 道道667号線",
    "prefecture": "北海道",
    "city": "釧路市",
    "genre": "山・森",
    "status": "現存",
    "phenomena": [
     "男性の霊"
    ],
    "features": [],
    "totalScore": 193381,
    "nationalRank": 51,
    "prefRank": 4,
    "fearRating": 3.96,
    "ratingCount": 775,
    "outline": "雄別炭鉱（釧路炭鉱）とは、北海道釧路市にある山・森の心霊スポットです。「ゆうべつたんこう（くしろたんこう）」と読みます。この場所では男性の幽霊が現れるといった噂があるため心霊スポットと呼ばれています。",
    "comment": "出川みたいなコメント沸きすぎ ヤバいばっかりでワロタ",
    "imageUrl": "https://ghostmap.jp/img/spot/display/20260618222004184.jpg",
    "sourceUrl": "https://ghostmap.jp/spotdetail.php?spotcd=65"
   }
  },
  {
   "type": "Feature",
   "geometry": {
    "type": "Point",
    "coordinates": [
     137.222396,
     35.472377
    ]
   },
   "properties": {
    "spotcd": 83,
    "name": "朝鮮トンネル（二股トンネル）",
    "kana": "ちょうせんとんねる（ふたまたとんねる）",
    "address": "〒505-0532 岐阜県加茂郡八百津町南戸 国道418号線",
    "prefecture": "岐阜県",
    "city": "八百津町",
    "genre": "トンネル",
    "status": "現存",
    "phenomena": [
     "男性の霊",
     "声",
     "人影"
    ],
    "features": [],
    "totalScore": 192903,
    "nationalRank": 52,
    "prefRank": 2,
    "fearRating": 3.64,
    "ratingCount": 718,
    "outline": "朝鮮トンネル（二股トンネル）とは、岐阜県八百津町にあるお化けトンネルです。「ちょうせんとんねる（ふたまたとんねる）」と読みます。この場所では男性の幽霊が現れるといった噂があるため心霊スポットと呼ばれています。",
    "comment": "壁に埋め込まれてるって…怖すぎでしょ…",
    "imageUrl": "https://ghostmap.jp/img/spot/display/20230410001759814.jpg",
    "sourceUrl": "https://ghostmap.jp/spotdetail.php?spotcd=83"
   }
  },
  {
   "type": "Feature",
   "geometry": {
    "type": "Point",
    "coordinates": [
     139.232531,
     35.715162
    ]
   },
   "properties": {
    "spotcd": 76,
    "name": "旧小峰トンネル",
    "kana": "きゅうこみねとんねる",
    "address": "〒190-0154 東京都あきる野市高尾５２１",
    "prefecture": "東京都",
    "city": "八王子市",
    "genre": "トンネル",
    "status": "現存",
    "phenomena": [
     "少女の霊"
    ],
    "features": [],
    "totalScore": 192448,
    "nationalRank": 53,
    "prefRank": 4,
    "fearRating": 3.91,
    "ratingCount": 568,
    "outline": "旧小峰トンネルとは、東京都八王子市にあるお化けトンネルです。「きゅうこみねとんねる」と読みます。この場所では少女の幽霊が現れるといった噂があるため心霊スポットと呼ばれています。",
    "comment": "八尺様ほど大きくないなら和田アキ子様じゃね",
    "imageUrl": "https://ghostmap.jp/img/spot/display/20170120224052238.jpg",
    "sourceUrl": "https://ghostmap.jp/spotdetail.php?spotcd=76"
   }
  },
  {
   "type": "Feature",
   "geometry": {
    "type": "Point",
    "coordinates": [
     140.057783,
     35.772839
    ]
   },
   "properties": {
    "spotcd": 91,
    "name": "達磨神社",
    "kana": "だるまじんじゃ",
    "address": "〒274-0082 千葉県船橋市大神保町６３６",
    "prefecture": "千葉県",
    "city": "船橋市",
    "genre": "神社・寺",
    "status": "現存",
    "phenomena": [
     "女性の霊"
    ],
    "features": [],
    "totalScore": 192250,
    "nationalRank": 54,
    "prefRank": 5,
    "fearRating": 3.91,
    "ratingCount": 522,
    "outline": "達磨神社とは、千葉県船橋市にある幽霊神社（幽霊寺）です。「だるまじんじゃ」と読みます。この場所では女性の幽霊が現れるといった噂があるため心霊スポットと呼ばれています。",
    "comment": "普通の廃墟感覚で神社も荒らす奴らがある意味で怖い。 奉納されていた達磨の行方は如何に。",
    "imageUrl": "https://ghostmap.jp/img/spot/display/20230426194647110.jpeg",
    "sourceUrl": "https://ghostmap.jp/spotdetail.php?spotcd=91"
   }
  },
  {
   "type": "Feature",
   "geometry": {
    "type": "Point",
    "coordinates": [
     139.692804,
     35.903688
    ]
   },
   "properties": {
    "spotcd": 503,
    "name": "七里殺人の森",
    "kana": "ななさとさつじんのもり",
    "address": "〒337-0024 埼玉県さいたま市見沼区片柳１丁目１２８６",
    "prefecture": "埼玉県",
    "city": "さいたま市",
    "genre": "山・森",
    "status": "現存",
    "phenomena": [
     "男性の霊"
    ],
    "features": [],
    "totalScore": 192158,
    "nationalRank": 55,
    "prefRank": 6,
    "fearRating": 3.45,
    "ratingCount": 559,
    "outline": "七里殺人の森とは、埼玉県さいたま市にある山・森の心霊スポットです。「ななさとさつじんのもり」と読みます。この場所では男性の幽霊が現れるといった噂があるため心霊スポットと呼ばれています。",
    "comment": "結局霊とかいう架空の産物より人間が一番怖いってことか",
    "imageUrl": "https://ghostmap.jp/img/spot/display/20220115010828172.jpeg",
    "sourceUrl": "https://ghostmap.jp/spotdetail.php?spotcd=503"
   }
  },
  {
   "type": "Feature",
   "geometry": {
    "type": "Point",
    "coordinates": [
     138.677549,
     35.666731
    ]
   },
   "properties": {
    "spotcd": 482,
    "name": "おむつ塚",
    "kana": "おむつづか",
    "address": "〒405-0025 山梨県山梨市一町田中８７５−９",
    "prefecture": "山梨県",
    "city": "山梨市",
    "genre": "墓地・慰霊碑",
    "status": "現存",
    "phenomena": [
     "女性の霊",
     "声",
     "祟り"
    ],
    "features": [],
    "totalScore": 192066,
    "nationalRank": 56,
    "prefRank": 1,
    "fearRating": 3.41,
    "ratingCount": 542,
    "outline": "おむつ塚とは、山梨県山梨市にある墓地・慰霊碑の心霊スポットです。「おむつづか」と読みます。この場所では女性の幽霊が現れるといった噂があるため心霊スポットと呼ばれています。",
    "comment": "ここは何故か鎖の音が聞こえる｡｡｡ はじめんの動画をみて行ってみたけど まじ怖かった。",
    "imageUrl": "https://ghostmap.jp/img/spot/display/20240122182118653.JPG",
    "sourceUrl": "https://ghostmap.jp/spotdetail.php?spotcd=482"
   }
  },
  {
   "type": "Feature",
   "geometry": {
    "type": "Point",
    "coordinates": [
     127.745196,
     26.273902
    ]
   },
   "properties": {
    "spotcd": 190,
    "name": "大山貝塚",
    "kana": "おおやまかいづか",
    "address": "〒901-2223 沖縄県宜野湾市大山２丁目１２−１",
    "prefecture": "沖縄県",
    "city": "宜野湾市",
    "genre": "墓地・慰霊碑",
    "status": "現存",
    "phenomena": [
     "女性の霊"
    ],
    "features": [],
    "totalScore": 192045,
    "nationalRank": 57,
    "prefRank": 1,
    "fearRating": 4.11,
    "ratingCount": 455,
    "outline": "大山貝塚とは、沖縄県宜野湾市にある墓地・慰霊碑の心霊スポットです。「おおやまかいづか」と読みます。この場所では女性の幽霊が現れるといった噂があるため心霊スポットと呼ばれています。",
    "comment": "皆んな人聞きで書いてるみたいだが 本当の看板に書いてる文言は白い看板に黒の文字で ここは霊域により立ち入り禁止です。 宜野湾自治会 ですよ。",
    "imageUrl": "https://ghostmap.jp/img/spot/display/20220406024316246.jpeg",
    "sourceUrl": "https://ghostmap.jp/spotdetail.php?spotcd=190"
   }
  },
  {
   "type": "Feature",
   "geometry": {
    "type": "Point",
    "coordinates": [
     132.330034,
     34.427754
    ]
   },
   "properties": {
    "spotcd": 304,
    "name": "魚切ダム",
    "kana": "うおきりだむ",
    "address": "〒731-5151 広島県広島市佐伯区五日市町大字上河内９９８",
    "prefecture": "広島県",
    "city": "広島市",
    "genre": "湖（池）・ダム",
    "status": "現存",
    "phenomena": [
     "女性の霊",
     "心霊写真"
    ],
    "features": [],
    "totalScore": 192039,
    "nationalRank": 58,
    "prefRank": 2,
    "fearRating": 4.45,
    "ratingCount": 420,
    "outline": "魚切ダムとは、広島県広島市にある湖（池）・ダムの心霊スポットです。「うおきりだむ」と読みます。この場所では女性の幽霊が現れるといった噂があるため心霊スポットと呼ばれています。",
    "comment": "トンネルの女性の霊は実際に私も見ました！",
    "imageUrl": "https://ghostmap.jp/img/spot/display/20231018183155930.jpg",
    "sourceUrl": "https://ghostmap.jp/spotdetail.php?spotcd=304"
   }
  },
  {
   "type": "Feature",
   "geometry": {
    "type": "Point",
    "coordinates": [
     139.949394,
     35.780778
    ]
   },
   "properties": {
    "spotcd": 688,
    "name": "八柱霊園",
    "kana": "やはしられいえん",
    "address": "〒270-2255 千葉県松戸市田中新田３７",
    "prefecture": "千葉県",
    "city": "松戸市",
    "genre": "墓地・慰霊碑",
    "status": "現存",
    "phenomena": [
     "男性の霊",
     "人影"
    ],
    "features": [],
    "totalScore": 191957,
    "nationalRank": 59,
    "prefRank": 6,
    "fearRating": 4.56,
    "ratingCount": 394,
    "outline": "八柱霊園とは、千葉県松戸市にある墓地・慰霊碑の心霊スポットです。「やはしられいえん」と読みます。この場所では男性の幽霊が現れるといった噂があるため心霊スポットと呼ばれています。",
    "comment": "幽霊が出ると有名な霊園です。一番危険なのが無縁仏を祀っている第13区と言われ、ここには赤いレインコートを着た女が現れるそうです。第4区も心霊現象が多発するとか。",
    "imageUrl": "https://ghostmap.jp/img/spot/display/20241213213014344.jpg",
    "sourceUrl": "https://ghostmap.jp/spotdetail.php?spotcd=688"
   }
  },
  {
   "type": "Feature",
   "geometry": {
    "type": "Point",
    "coordinates": [
     130.55028,
     33.67595
    ]
   },
   "properties": {
    "spotcd": 28,
    "name": "犬鳴峠（犬鳴村）",
    "kana": "いぬなきとうげ（いぬなきむら）",
    "address": "福岡県宮若市脇田県道21号線",
    "prefecture": "福岡県",
    "city": "宮若市",
    "genre": "山・森",
    "status": "現存",
    "phenomena": [
     "男性の霊"
    ],
    "features": [],
    "totalScore": 191943,
    "nationalRank": 60,
    "prefRank": 2,
    "fearRating": 3.8,
    "ratingCount": 462,
    "outline": "犬鳴峠（犬鳴村）とは、福岡県宮若市にある山・森の心霊スポットです。「いぬなきとうげ（いぬなきむら）」と読みます。この場所では男性の幽霊が現れるといった噂があるため心霊スポットと呼ばれています。",
    "comment": "追記のは犬鳴に行った帰りに亡くなったのだよ。 しかも、５人じゃなくて６人だよ。",
    "imageUrl": "https://ghostmap.jp/img/spot/display/20231226150810393.jpeg",
    "sourceUrl": "https://ghostmap.jp/spotdetail.php?spotcd=28"
   }
  },
  {
   "type": "Feature",
   "geometry": {
    "type": "Point",
    "coordinates": [
     135.744395,
     34.661561
    ]
   },
   "properties": {
    "spotcd": 71,
    "name": "白高大神",
    "kana": "しらたかおおかみ",
    "address": "〒631-0055 奈良県奈良市大和田町１",
    "prefecture": "奈良県",
    "city": "山市",
    "genre": "神社・寺",
    "status": "現存",
    "phenomena": [
     "少女の霊"
    ],
    "features": [],
    "totalScore": 191895,
    "nationalRank": 61,
    "prefRank": 1,
    "fearRating": 3.74,
    "ratingCount": 458,
    "outline": "白高大神とは、奈良県山市にある幽霊神社（幽霊寺）です。「しらたかおおかみ」と読みます。この場所では少女の幽霊が現れるといった噂があるため心霊スポットと呼ばれています。",
    "comment": "ふざけ半分で行くからバチが当たるんです。 きちんと礼を尽くして敬いの気持ちでお伺いすれば何も起きません。 彼らはただ静かに過ごしたいだけです。 もう、荒らさないで下さい。",
    "imageUrl": "https://ghostmap.jp/img/spot/display/20230603200842339.jpg",
    "sourceUrl": "https://ghostmap.jp/spotdetail.php?spotcd=71"
   }
  },
  {
   "type": "Feature",
   "geometry": {
    "type": "Point",
    "coordinates": [
     140.115957,
     35.706045
    ]
   },
   "properties": {
    "spotcd": 1087,
    "name": "弁天橋",
    "kana": "べんてんばし",
    "address": "〒262-0001 千葉県千葉市花見川区横戸町１５５１−３７",
    "prefecture": "千葉県",
    "city": "千葉市",
    "genre": "橋",
    "status": "現存",
    "phenomena": [
     "少女の霊"
    ],
    "features": [],
    "totalScore": 191877,
    "nationalRank": 62,
    "prefRank": 7,
    "fearRating": 4.14,
    "ratingCount": 413,
    "outline": "弁天橋とは、千葉県千葉市にある幽霊橋です。「べんてんばし」と読みます。この場所では少女の幽霊が現れるといった噂があるため心霊スポットと呼ばれています。",
    "comment": "８の続き。 赤いものは写真左下へ飛んで行ったみたいです。 深夜行くのはお勧めできません。 そっとしておきましょう。",
    "imageUrl": "https://ghostmap.jp/img/spot/display/20220115013543137.jpeg",
    "sourceUrl": "https://ghostmap.jp/spotdetail.php?spotcd=1087"
   }
  },
  {
   "type": "Feature",
   "geometry": {
    "type": "Point",
    "coordinates": [
     135.658128,
     34.6878
    ]
   },
   "properties": {
    "spotcd": 270,
    "name": "旧生駒トンネル",
    "kana": "きゅういこまとんねる",
    "address": "〒579-8012 大阪府東大阪市上石切町２丁目１６１０",
    "prefecture": "大阪府",
    "city": "東大阪市",
    "genre": "トンネル",
    "status": "現存",
    "phenomena": [
     "男性の霊",
     "人影"
    ],
    "features": [],
    "totalScore": 191678,
    "nationalRank": 63,
    "prefRank": 3,
    "fearRating": 3.75,
    "ratingCount": 404,
    "outline": "旧生駒トンネルとは、大阪府東大阪市にあるお化けトンネルです。「きゅういこまとんねる」と読みます。この場所では男性の幽霊が現れるといった噂があるため心霊スポットと呼ばれています。",
    "comment": "このトンネルって奈良県側の一部はけいはんな線として現役なんだけど。。。",
    "imageUrl": "https://ghostmap.jp/img/spot/display/20240201131048402.JPG",
    "sourceUrl": "https://ghostmap.jp/spotdetail.php?spotcd=270"
   }
  },
  {
   "type": "Feature",
   "geometry": {
    "type": "Point",
    "coordinates": [
     139.563519,
     35.30697
    ]
   },
   "properties": {
    "spotcd": 360,
    "name": "小坪トンネル",
    "kana": "こつぼとんねる",
    "address": "〒249-0008 神奈川県逗子市小坪７丁目 県道311号線",
    "prefecture": "神奈川県",
    "city": "逗子市",
    "genre": "トンネル",
    "status": "現存",
    "phenomena": [
     "女性の霊"
    ],
    "features": [],
    "totalScore": 191619,
    "nationalRank": 65,
    "prefRank": 7,
    "fearRating": 3.81,
    "ratingCount": 384,
    "outline": "小坪トンネルとは、神奈川県逗子市にあるお化けトンネルです。「こつぼとんねる」と読みます。この場所では女性の幽霊が現れるといった噂があるため心霊スポットと呼ばれています。",
    "comment": "昔バイクで深夜小坪トンネルを通った時にトンネル内でバックファイヤーをやったら誰もいないのに女性のキャーという悲鳴がはっきり聞こえました。幽霊さん夜中に驚かせてすいませんでした。",
    "imageUrl": "https://ghostmap.jp/img/spot/display/20260821050918572.jpeg",
    "sourceUrl": "https://ghostmap.jp/spotdetail.php?spotcd=360"
   }
  },
  {
   "type": "Feature",
   "geometry": {
    "type": "Point",
    "coordinates": [
     139.824586,
     35.877802
    ]
   },
   "properties": {
    "spotcd": 1802,
    "name": "越谷レイクタウン",
    "kana": "こしがやれいくたうん",
    "address": "〒343-0828 埼玉県越谷市レイクタウン4−２−２ kaze",
    "prefecture": "埼玉県",
    "city": "越谷市",
    "genre": "商業施設",
    "status": "現存",
    "phenomena": [
     "少年の霊",
     "声",
     "人影"
    ],
    "features": [],
    "totalScore": 191619,
    "nationalRank": 64,
    "prefRank": 7,
    "fearRating": 3.8,
    "ratingCount": 385,
    "outline": "越谷レイクタウンとは、埼玉県越谷市にある商業施設の心霊スポットです。「こしがやれいくたうん」と読みます。この場所では少年の幽霊が現れるといった噂があるため心霊スポットと呼ばれています。",
    "comment": "地元民だけどレイクタウンに住もうとは思わないなあ 知人の子供が小さいときによくkazeで幽霊を見たとは聞いた",
    "imageUrl": "https://ghostmap.jp/img/spot/display/20220308205516870.JPG",
    "sourceUrl": "https://ghostmap.jp/spotdetail.php?spotcd=1802"
   }
  },
  {
   "type": "Feature",
   "geometry": {
    "type": "Point",
    "coordinates": [
     136.819824,
     36.731043
    ]
   },
   "properties": {
    "spotcd": 82,
    "name": "牛首トンネル",
    "kana": "うしくびとんねる",
    "address": "〒929-0303 石川県河北郡津幡町牛首",
    "prefecture": "石川県",
    "city": "津幡町",
    "genre": "トンネル",
    "status": "現存",
    "phenomena": [
     "老婆の霊"
    ],
    "features": [],
    "totalScore": 191608,
    "nationalRank": 66,
    "prefRank": 1,
    "fearRating": 3.77,
    "ratingCount": 385,
    "outline": "牛首トンネルとは、石川県津幡町にあるお化けトンネルです。「うしくびとんねる」と読みます。この場所では老婆の幽霊が現れるといった噂があるため心霊スポットと呼ばれています。",
    "comment": "てゆうか新しい地蔵立て直したのにわざわざ首壊されりゃ怒るだろｗ あのな、石川県側からの分かれ道まっすぐ行くと赤い橋があるけどそこの方がダイブ率おおい・・・・見える人行ってみな",
    "imageUrl": "https://ghostmap.jp/img/spot/display/20250718202150880.JPG",
    "sourceUrl": "https://ghostmap.jp/spotdetail.php?spotcd=82"
   }
  },
  {
   "type": "Feature",
   "geometry": {
    "type": "Point",
    "coordinates": [
     138.620805,
     35.476695
    ]
   },
   "properties": {
    "spotcd": 263,
    "name": "青木ヶ原樹海",
    "kana": "あおきがはらじゅかい",
    "address": "〒401-0336 山梨県南都留郡富士河口湖町精進５１４−７０",
    "prefecture": "山梨県",
    "city": "富士河口湖町",
    "genre": "山・森",
    "status": "現存",
    "phenomena": [
     "男性の霊"
    ],
    "features": [
     "自殺の名所"
    ],
    "totalScore": 191602,
    "nationalRank": 67,
    "prefRank": 2,
    "fearRating": 3.71,
    "ratingCount": 389,
    "outline": "青木ヶ原樹海とは、山梨県富士河口湖町にある山・森の心霊スポットです。「あおきがはらじゅかい」と読みます。この場所では男性の幽霊が現れるといった噂があるため心霊スポットと呼ばれています。",
    "comment": "１０年くらい前になるけど地元の警察官に団地とか呼ばれてるエリアに死体がやたらと集中して見つかる場所があると聞いたことがある",
    "imageUrl": "https://ghostmap.jp/img/spot/display/20200416122718640.jpeg",
    "sourceUrl": "https://ghostmap.jp/spotdetail.php?spotcd=263"
   }
  },
  {
   "type": "Feature",
   "geometry": {
    "type": "Point",
    "coordinates": [
     140.083494,
     35.720838
    ]
   },
   "properties": {
    "spotcd": 2158,
    "name": "八千代小鳥の森公園",
    "kana": "やちよことりのもりこうえん",
    "address": "〒276-0046 千葉県八千代市大和田新田１０８−２２",
    "prefecture": "千葉県",
    "city": "八千代市",
    "genre": "公園・城跡",
    "status": "現存",
    "phenomena": [
     "男性の霊"
    ],
    "features": [],
    "totalScore": 191533,
    "nationalRank": 68,
    "prefRank": 8,
    "fearRating": 4.28,
    "ratingCount": 327,
    "outline": "八千代小鳥の森公園とは、千葉県八千代市にある公園・城跡の心霊スポットです。「やちよことりのもりこうえん」と読みます。この場所では男性の幽霊が現れるといった噂があるため心霊スポットと呼ばれています。",
    "comment": "気持ち悪い",
    "imageUrl": "https://ghostmap.jp/img/spot/display/20230726152439704.jpg",
    "sourceUrl": "https://ghostmap.jp/spotdetail.php?spotcd=2158"
   }
  },
  {
   "type": "Feature",
   "geometry": {
    "type": "Point",
    "coordinates": [
     139.005627,
     36.118646
    ]
   },
   "properties": {
    "spotcd": 192,
    "name": "新井さんの家",
    "kana": "あらいさんのいえ",
    "address": "〒367-0313 埼玉県児玉郡神川町矢納 県道331号線 ※関係者以外は立ち入り禁止、無断で入ると不法侵入になります",
    "prefecture": "埼玉県",
    "city": "神川町",
    "genre": "住居",
    "status": "現存",
    "phenomena": [
     "女性の霊"
    ],
    "features": [
     "廃墟",
     "埼玉県の廃墟"
    ],
    "totalScore": 191469,
    "nationalRank": 69,
    "prefRank": 8,
    "fearRating": 3.57,
    "ratingCount": 369,
    "outline": "新井さんの家とは、埼玉県神川町にある心霊廃墟です。「あらいさんのいえ」と読みます。この場所では女性の幽霊が現れるといった噂があるため心霊スポットと呼ばれています。",
    "comment": "メールが来るとかｗ幽霊も時代に合せて進化してるんだな。",
    "imageUrl": "https://ghostmap.jp/img/spot/display/20160805065755141.JPG",
    "sourceUrl": "https://ghostmap.jp/spotdetail.php?spotcd=192"
   }
  },
  {
   "type": "Feature",
   "geometry": {
    "type": "Point",
    "coordinates": [
     141.77138,
     43.175306
    ]
   },
   "properties": {
    "spotcd": 977,
    "name": "青い屋根の家",
    "kana": "あおいやねのいえ",
    "address": "〒068-0835 北海道岩見沢市緑が丘６丁目３０８−３５ ※関係者以外は立ち入り禁止、無断で入ると不法侵入になります",
    "prefecture": "北海道",
    "city": "岩見沢市",
    "genre": "住居",
    "status": "現存",
    "phenomena": [
     "男性の霊",
     "心霊写真"
    ],
    "features": [
     "廃墟",
     "北海道の廃墟"
    ],
    "totalScore": 191447,
    "nationalRank": 70,
    "prefRank": 5,
    "fearRating": 3.41,
    "ratingCount": 379,
    "outline": "青い屋根の家とは、北海道岩見沢市にある心霊廃墟です。「あおいやねのいえ」と読みます。この場所では男性の幽霊が現れるといった噂があるため心霊スポットと呼ばれています。",
    "comment": "岩見沢出身です。かつて父から、この家に住んでいた人の話を聞きました。長いので体験談に昨日投稿しています。よかったらどうぞ",
    "imageUrl": "https://ghostmap.jp/img/spot/display/20161120144228295.png",
    "sourceUrl": "https://ghostmap.jp/spotdetail.php?spotcd=977"
   }
  },
  {
   "type": "Feature",
   "geometry": {
    "type": "Point",
    "coordinates": [
     139.94077,
     35.801736
    ]
   },
   "properties": {
    "spotcd": 770,
    "name": "21世紀の森と広場",
    "kana": "にじゅういっせいきのもりとひろば",
    "address": "〒270-2252 千葉県松戸市千駄堀 売店わかば",
    "prefecture": "千葉県",
    "city": "松戸市",
    "genre": "公園・城跡",
    "status": "現存",
    "phenomena": [
     "女性の霊",
     "祟り"
    ],
    "features": [],
    "totalScore": 191375,
    "nationalRank": 71,
    "prefRank": 9,
    "fearRating": 4.27,
    "ratingCount": 294,
    "outline": "21世紀の森と広場とは、千葉県松戸市にある公園・城跡の心霊スポットです。「にじゅういっせいきのもりとひろば」と読みます。この場所では女性の幽霊が現れるといった噂があるため心霊スポットと呼ばれています。",
    "comment": "1990年代の心霊スポットサイトには美術館か博物館内にて掃除婦のおばさんの幽霊が 出ると記された。 仕事仲間によるイジメを受け自殺したという。",
    "imageUrl": "https://ghostmap.jp/img/spot/display/20171113073749686.jpg",
    "sourceUrl": "https://ghostmap.jp/spotdetail.php?spotcd=770"
   }
  },
  {
   "type": "Feature",
   "geometry": {
    "type": "Point",
    "coordinates": [
     137.492252,
     34.798837
    ]
   },
   "properties": {
    "spotcd": 168,
    "name": "旧本坂トンネル",
    "kana": "きゅうほんざかとんねる",
    "address": "〒441-1111 愛知県豊橋市嵩山町 国道362号線",
    "prefecture": "愛知県",
    "city": "豊橋市",
    "genre": "トンネル",
    "status": "現存",
    "phenomena": [
     "女性の霊"
    ],
    "features": [],
    "totalScore": 191371,
    "nationalRank": 72,
    "prefRank": 2,
    "fearRating": 3.64,
    "ratingCount": 339,
    "outline": "旧本坂トンネルとは、愛知県豊橋市にあるお化けトンネルです。「きゅうほんざかとんねる」と読みます。この場所では女性の幽霊が現れるといった噂があるため心霊スポットと呼ばれています。",
    "comment": "かれこれ約２7年前の真冬に友人とバイクで旧本坂トンネルを目指して走った時に白い着物を着た髪の長い女性老人を目撃したよ‼",
    "imageUrl": "https://ghostmap.jp/img/spot/display/20210823202530056.jpeg",
    "sourceUrl": "https://ghostmap.jp/spotdetail.php?spotcd=168"
   }
  },
  {
   "type": "Feature",
   "geometry": {
    "type": "Point",
    "coordinates": [
     135.660575,
     35.033448
    ]
   },
   "properties": {
    "spotcd": 26,
    "name": "清滝トンネル",
    "kana": "きよたきとんねる",
    "address": "京都府京都市右京区 府道137号線",
    "prefecture": "京都府",
    "city": "京都市",
    "genre": "トンネル",
    "status": "現存",
    "phenomena": [
     "女性の霊",
     "声"
    ],
    "features": [],
    "totalScore": 191366,
    "nationalRank": 73,
    "prefRank": 1,
    "fearRating": 3.92,
    "ratingCount": 316,
    "outline": "清滝トンネルとは、京都府京都市にあるお化けトンネルです。「きよたきとんねる」と読みます。この場所では女性の幽霊が現れるといった噂があるため心霊スポットと呼ばれています。",
    "comment": "信号が青だったら幽霊に歓迎されてるって怖いわ 想像するだけで恐ろしく感じる",
    "imageUrl": "https://ghostmap.jp/img/spot/display/20240321162153112.png",
    "sourceUrl": "https://ghostmap.jp/spotdetail.php?spotcd=26"
   }
  },
  {
   "type": "Feature",
   "geometry": {
    "type": "Point",
    "coordinates": [
     139.370108,
     36.555069
    ]
   },
   "properties": {
    "spotcd": 668,
    "name": "武尊神社(呪いの廃神社)",
    "kana": "ほたかじんじゃ(のろいのはいじんじゃ)",
    "address": "非公開",
    "prefecture": "群馬県",
    "city": "みどり市",
    "genre": "神社・寺",
    "status": "現存",
    "phenomena": [
     "老婆の霊",
     "人影"
    ],
    "features": [],
    "totalScore": 191360,
    "nationalRank": 74,
    "prefRank": 2,
    "fearRating": 4.19,
    "ratingCount": 296,
    "outline": "武尊神社(呪いの廃神社)とは、群馬県みどり市にある幽霊神社（幽霊寺）です。「ほたかじんじゃ(のろいのはいじんじゃ)」と読みます。この場所では老婆の幽霊が現れるといった噂があるため心霊スポットと呼ばれています。",
    "comment": "群馬に住んでるものですが、この廃神社は群馬県の中でも かなり危険な心霊スポットとして有名です。 行かないほうがいいですよ。",
    "imageUrl": "https://ghostmap.jp/img/spot/display/20241105213719935.jpeg",
    "sourceUrl": "https://ghostmap.jp/spotdetail.php?spotcd=668"
   }
  },
  {
   "type": "Feature",
   "geometry": {
    "type": "Point",
    "coordinates": [
     138.455456,
     34.984841
    ]
   },
   "properties": {
    "spotcd": 481,
    "name": "新田さん家",
    "kana": "にったさんち",
    "address": "〒424-0886 静岡県静岡市清水区草薙４２６ ※関係者以外は立ち入り禁止、無断で入ると不法侵入になります",
    "prefecture": "静岡県",
    "city": "静岡市",
    "genre": "住居",
    "status": "現存",
    "phenomena": [
     "少女の霊",
     "声"
    ],
    "features": [
     "廃墟",
     "静岡県の廃墟"
    ],
    "totalScore": 191345,
    "nationalRank": 75,
    "prefRank": 1,
    "fearRating": 3.6,
    "ratingCount": 336,
    "outline": "新田さん家とは、静岡県静岡市にある心霊廃墟です。「にったさんち」と読みます。この場所では少女の幽霊が現れるといった噂があるため心霊スポットと呼ばれています。",
    "comment": "顔？",
    "imageUrl": "https://ghostmap.jp/img/spot/display/201504192314220.png",
    "sourceUrl": "https://ghostmap.jp/spotdetail.php?spotcd=481"
   }
  },
  {
   "type": "Feature",
   "geometry": {
    "type": "Point",
    "coordinates": [
     140.412527,
     35.464869
    ]
   },
   "properties": {
    "spotcd": 103,
    "name": "地図から消えた海岸（浜宿海岸）",
    "kana": "ちずからきえたかいがん（はましゅくかいがん）",
    "address": "〒299-4202 千葉県長生郡白子町牛込",
    "prefecture": "千葉県",
    "city": "白子町",
    "genre": "海",
    "status": "現存",
    "phenomena": [
     "男性の霊"
    ],
    "features": [],
    "totalScore": 191281,
    "nationalRank": 76,
    "prefRank": 10,
    "fearRating": 3.85,
    "ratingCount": 301,
    "outline": "地図から消えた海岸（浜宿海岸）とは、千葉県白子町にある海の心霊スポットです。「ちずからきえたかいがん（はましゅくかいがん）」と読みます。この場所では男性の幽霊が現れるといった噂があるため心霊スポットと呼ばれています。",
    "comment": "これぞ心スポにふさわしい。呪われた九十九里浜(ﾉ;´Д｀)ﾉ",
    "imageUrl": "https://ghostmap.jp/img/spot/display/20250504191550718.jpeg",
    "sourceUrl": "https://ghostmap.jp/spotdetail.php?spotcd=103"
   }
  },
  {
   "type": "Feature",
   "geometry": {
    "type": "Point",
    "coordinates": [
     140.90103,
     38.281768
    ]
   },
   "properties": {
    "spotcd": 431,
    "name": "与兵衛沼",
    "kana": "よへえぬま",
    "address": "〒983-0838 宮城県仙台市宮城野区二の森２１−３１",
    "prefecture": "宮城県",
    "city": "仙台市",
    "genre": "湖（池）・ダム",
    "status": "現存",
    "phenomena": [
     "男性の霊"
    ],
    "features": [],
    "totalScore": 191248,
    "nationalRank": 77,
    "prefRank": 4,
    "fearRating": 4.27,
    "ratingCount": 267,
    "outline": "与兵衛沼とは、宮城県仙台市にある湖（池）・ダムの心霊スポットです。「よへえぬま」と読みます。この場所では男性の幽霊が現れるといった噂があるため心霊スポットと呼ばれています。",
    "comment": "与兵衛沼の写真(1枚目) ここまで渇水してる方がめずらしいので、通常時の写真をあげておきます！",
    "imageUrl": "https://ghostmap.jp/img/spot/display/20230611101641813.jpeg",
    "sourceUrl": "https://ghostmap.jp/spotdetail.php?spotcd=431"
   }
  },
  {
   "type": "Feature",
   "geometry": {
    "type": "Point",
    "coordinates": [
     132.650975,
     34.32521
    ]
   },
   "properties": {
    "spotcd": 1080,
    "name": "黒瀬病院",
    "kana": "くろせびょういん",
    "address": "〒739-2619 広島県東広島市黒瀬切田が丘１丁目１２−９ ※関係者以外は立ち入り禁止、無断で入ると不法侵入になります",
    "prefecture": "広島県",
    "city": "東広島市",
    "genre": "病院",
    "status": "現存",
    "phenomena": [
     "少年の霊",
     "足音",
     "人影"
    ],
    "features": [
     "廃墟",
     "広島県の廃墟"
    ],
    "totalScore": 191219,
    "nationalRank": 78,
    "prefRank": 3,
    "fearRating": 3.95,
    "ratingCount": 280,
    "outline": "黒瀬病院とは、広島県東広島市にある心霊廃墟です。「くろせびょういん」と読みます。この場所では少年の幽霊が現れるといった噂があるため心霊スポットと呼ばれています。",
    "comment": "目の前に住んでる人可哀想… いつ病院が潰れたのか知らないけど、家を建てたときは目の前に病院があって便利くらいに思ってただろうな",
    "imageUrl": "https://ghostmap.jp/img/spot/display/20220824191025371.jpeg",
    "sourceUrl": "https://ghostmap.jp/spotdetail.php?spotcd=1080"
   }
  },
  {
   "type": "Feature",
   "geometry": {
    "type": "Point",
    "coordinates": [
     137.080701,
     35.276107
    ]
   },
   "properties": {
    "spotcd": 971,
    "name": "千歳楼",
    "kana": "ちとせろう",
    "address": "〒487-0004 愛知県春日井市玉野町 県道205号線 ※関係者以外は立ち入り禁止、無断で入ると不法侵入になります",
    "prefecture": "愛知県",
    "city": "春日井市",
    "genre": "ホテル・旅館",
    "status": "現存",
    "phenomena": [
     "男性の霊"
    ],
    "features": [
     "廃墟",
     "愛知県の廃墟",
     "火事"
    ],
    "totalScore": 191217,
    "nationalRank": 79,
    "prefRank": 3,
    "fearRating": 3.97,
    "ratingCount": 278,
    "outline": "千歳楼とは、愛知県春日井市にある心霊廃墟です。「ちとせろう」と読みます。この場所では男性の幽霊が現れるといった噂があるため心霊スポットと呼ばれています。",
    "comment": "前の川にも昔橋付近からトラックが落ちて亡くなった方がいますよ、またここから少し離れた場所に車が放置されていて、その中にも死体があったようです",
    "imageUrl": "https://ghostmap.jp/img/spot/display/20260319214407836.JPG",
    "sourceUrl": "https://ghostmap.jp/spotdetail.php?spotcd=971"
   }
  },
  {
   "type": "Feature",
   "geometry": {
    "type": "Point",
    "coordinates": [
     139.266894,
     35.589192
    ]
   },
   "properties": {
    "spotcd": 208,
    "name": "三井大橋",
    "kana": "みいおおはし",
    "address": "神奈川県相模原市緑区 県道513号線",
    "prefecture": "神奈川県",
    "city": "相模原市",
    "genre": "橋",
    "status": "現存",
    "phenomena": [
     "女性の霊"
    ],
    "features": [
     "心霊スポット巡礼ツアー"
    ],
    "totalScore": 191208,
    "nationalRank": 80,
    "prefRank": 8,
    "fearRating": 3.46,
    "ratingCount": 313,
    "outline": "三井大橋とは、神奈川県相模原市にある幽霊橋です。「みいおおはし」と読みます。この場所では女性の幽霊が現れるといった噂があるため心霊スポットと呼ばれています。",
    "comment": "遊びに行った帰りにこの橋の上を通った際、其まで寝ていた次女が泣き出し「怖い!!怖い!!」と言っていた。 暫くすると治まったがいったい…",
    "imageUrl": "https://ghostmap.jp/img/spot/display/20230530015254243.jpeg",
    "sourceUrl": "https://ghostmap.jp/spotdetail.php?spotcd=208"
   }
  },
  {
   "type": "Feature",
   "geometry": {
    "type": "Point",
    "coordinates": [
     139.930011,
     35.721541
    ]
   },
   "properties": {
    "spotcd": 611,
    "name": "八幡の藪知らず",
    "kana": "やわたのやぶしらず",
    "address": "〒272-0021 千葉県市川市八幡２丁目８−１３",
    "prefecture": "千葉県",
    "city": "市川市",
    "genre": "山・森",
    "status": "現存",
    "phenomena": [
     "少女の霊"
    ],
    "features": [
     "神隠し"
    ],
    "totalScore": 191194,
    "nationalRank": 81,
    "prefRank": 11,
    "fearRating": 4.14,
    "ratingCount": 264,
    "outline": "八幡の藪知らずとは、千葉県市川市にある山・森の心霊スポットです。「やわたのやぶしらず」と読みます。この場所では少女の幽霊が現れるといった噂があるため心霊スポットと呼ばれています。",
    "comment": "周辺住民には、恐いスポットというよりは、由緒ある不思議スポットというイメージがあるかも",
    "imageUrl": "https://ghostmap.jp/img/spot/display/201512231604370.jpg",
    "sourceUrl": "https://ghostmap.jp/spotdetail.php?spotcd=611"
   }
  },
  {
   "type": "Feature",
   "geometry": {
    "type": "Point",
    "coordinates": [
     135.334707,
     34.752996
    ]
   },
   "properties": {
    "spotcd": 132,
    "name": "火垂るの墓：少女像（満池谷墓地）",
    "kana": "ほたるのはか：しょうじょぞう（まんちだにぼち）",
    "address": "〒662-0022 兵庫県西宮市奥畑７−１１５",
    "prefecture": "兵庫県",
    "city": "西宮市",
    "genre": "墓地・慰霊碑",
    "status": "現存",
    "phenomena": [
     "少女の霊"
    ],
    "features": [],
    "totalScore": 191193,
    "nationalRank": 82,
    "prefRank": 1,
    "fearRating": 3.89,
    "ratingCount": 278,
    "outline": "火垂るの墓：少女像（満池谷墓地）とは、兵庫県西宮市にある墓地・慰霊碑の心霊スポットです。「ほたるのはか：しょうじょぞう（まんちだにぼち）」と読みます。この場所では少女の幽霊が現れるといった噂があるため心霊スポットと呼ばれています。",
    "comment": "少女像のある満池谷墓地の前の二テコ池は 少女が栄養失調でなくなった場所",
    "imageUrl": "https://ghostmap.jp/img/spot/display/20221010200420469.png",
    "sourceUrl": "https://ghostmap.jp/spotdetail.php?spotcd=132"
   }
  },
  {
   "type": "Feature",
   "geometry": {
    "type": "Point",
    "coordinates": [
     139.872743,
     35.263481
    ]
   },
   "properties": {
    "spotcd": 207,
    "name": "観音隧道",
    "kana": "かんのんずいどう",
    "address": "〒293-0042 千葉県富津市小久保",
    "prefecture": "千葉県",
    "city": "富津市",
    "genre": "トンネル",
    "status": "現存",
    "phenomena": [
     "女性の霊"
    ],
    "features": [],
    "totalScore": 191167,
    "nationalRank": 83,
    "prefRank": 12,
    "fearRating": 3.9,
    "ratingCount": 271,
    "outline": "観音隧道とは、千葉県富津市にあるお化けトンネルです。「かんのんずいどう」と読みます。この場所では女性の幽霊が現れるといった噂があるため心霊スポットと呼ばれています。",
    "comment": "トンネルが鉄板で塞がれている時のガッカリ感…。 金網のままで良かったのに。分かってないね。",
    "imageUrl": "https://ghostmap.jp/img/spot/display/20161127003442190.jpg",
    "sourceUrl": "https://ghostmap.jp/spotdetail.php?spotcd=207"
   }
  },
  {
   "type": "Feature",
   "geometry": {
    "type": "Point",
    "coordinates": [
     139.666096,
     35.730071
    ]
   },
   "properties": {
    "spotcd": 585,
    "name": "江古田の森公園",
    "kana": "えごたのもりこうえん",
    "address": "〒165-0022 東京都中野区江古田３丁目１４−１９",
    "prefecture": "東京都",
    "city": "中野区",
    "genre": "公園・城跡",
    "status": "現存",
    "phenomena": [
     "少女の霊"
    ],
    "features": [],
    "totalScore": 191155,
    "nationalRank": 84,
    "prefRank": 5,
    "fearRating": 3.89,
    "ratingCount": 269,
    "outline": "江古田の森公園とは、東京都中野区にある公園・城跡の心霊スポットです。「えごたのもりこうえん」と読みます。この場所では少女の幽霊が現れるといった噂があるため心霊スポットと呼ばれています。",
    "comment": "家の近所だが、明らかによくない雰囲気が漂っており、余計なものに憑かれたくないなら止めとくが吉。この病院、院内抗争で潰れかかった。近くに古い公団住宅があるが、ここがまた壮絶な陰気。",
    "imageUrl": "https://ghostmap.jp/img/spot/display/20240602104703989.jpg",
    "sourceUrl": "https://ghostmap.jp/spotdetail.php?spotcd=585"
   }
  },
  {
   "type": "Feature",
   "geometry": {
    "type": "Point",
    "coordinates": [
     140.260576,
     38.162777
    ]
   },
   "properties": {
    "spotcd": 257,
    "name": "滝不動",
    "kana": "たきふどう",
    "address": "山形県上山市 県道104号線",
    "prefecture": "山形県",
    "city": "上山市",
    "genre": "神社・寺",
    "status": "現存",
    "phenomena": [
     "女性の霊",
     "声",
     "祟り"
    ],
    "features": [
     "宜保愛子",
     "処刑場"
    ],
    "totalScore": 191092,
    "nationalRank": 85,
    "prefRank": 1,
    "fearRating": 4.13,
    "ratingCount": 241,
    "outline": "滝不動とは、山形県上山市にある幽霊神社（幽霊寺）です。「たきふどう」と読みます。この場所では女性の幽霊が現れるといった噂があるため心霊スポットと呼ばれています。",
    "comment": "剣に触れたら呪われるらしい…。 本当かどうかわからないけど恐いわ(´･_･`)",
    "imageUrl": "https://ghostmap.jp/img/spot/display/20230320011050769.JPG",
    "sourceUrl": "https://ghostmap.jp/spotdetail.php?spotcd=257"
   }
  },
  {
   "type": "Feature",
   "geometry": {
    "type": "Point",
    "coordinates": [
     139.066111,
     35.938573
    ]
   },
   "properties": {
    "spotcd": 1764,
    "name": "岳集落",
    "kana": "たけしゅうらく",
    "address": "〒369-1873 埼玉県秩父市浦山６９８ ※関係者以外は立ち入り禁止、無断で入ると不法侵入になります",
    "prefecture": "埼玉県",
    "city": "秩父市",
    "genre": "村・集落",
    "status": "現存",
    "phenomena": [
     "女性の霊",
     "声"
    ],
    "features": [
     "神隠し",
     "廃墟",
     "埼玉県の廃墟"
    ],
    "totalScore": 191086,
    "nationalRank": 86,
    "prefRank": 9,
    "fearRating": 3.94,
    "ratingCount": 250,
    "outline": "岳集落とは、埼玉県秩父市にある心霊廃墟です。「たけしゅうらく」と読みます。この場所では女性の幽霊が現れるといった噂があるため心霊スポットと呼ばれています。",
    "comment": "ゲーマーに文句言えよ",
    "imageUrl": "https://ghostmap.jp/img/spot/display/20220115005515660.jpeg",
    "sourceUrl": "https://ghostmap.jp/spotdetail.php?spotcd=1764"
   }
  },
  {
   "type": "Feature",
   "geometry": {
    "type": "Point",
    "coordinates": [
     133.359252,
     34.372816
    ]
   },
   "properties": {
    "spotcd": 307,
    "name": "福山グリーンライン",
    "kana": "ふくやまぐりーんらいん",
    "address": "〒720-0202 広島県福山市鞆町後地 グリーンライン",
    "prefecture": "広島県",
    "city": "福山市",
    "genre": "道・峠",
    "status": "現存",
    "phenomena": [
     "女性の霊",
     "声"
    ],
    "features": [],
    "totalScore": 191076,
    "nationalRank": 87,
    "prefRank": 4,
    "fearRating": 3.77,
    "ratingCount": 258,
    "outline": "福山グリーンラインとは、広島県福山市にある道・峠の心霊スポットです。「ふくやまぐりーんらいん」と読みます。この場所では女性の幽霊が現れるといった噂があるため心霊スポットと呼ばれています。",
    "comment": "私はきのう会社のみんなで福山グリーンラインにあそびにいき帰りの車の中で左肩がずしと重たくなりこれは幽霊のしわざなのでしょうか。もう二度と福山グリーンライン心霊スポットにはいきたくありません。",
    "imageUrl": "https://ghostmap.jp/img/spot/display/20230419114716619.jpeg",
    "sourceUrl": "https://ghostmap.jp/spotdetail.php?spotcd=307"
   }
  },
  {
   "type": "Feature",
   "geometry": {
    "type": "Point",
    "coordinates": [
     139.605308,
     35.848722
    ]
   },
   "properties": {
    "spotcd": 48,
    "name": "秋ヶ瀬公園",
    "kana": "あきがせこうえん",
    "address": "〒338-0832 埼玉県さいたま市桜区道場",
    "prefecture": "埼玉県",
    "city": "さいたま市",
    "genre": "公園・城跡",
    "status": "現存",
    "phenomena": [
     "男性の霊",
     "声"
    ],
    "features": [],
    "totalScore": 191065,
    "nationalRank": 88,
    "prefRank": 10,
    "fearRating": 3.65,
    "ratingCount": 263,
    "outline": "秋ヶ瀬公園とは、埼玉県さいたま市にある公園・城跡の心霊スポットです。「あきがせこうえん」と読みます。この場所では男性の幽霊が現れるといった噂があるため心霊スポットと呼ばれています。",
    "comment": "いままで何があったとかそういうの関係なくフツーに雰囲気が不気味。あと、広すぎる。",
    "imageUrl": "https://ghostmap.jp/img/spot/display/20240630230519218.jpeg",
    "sourceUrl": "https://ghostmap.jp/spotdetail.php?spotcd=48"
   }
  },
  {
   "type": "Feature",
   "geometry": {
    "type": "Point",
    "coordinates": [
     139.741099,
     39.972676
    ]
   },
   "properties": {
    "spotcd": 416,
    "name": "男鹿プリンスホテル",
    "kana": "おがぷりんすほてる",
    "address": "〒010-0687 秋田県男鹿市北浦湯本草木原５８−８ ※関係者以外は立ち入り禁止、無断で入ると不法侵入になります",
    "prefecture": "秋田県",
    "city": "男鹿市",
    "genre": "ホテル・旅館",
    "status": "現存",
    "phenomena": [
     "女性の霊",
     "声",
     "心霊写真"
    ],
    "features": [
     "廃墟",
     "秋田県の廃墟"
    ],
    "totalScore": 191053,
    "nationalRank": 89,
    "prefRank": 1,
    "fearRating": 3.84,
    "ratingCount": 248,
    "outline": "男鹿プリンスホテルとは、秋田県男鹿市にある心霊廃墟です。「おがぷりんすほてる」と読みます。この場所では女性の幽霊が現れるといった噂があるため心霊スポットと呼ばれています。",
    "comment": "輩とコウモリ位しか居ないんじゃ,,",
    "imageUrl": "https://ghostmap.jp/img/spot/display/20260708031149052.jpg",
    "sourceUrl": "https://ghostmap.jp/spotdetail.php?spotcd=416"
   }
  },
  {
   "type": "Feature",
   "geometry": {
    "type": "Point",
    "coordinates": [
     139.657051,
     35.78874
    ]
   },
   "properties": {
    "spotcd": 1328,
    "name": "高島平団地",
    "kana": "たかしまだいらだんち",
    "address": "〒175-0082 東京都板橋区高島平３丁目１１ 高島平第１住宅３―１１―１",
    "prefecture": "東京都",
    "city": "板橋区",
    "genre": "住居",
    "status": "現存",
    "phenomena": [
     "少女の霊"
    ],
    "features": [
     "自殺の名所"
    ],
    "totalScore": 191020,
    "nationalRank": 90,
    "prefRank": 6,
    "fearRating": 3.9,
    "ratingCount": 237,
    "outline": "高島平団地とは、東京都板橋区にある幽霊屋敷です。「たかしまだいらだんち」と読みます。この場所では少女の幽霊が現れるといった噂があるため心霊スポットと呼ばれています。",
    "comment": "７０年代から８０年代前半辺りにかけて、自殺の名所としてその名を馳せましたね。",
    "imageUrl": "https://ghostmap.jp/img/spot/display/20170910211011923.jpg",
    "sourceUrl": "https://ghostmap.jp/spotdetail.php?spotcd=1328"
   }
  },
  {
   "type": "Feature",
   "geometry": {
    "type": "Point",
    "coordinates": [
     140.955234,
     43.229398
    ]
   },
   "properties": {
    "spotcd": 1518,
    "name": "オタモイ海岸",
    "kana": "おたもいかいがん",
    "address": "〒048-2671 北海道小樽市オタモイ４丁目３４",
    "prefecture": "北海道",
    "city": "小樽市",
    "genre": "海",
    "status": "現存",
    "phenomena": [
     "男性の霊",
     "声",
     "心霊写真"
    ],
    "features": [
     "自殺の名所"
    ],
    "totalScore": 191007,
    "nationalRank": 91,
    "prefRank": 6,
    "fearRating": 4.09,
    "ratingCount": 224,
    "outline": "オタモイ海岸とは、北海道小樽市にある海の心霊スポットです。「おたもいかいがん」と読みます。この場所では男性の幽霊が現れるといった噂があるため心霊スポットと呼ばれています。",
    "comment": "綺麗なところはやっぱり自殺者も多いんだね",
    "imageUrl": "https://ghostmap.jp/img/spot/display/20180329154843267.jpeg",
    "sourceUrl": "https://ghostmap.jp/spotdetail.php?spotcd=1518"
   }
  },
  {
   "type": "Feature",
   "geometry": {
    "type": "Point",
    "coordinates": [
     141.088776,
     38.381397
    ]
   },
   "properties": {
    "spotcd": 426,
    "name": "乙女の祈り",
    "kana": "おとめのいのり",
    "address": "〒981-0212 宮城県宮城郡松島町磯崎西ノ浜７９−８",
    "prefecture": "宮城県",
    "city": "松島町",
    "genre": "樹木",
    "status": "現存",
    "phenomena": [
     "女性の霊"
    ],
    "features": [],
    "totalScore": 182191,
    "nationalRank": 92,
    "prefRank": 5,
    "fearRating": 4.17,
    "ratingCount": 479,
    "outline": "乙女の祈りとは、宮城県松島町にある樹木の心霊スポットです。「おとめのいのり」と読みます。この場所では女性の幽霊が現れるといった噂があるため心霊スポットと呼ばれています。",
    "comment": "アナウンサーが亡くなったのは、衝突ではなく過積載のトレーラートラックから落下した荷物(確か、古紙だったと思います)が反対側の車に落下し、押し潰されたと思いますが。",
    "imageUrl": "https://ghostmap.jp/img/spot/display/201502022150520.jpg",
    "sourceUrl": "https://ghostmap.jp/spotdetail.php?spotcd=426"
   }
  },
  {
   "type": "Feature",
   "geometry": {
    "type": "Point",
    "coordinates": [
     135.471423,
     34.935736
    ]
   },
   "properties": {
    "spotcd": 60,
    "name": "妙見山（しおき場）",
    "kana": "みょうけんさん（しおきば）",
    "address": "〒563-0132 大阪府豊能郡能勢町野間中茨木能勢線",
    "prefecture": "大阪府",
    "city": "能勢町",
    "genre": "山・森",
    "status": "現存",
    "phenomena": [
     "男性の霊"
    ],
    "features": [],
    "totalScore": 182157,
    "nationalRank": 93,
    "prefRank": 4,
    "fearRating": 3.87,
    "ratingCount": 505,
    "outline": "妙見山（しおき場）とは、大阪府能勢町にある山・森の心霊スポットです。「みょうけんさん（しおきば）」と読みます。この場所では男性の幽霊が現れるといった噂があるため心霊スポットと呼ばれています。",
    "comment": "関西の心霊スポットの中でも、かなり危険な場所らしいですね。",
    "imageUrl": "https://ghostmap.jp/img/spot/display/20241130075012143.jpeg",
    "sourceUrl": "https://ghostmap.jp/spotdetail.php?spotcd=60"
   }
  },
  {
   "type": "Feature",
   "geometry": {
    "type": "Point",
    "coordinates": [
     135.335373,
     33.665836
    ]
   },
   "properties": {
    "spotcd": 183,
    "name": "三段壁",
    "kana": "さんだんべき",
    "address": "〒649-2211 和歌山県西牟婁郡白浜町（その他）２９２７−５２",
    "prefecture": "和歌山県",
    "city": "白浜町",
    "genre": "海",
    "status": "現存",
    "phenomena": [
     "男性の霊"
    ],
    "features": [],
    "totalScore": 181848,
    "nationalRank": 94,
    "prefRank": 1,
    "fearRating": 3.46,
    "ratingCount": 478,
    "outline": "三段壁とは、和歌山県白浜町にある海の心霊スポットです。「さんだんべき」と読みます。この場所では男性の幽霊が現れるといった噂があるため心霊スポットと呼ばれています。",
    "comment": "右足が消えてる写真があった今から25年前 更に海面右手横下に複数の人が",
    "imageUrl": "https://ghostmap.jp/img/spot/display/20250429223615016.jpeg",
    "sourceUrl": "https://ghostmap.jp/spotdetail.php?spotcd=183"
   }
  },
  {
   "type": "Feature",
   "geometry": {
    "type": "Point",
    "coordinates": [
     133.743116,
     34.129603
    ]
   },
   "properties": {
    "spotcd": 1968,
    "name": "いもんた（知行寺山稲荷大権現）",
    "kana": "いもんた（ちぎょうじやまいなりだいごんげん）",
    "address": "〒767-0013 香川県三豊市山本町神田",
    "prefecture": "香川県",
    "city": "三豊市",
    "genre": "神社・寺",
    "status": "現存",
    "phenomena": [
     "男性の霊"
    ],
    "features": [],
    "totalScore": 181804,
    "nationalRank": 95,
    "prefRank": 2,
    "fearRating": 4,
    "ratingCount": 410,
    "outline": "いもんた（知行寺山稲荷大権現）とは、香川県三豊市にある幽霊神社（幽霊寺）です。「いもんた（ちぎょうじやまいなりだいごんげん）」と読みます。この場所では男性の幽霊が現れるといった噂があるため心霊スポットと呼ばれています。",
    "comment": "「忌み田」→「いもんた」と呼ばれるようになったと想像してみる。",
    "imageUrl": "https://ghostmap.jp/img/spot/display/20201010093151126.jpg",
    "sourceUrl": "https://ghostmap.jp/spotdetail.php?spotcd=1968"
   }
  },
  {
   "type": "Feature",
   "geometry": {
    "type": "Point",
    "coordinates": [
     127.806809,
     26.452219
    ]
   },
   "properties": {
    "spotcd": 256,
    "name": "ＳＳＳ（アフシマノ嶽）",
    "kana": "すりーえす（あふしまのたき）",
    "address": "〒904-0413 沖縄県国頭郡恩納村冨着５９５−３",
    "prefecture": "沖縄県",
    "city": "恩納村",
    "genre": "その他",
    "status": "現存",
    "phenomena": [
     "少年の霊"
    ],
    "features": [],
    "totalScore": 181792,
    "nationalRank": 96,
    "prefRank": 2,
    "fearRating": 4.22,
    "ratingCount": 389,
    "outline": "ＳＳＳ（アフシマノ嶽）とは、沖縄県恩納村にあるその他の心霊スポットです。「すりーえす（あふしまのたき）」と読みます。この場所では少年の幽霊が現れるといった噂があるため心霊スポットと呼ばれています。",
    "comment": "言っとくけどマングースは好んでハブ襲わないよ ショーでの決闘が有名だけどあれは無理矢理お互いのテリトリーに入れてるからああなってるだけ",
    "imageUrl": "https://ghostmap.jp/img/spot/display/20251103201725444.jpeg",
    "sourceUrl": "https://ghostmap.jp/spotdetail.php?spotcd=256"
   }
  },
  {
   "type": "Feature",
   "geometry": {
    "type": "Point",
    "coordinates": [
     135.263446,
     34.782069
    ]
   },
   "properties": {
    "spotcd": 149,
    "name": "メリーさんの館",
    "kana": "めりーさんのやかた",
    "address": "〒651-1401 兵庫県神戸市北区有馬町 ※関係者以外は立ち入り禁止、無断で入ると不法侵入になります",
    "prefecture": "兵庫県",
    "city": "神戸市",
    "genre": "住居",
    "status": "現存",
    "phenomena": [
     "少年の霊"
    ],
    "features": [
     "稲川淳二",
     "廃墟",
     "兵庫県の廃墟"
    ],
    "totalScore": 181558,
    "nationalRank": 97,
    "prefRank": 2,
    "fearRating": 3.61,
    "ratingCount": 388,
    "outline": "メリーさんの館とは、兵庫県神戸市にある心霊廃墟です。「めりーさんのやかた」と読みます。この場所では少年の幽霊が現れるといった噂があるため心霊スポットと呼ばれています。",
    "comment": "元々六甲山自体廃墟が多い山だからどれがメリーさんの館なのか明確には分からないらしいね",
    "imageUrl": "https://ghostmap.jp/img/spot/display/20191006133231806.jpg",
    "sourceUrl": "https://ghostmap.jp/spotdetail.php?spotcd=149"
   }
  },
  {
   "type": "Feature",
   "geometry": {
    "type": "Point",
    "coordinates": [
     138.591422,
     35.322545
    ]
   },
   "properties": {
    "spotcd": 502,
    "name": "ホテル青い鳥",
    "kana": "ほてるあおいとり",
    "address": "〒418-0103 静岡県富士宮市上井出 県道71号線 ※関係者以外は立ち入り禁止、無断で入ると不法侵入になります",
    "prefecture": "静岡県",
    "city": "富士宮市",
    "genre": "ホテル・旅館",
    "status": "現存",
    "phenomena": [
     "女性の霊"
    ],
    "features": [
     "廃墟",
     "静岡県の廃墟"
    ],
    "totalScore": 181515,
    "nationalRank": 98,
    "prefRank": 2,
    "fearRating": 3.71,
    "ratingCount": 368,
    "outline": "ホテル青い鳥とは、静岡県富士宮市にある心霊廃墟です。「ほてるあおいとり」と読みます。この場所では女性の幽霊が現れるといった噂があるため心霊スポットと呼ばれています。",
    "comment": "そのまま、北へ3km程行くと 人穴があります。",
    "imageUrl": "https://ghostmap.jp/img/spot/display/20230910162533176.jpeg",
    "sourceUrl": "https://ghostmap.jp/spotdetail.php?spotcd=502"
   }
  },
  {
   "type": "Feature",
   "geometry": {
    "type": "Point",
    "coordinates": [
     139.441584,
     35.760092
    ]
   },
   "properties": {
    "spotcd": 78,
    "name": "宅部池（たっちゃん池）",
    "kana": "やけべいけ（たっちゃんいけ）",
    "address": "〒207-0001 東京都東大和市多摩湖４丁目６８３",
    "prefecture": "東京都",
    "city": "東大和市",
    "genre": "湖（池）・ダム",
    "status": "現存",
    "phenomena": [
     "少年の霊"
    ],
    "features": [],
    "totalScore": 181377,
    "nationalRank": 99,
    "prefRank": 7,
    "fearRating": 3.81,
    "ratingCount": 327,
    "outline": "宅部池（たっちゃん池）とは、東京都東大和市にある湖（池）・ダムの心霊スポットです。「やけべいけ（たっちゃんいけ）」と読みます。この場所では少年の幽霊が現れるといった噂があるため心霊スポットと呼ばれています。",
    "comment": "日中は気持ちの良い公園ですが、夜はあまり良い気がしないです",
    "imageUrl": "https://ghostmap.jp/img/spot/display/20220806235856926.jpeg",
    "sourceUrl": "https://ghostmap.jp/spotdetail.php?spotcd=78"
   }
  },
  {
   "type": "Feature",
   "geometry": {
    "type": "Point",
    "coordinates": [
     135.65036,
     34.705489
    ]
   },
   "properties": {
    "spotcd": 3915,
    "name": "はや山荘",
    "kana": "はやさんそう",
    "address": "〒574-0013 大阪府大東市中垣内１３０５ ※関係者以外は立ち入り禁止、無断で入ると不法侵入になります",
    "prefecture": "大阪府",
    "city": "大東市",
    "genre": "商業施設",
    "status": "現存",
    "phenomena": [
     "女性の霊"
    ],
    "features": [
     "廃墟",
     "大阪府の廃墟"
    ],
    "totalScore": 181372,
    "nationalRank": 100,
    "prefRank": 5,
    "fearRating": 3.56,
    "ratingCount": 346,
    "outline": "はや山荘とは、大阪府大東市にある心霊廃墟です。「はやさんそう」と読みます。この場所では女性の幽霊が現れるといった噂があるため心霊スポットと呼ばれています。",
    "comment": "現地まで行かなくてもストリートビューで外観が見れるのはいいね",
    "imageUrl": "https://ghostmap.jp/img/spot/display/20221231160737820.jpeg",
    "sourceUrl": "https://ghostmap.jp/spotdetail.php?spotcd=3915"
   }
  },
  {
   "type": "Feature",
   "geometry": {
    "type": "Point",
    "coordinates": [
     139.559459,
     35.320365
    ]
   },
   "properties": {
    "spotcd": 211,
    "name": "東勝寺跡 腹切りやぐら",
    "kana": "とうしょうじあと はらきりやぐら",
    "address": "〒248-0006 神奈川県鎌倉市小町３丁目１１−３８",
    "prefecture": "神奈川県",
    "city": "鎌倉市",
    "genre": "神社・寺",
    "status": "現存",
    "phenomena": [
     "男性の霊",
     "祟り"
    ],
    "features": [],
    "totalScore": 181287,
    "nationalRank": 101,
    "prefRank": 9,
    "fearRating": 4.05,
    "ratingCount": 289,
    "outline": "東勝寺跡 腹切りやぐらとは、神奈川県鎌倉市にある幽霊神社（幽霊寺）です。「とうしょうじあと はらきりやぐら」と読みます。この場所では男性の幽霊が現れるといった噂があるため心霊スポットと呼ばれています。",
    "comment": "足を止めさせる、あの空気…夏でも寒く、異様な静けさ… 死者が眠る地ですので、穏やかにお祈りするのみです。",
    "imageUrl": "https://ghostmap.jp/img/spot/display/20190401215417137.JPG",
    "sourceUrl": "https://ghostmap.jp/spotdetail.php?spotcd=211"
   }
  },
  {
   "type": "Feature",
   "geometry": {
    "type": "Point",
    "coordinates": [
     132.344317,
     34.397686
    ]
   },
   "properties": {
    "spotcd": 4709,
    "name": "薬師が丘のハニワ",
    "kana": "やくしがおかのはにわ",
    "address": "〒731-5154 広島県広島市佐伯区薬師が丘４丁目３５",
    "prefecture": "広島県",
    "city": "広島市",
    "genre": "その他",
    "status": "現存",
    "phenomena": [
     "女性の霊"
    ],
    "features": [],
    "totalScore": 181263,
    "nationalRank": 102,
    "prefRank": 5,
    "fearRating": 4.34,
    "ratingCount": 266,
    "outline": "薬師が丘のハニワとは、広島県広島市にあるその他の心霊スポットです。「やくしがおかのはにわ」と読みます。この場所では女性の幽霊が現れるといった噂があるため心霊スポットと呼ばれています。",
    "comment": "ゆるキャラ？",
    "imageUrl": "https://ghostmap.jp/img/spot/display/20250320154738283.jpg",
    "sourceUrl": "https://ghostmap.jp/spotdetail.php?spotcd=4709"
   }
  },
  {
   "type": "Feature",
   "geometry": {
    "type": "Point",
    "coordinates": [
     139.734187,
     35.844786
    ]
   },
   "properties": {
    "spotcd": 224,
    "name": "侍トンネル",
    "kana": "さむらいとんねる",
    "address": "〒333-0833 埼玉県川口市西新井宿 岩槻街道",
    "prefecture": "埼玉県",
    "city": "川口市",
    "genre": "トンネル",
    "status": "現存",
    "phenomena": [
     "男性の霊"
    ],
    "features": [],
    "totalScore": 181229,
    "nationalRank": 103,
    "prefRank": 11,
    "fearRating": 3.12,
    "ratingCount": 349,
    "outline": "侍トンネルとは、埼玉県川口市にあるお化けトンネルです。「さむらいとんねる」と読みます。この場所では男性の幽霊が現れるといった噂があるため心霊スポットと呼ばれています。",
    "comment": "ここより岩槻方面に少し行ったら、左手に船の形のラブホがある。そこで過去に女性が殺害されました。",
    "imageUrl": "https://ghostmap.jp/img/spot/display/20250325171640005.jpeg",
    "sourceUrl": "https://ghostmap.jp/spotdetail.php?spotcd=224"
   }
  },
  {
   "type": "Feature",
   "geometry": {
    "type": "Point",
    "coordinates": [
     135.520932,
     34.399394
    ]
   },
   "properties": {
    "spotcd": 61,
    "name": "滝畑第三トンネル",
    "kana": "たきはただいさんとんねる",
    "address": "大阪府河内長野市滝畑府道61号線",
    "prefecture": "大阪府",
    "city": "河内長野市",
    "genre": "トンネル",
    "status": "現存",
    "phenomena": [
     "少女の霊"
    ],
    "features": [],
    "totalScore": 181220,
    "nationalRank": 104,
    "prefRank": 6,
    "fearRating": 3.63,
    "ratingCount": 302,
    "outline": "滝畑第三トンネルとは、大阪府河内長野市にあるお化けトンネルです。「たきはただいさんとんねる」と読みます。この場所では少女の幽霊が現れるといった噂があるため心霊スポットと呼ばれています。",
    "comment": "１０年以上なるけど、丑三つ時だったかなー？ 滝畑ダムの帰りに、白装束のおばさん？後ろ姿で、 発見したね。車のスピードけっこうだしてたけど、 あとで、冷静に思ったけど、ゾッとしました。",
    "imageUrl": "https://ghostmap.jp/img/spot/display/20221204192553856.JPG",
    "sourceUrl": "https://ghostmap.jp/spotdetail.php?spotcd=61"
   }
  },
  {
   "type": "Feature",
   "geometry": {
    "type": "Point",
    "coordinates": [
     130.604965,
     33.246015
    ]
   },
   "properties": {
    "spotcd": 373,
    "name": "十三佛",
    "kana": "じゅうさんぶつ",
    "address": "〒834-0102 福岡県八女郡広川町水原４１０３",
    "prefecture": "福岡県",
    "city": "広川町",
    "genre": "墓地・慰霊碑",
    "status": "現存",
    "phenomena": [
     "女性の霊"
    ],
    "features": [],
    "totalScore": 181190,
    "nationalRank": 105,
    "prefRank": 3,
    "fearRating": 3.91,
    "ratingCount": 276,
    "outline": "十三佛とは、福岡県広川町にある墓地・慰霊碑の心霊スポットです。「じゅうさんぶつ」と読みます。この場所では女性の幽霊が現れるといった噂があるため心霊スポットと呼ばれています。",
    "comment": "たんに不動明王とお地蔵様を祀ってるだけで、地元の人がお祭りもやってるよ…… 何が心霊スポットだよ馬鹿馬鹿しい……",
    "imageUrl": "https://ghostmap.jp/img/spot/display/201410191512342.jpg",
    "sourceUrl": "https://ghostmap.jp/spotdetail.php?spotcd=373"
   }
  },
  {
   "type": "Feature",
   "geometry": {
    "type": "Point",
    "coordinates": [
     139.917412,
     35.811201
    ]
   },
   "properties": {
    "spotcd": 1406,
    "name": "馬橋駅",
    "kana": "まばしえき",
    "address": "〒271-0051 千葉県松戸市馬橋９８−１",
    "prefecture": "千葉県",
    "city": "松戸市",
    "genre": "駅・踏切",
    "status": "現存",
    "phenomena": [
     "女性の霊"
    ],
    "features": [],
    "totalScore": 181175,
    "nationalRank": 106,
    "prefRank": 13,
    "fearRating": 3.81,
    "ratingCount": 279,
    "outline": "馬橋駅とは、千葉県松戸市にあるお化け駅（お化け踏切）です。「まばしえき」と読みます。この場所では女性の幽霊が現れるといった噂があるため心霊スポットと呼ばれています。",
    "comment": "松戸市は千葉の中では最恐だと思う",
    "imageUrl": "https://ghostmap.jp/img/spot/display/20171130112727804.jpg",
    "sourceUrl": "https://ghostmap.jp/spotdetail.php?spotcd=1406"
   }
  },
  {
   "type": "Feature",
   "geometry": {
    "type": "Point",
    "coordinates": [
     139.899083,
     35.747085
    ]
   },
   "properties": {
    "spotcd": 1060,
    "name": "里見公園",
    "kana": "さとみこうえん",
    "address": "〒272-0827 千葉県市川市国府台３丁目９−１",
    "prefecture": "千葉県",
    "city": "市川市",
    "genre": "公園・城跡",
    "status": "現存",
    "phenomena": [
     "女性の霊",
     "声",
     "心霊写真"
    ],
    "features": [],
    "totalScore": 181163,
    "nationalRank": 107,
    "prefRank": 14,
    "fearRating": 4.23,
    "ratingCount": 251,
    "outline": "里見公園とは、千葉県市川市にある公園・城跡の心霊スポットです。「さとみこうえん」と読みます。この場所では女性の幽霊が現れるといった噂があるため心霊スポットと呼ばれています。",
    "comment": "やっぱりね、古戦場跡で川の近くは出ると思いますよ。しかも江戸川の湾曲部の外側にあるし。",
    "imageUrl": "https://ghostmap.jp/img/spot/display/20240630211410473.jpeg",
    "sourceUrl": "https://ghostmap.jp/spotdetail.php?spotcd=1060"
   }
  },
  {
   "type": "Feature",
   "geometry": {
    "type": "Point",
    "coordinates": [
     139.590311,
     35.862865
    ]
   },
   "properties": {
    "spotcd": 2328,
    "name": "薬師堂のマキ",
    "kana": "やくしどうのまき",
    "address": "〒338-0816 埼玉県さいたま市桜区 大字塚本６７５",
    "prefecture": "埼玉県",
    "city": "さいたま市",
    "genre": "樹木",
    "status": "現存",
    "phenomena": [
     "女性の霊",
     "人影"
    ],
    "features": [],
    "totalScore": 181148,
    "nationalRank": 108,
    "prefRank": 12,
    "fearRating": 3.77,
    "ratingCount": 275,
    "outline": "薬師堂のマキとは、埼玉県さいたま市にある樹木の心霊スポットです。「やくしどうのまき」と読みます。この場所では女性の幽霊が現れるといった噂があるため心霊スポットと呼ばれています。",
    "comment": "ここは秋ヶ瀬公園とセットで行けそう",
    "imageUrl": "https://ghostmap.jp/img/spot/display/20220115004127507.jpeg",
    "sourceUrl": "https://ghostmap.jp/spotdetail.php?spotcd=2328"
   }
  },
  {
   "type": "Feature",
   "geometry": {
    "type": "Point",
    "coordinates": [
     138.220383,
     34.922699
    ]
   },
   "properties": {
    "spotcd": 569,
    "name": "葉梨トンネル(宮ヶ澤トンネル)",
    "kana": "はなしとんねる(みやがさわとんねる)",
    "address": "〒426-0211 静岡県藤枝市西方 県道81号線",
    "prefecture": "静岡県",
    "city": "藤枝市",
    "genre": "トンネル",
    "status": "現存",
    "phenomena": [
     "少年の霊"
    ],
    "features": [],
    "totalScore": 181103,
    "nationalRank": 109,
    "prefRank": 3,
    "fearRating": 3.82,
    "ratingCount": 261,
    "outline": "葉梨トンネル(宮ヶ澤トンネル)とは、静岡県藤枝市にあるお化けトンネルです。「はなしとんねる(みやがさわとんねる)」と読みます。この場所では少年の幽霊が現れるといった噂があるため心霊スポットと呼ばれています。",
    "comment": "普通に、この先の農家のおばちゃんが軽トラで行ったり来たりしてますがｗ",
    "imageUrl": "https://ghostmap.jp/img/spot/display/20230429110319932.jpg",
    "sourceUrl": "https://ghostmap.jp/spotdetail.php?spotcd=569"
   }
  },
  {
   "type": "Feature",
   "geometry": {
    "type": "Point",
    "coordinates": [
     139.74533,
     35.256347
    ]
   },
   "properties": {
    "spotcd": 827,
    "name": "観音崎",
    "kana": "かんのんざき",
    "address": "〒239-0813 神奈川県横須賀市鴨居４丁目１１８７",
    "prefecture": "神奈川県",
    "city": "横須賀市",
    "genre": "墓地・慰霊碑",
    "status": "現存",
    "phenomena": [
     "女性の霊"
    ],
    "features": [],
    "totalScore": 181058,
    "nationalRank": 110,
    "prefRank": 10,
    "fearRating": 3.7,
    "ratingCount": 258,
    "outline": "観音崎とは、神奈川県横須賀市にある墓地・慰霊碑の心霊スポットです。「かんのんざき」と読みます。この場所では女性の幽霊が現れるといった噂があるため心霊スポットと呼ばれています。",
    "comment": "夜中3時に行ってきました すごい怖かった いやマジで",
    "imageUrl": "https://ghostmap.jp/img/spot/display/20160707095515022.jpg",
    "sourceUrl": "https://ghostmap.jp/spotdetail.php?spotcd=827"
   }
  },
  {
   "type": "Feature",
   "geometry": {
    "type": "Point",
    "coordinates": [
     136.94983,
     36.782735
    ]
   },
   "properties": {
    "spotcd": 50,
    "name": "頭川トンネル(旧津々良トンネル)",
    "kana": "ずかわとんねる(きゅうつづらとんねる)",
    "address": "富山県氷見市仏生寺県道64号線",
    "prefecture": "富山県",
    "city": "氷見市",
    "genre": "トンネル",
    "status": "現存",
    "phenomena": [
     "女性の霊"
    ],
    "features": [
     "処刑場"
    ],
    "totalScore": 181049,
    "nationalRank": 111,
    "prefRank": 1,
    "fearRating": 3.93,
    "ratingCount": 242,
    "outline": "頭川トンネル(旧津々良トンネル)とは、富山県氷見市にあるお化けトンネルです。「ずかわとんねる(きゅうつづらとんねる)」と読みます。この場所では女性の幽霊が現れるといった噂があるため心霊スポットと呼ばれています。",
    "comment": "地元住みだけど… トンネルよっか近くの二上山（ふたがみさん）のほうが恐いっす（´ω｀） あと、伝説は全てこじつけ。 処刑場はないね。古代の横穴墓が密集する遺跡なら近くにある。",
    "imageUrl": "https://ghostmap.jp/img/spot/display/20250730142509645.JPG",
    "sourceUrl": "https://ghostmap.jp/spotdetail.php?spotcd=50"
   }
  },
  {
   "type": "Feature",
   "geometry": {
    "type": "Point",
    "coordinates": [
     140.807133,
     38.228628
    ]
   },
   "properties": {
    "spotcd": 869,
    "name": "太白山トンネル",
    "kana": "たいはくさんとんねる",
    "address": "宮城県仙台市太白区 東北自動車道",
    "prefecture": "宮城県",
    "city": "仙台市",
    "genre": "トンネル",
    "status": "現存",
    "phenomena": [
     "少年の霊"
    ],
    "features": [],
    "totalScore": 181048,
    "nationalRank": 112,
    "prefRank": 6,
    "fearRating": 4.11,
    "ratingCount": 232,
    "outline": "太白山トンネルとは、宮城県仙台市にあるお化けトンネルです。「たいはくさんとんねる」と読みます。この場所では少年の幽霊が現れるといった噂があるため心霊スポットと呼ばれています。",
    "comment": "トンネルの中で苗床と共存している幽霊を想像すると少し和みますｗ",
    "imageUrl": "https://ghostmap.jp/img/spot/display/20260623190132503.jpg",
    "sourceUrl": "https://ghostmap.jp/spotdetail.php?spotcd=869"
   }
  },
  {
   "type": "Feature",
   "geometry": {
    "type": "Point",
    "coordinates": [
     128.250974,
     26.666861
    ]
   },
   "properties": {
    "spotcd": 950,
    "name": "真のsss（シーゾーグムイ付近新川川流域にある御嶽）",
    "kana": "しんのすりーえす（しーそーぐむいふきんあらかわがわりゅういきにあるうたき）",
    "address": "〒905-1201 沖縄県国頭郡東村高江１５８−２",
    "prefecture": "沖縄県",
    "city": "東村",
    "genre": "その他",
    "status": "現存",
    "phenomena": [
     "老爺の霊"
    ],
    "features": [],
    "totalScore": 181037,
    "nationalRank": 113,
    "prefRank": 3,
    "fearRating": 4.1,
    "ratingCount": 230,
    "outline": "真のsss（シーゾーグムイ付近新川川流域にある御嶽）とは、沖縄県東村にあるその他の心霊スポットです。「しんのすりーえす（しーそーぐむいふきんあらかわがわりゅういきにあるうたき）」と読みます。この場所では老爺の幽霊が現れるといった噂があるため心霊スポットと呼ばれています。",
    "comment": "真のSSSは山原にあると複数箇所に書かれていた 事実かは知らない",
    "imageUrl": "https://ghostmap.jp/img/spot/display/20251103200124274.jpeg",
    "sourceUrl": "https://ghostmap.jp/spotdetail.php?spotcd=950"
   }
  },
  {
   "type": "Feature",
   "geometry": {
    "type": "Point",
    "coordinates": [
     140.646653,
     35.836782
    ]
   },
   "properties": {
    "spotcd": 703,
    "name": "コンコン神社 （下飯田稲荷）",
    "kana": "こんこんじんじゃ （しもいいだいなり）",
    "address": "〒289-0322 千葉県香取市下飯田 下飯田稲荷",
    "prefecture": "千葉県",
    "city": "香取市",
    "genre": "神社・寺",
    "status": "現存",
    "phenomena": [
     "男性の霊"
    ],
    "features": [],
    "totalScore": 181006,
    "nationalRank": 114,
    "prefRank": 15,
    "fearRating": 3.95,
    "ratingCount": 231,
    "outline": "コンコン神社 （下飯田稲荷）とは、千葉県香取市にある幽霊神社（幽霊寺）です。「こんこんじんじゃ （しもいいだいなり）」と読みます。この場所では男性の幽霊が現れるといった噂があるため心霊スポットと呼ばれています。",
    "comment": "ここは空気が違うと言うか不気味の一言です・・・",
    "imageUrl": "https://ghostmap.jp/img/spot/display/20160318222851818.jpg",
    "sourceUrl": "https://ghostmap.jp/spotdetail.php?spotcd=703"
   }
  },
  {
   "type": "Feature",
   "geometry": {
    "type": "Point",
    "coordinates": [
     138.195648,
     36.914147
    ]
   },
   "properties": {
    "spotcd": 4120,
    "name": "妙高青少年自然の家",
    "kana": "みょうこうせいしょうねんしぜんのいえ",
    "address": "〒949-2235 新潟県妙高市関山６３２３−２",
    "prefecture": "新潟県",
    "city": "妙高市",
    "genre": "ホテル・旅館",
    "status": "現存",
    "phenomena": [
     "老婆の霊"
    ],
    "features": [],
    "totalScore": 171443,
    "nationalRank": 115,
    "prefRank": 3,
    "fearRating": 3.56,
    "ratingCount": 364,
    "outline": "妙高青少年自然の家とは、新潟県妙高市にある幽霊ホテル（幽霊旅館）です。「みょうこうせいしょうねんしぜんのいえ」と読みます。この場所では老婆の幽霊が現れるといった噂があるため心霊スポットと呼ばれています。",
    "comment": "今度自然教室で妙高行くんだけどここ泊まる",
    "imageUrl": null,
    "sourceUrl": "https://ghostmap.jp/spotdetail.php?spotcd=4120"
   }
  },
  {
   "type": "Feature",
   "geometry": {
    "type": "Point",
    "coordinates": [
     140.4172,
     36.697961
    ]
   },
   "properties": {
    "spotcd": 3677,
    "name": "本覚寺(詐欺寺)",
    "kana": "ほんかくじ(さぎてら)",
    "address": "〒319-3363 茨城県久慈郡大子町北富田１７０４−３ ※関係者以外は立ち入り禁止、無断で入ると不法侵入になります",
    "prefecture": "茨城県",
    "city": "大子町",
    "genre": "神社・寺",
    "status": "現存",
    "phenomena": [
     "女性の霊",
     "心霊写真",
     "祟り"
    ],
    "features": [
     "廃墟",
     "茨城県の廃墟"
    ],
    "totalScore": 171402,
    "nationalRank": 116,
    "prefRank": 2,
    "fearRating": 4.4,
    "ratingCount": 292,
    "outline": "本覚寺(詐欺寺) とは、茨城県大子町にある心霊廃墟です。「ほんかくじ(さぎてら)」と読みます。この場所では女性の幽霊が現れるといった噂があるため心霊スポットと呼ばれています。",
    "comment": "「本覚」と「本格」で音が通じているけど、結局本格的だったのは詐欺の手法だけだった、ってことか。",
    "imageUrl": "https://ghostmap.jp/img/spot/display/20230219083321806.jpeg",
    "sourceUrl": "https://ghostmap.jp/spotdetail.php?spotcd=3677"
   }
  },
  {
   "type": "Feature",
   "geometry": {
    "type": "Point",
    "coordinates": [
     139.177839,
     36.550591
    ]
   },
   "properties": {
    "spotcd": 1482,
    "name": "赤城少年自然の家",
    "kana": "あかぎしょうねんしぜんのいえ",
    "address": "〒371-0101 群馬県前橋市富士見町赤城山 前橋市赤城少年自然の家",
    "prefecture": "群馬県",
    "city": "前橋市",
    "genre": "ホテル・旅館",
    "status": "現存",
    "phenomena": [
     "少女の霊",
     "声"
    ],
    "features": [],
    "totalScore": 171188,
    "nationalRank": 117,
    "prefRank": 3,
    "fearRating": 3.48,
    "ratingCount": 306,
    "outline": "赤城少年自然の家とは、群馬県前橋市にある幽霊ホテル（幽霊旅館）です。「あかぎしょうねんしぜんのいえ」と読みます。この場所では少女の幽霊が現れるといった噂があるため心霊スポットと呼ばれています。",
    "comment": "他にもこんなウワサがある。 ・最上階の部屋なのにで上からドンドンって物音が聞こえる ・廊下から複数人が行進しているような靴の音が聞こえる ・トイレからバケツが転がるような音が聞こえる",
    "imageUrl": null,
    "sourceUrl": "https://ghostmap.jp/spotdetail.php?spotcd=1482"
   }
  },
  {
   "type": "Feature",
   "geometry": {
    "type": "Point",
    "coordinates": [
     132.87852,
     33.996273
    ]
   },
   "properties": {
    "spotcd": 455,
    "name": "死入道峠（笹ヶ峠）",
    "kana": "しにゅうどうとうげ（ささがとうげ）",
    "address": "愛媛県松山市庄府県道17号線",
    "prefecture": "愛媛県",
    "city": "松山市",
    "genre": "道・峠",
    "status": "現存",
    "phenomena": [
     "正体不明の霊"
    ],
    "features": [
     "姥捨て山"
    ],
    "totalScore": 171170,
    "nationalRank": 118,
    "prefRank": 1,
    "fearRating": 4.31,
    "ratingCount": 248,
    "outline": "死入道峠（笹ヶ峠）とは、愛媛県松山市にある道・峠の心霊スポットです。「しにゅうどうとうげ（ささがとうげ）」と読みます。この場所では正体不明の幽霊が現れるといった噂があるため心霊スポットと呼ばれています。",
    "comment": "老人を捨てるさいに特殊な儀式を行っていたらしい、詳しくは知らないけど・・ 儀式を行っていた場所はその時の名残なのか「松山市儀式」という地名になっている なんの因果かちょうど老人ホームのある場所だ",
    "imageUrl": "https://ghostmap.jp/img/spot/display/201503192050390.jpg",
    "sourceUrl": "https://ghostmap.jp/spotdetail.php?spotcd=455"
   }
  },
  {
   "type": "Feature",
   "geometry": {
    "type": "Point",
    "coordinates": [
     139.848974,
     35.961063
    ]
   },
   "properties": {
    "spotcd": 1242,
    "name": "清水公園",
    "kana": "しみずこうえん",
    "address": "〒278-0043 千葉県野田市清水９９３",
    "prefecture": "千葉県",
    "city": "野田市",
    "genre": "公園・城跡",
    "status": "現存",
    "phenomena": [
     "男性の霊"
    ],
    "features": [
     "キャンプ場"
    ],
    "totalScore": 171044,
    "nationalRank": 119,
    "prefRank": 16,
    "fearRating": 3.53,
    "ratingCount": 265,
    "outline": "清水公園とは、千葉県野田市にある公園・城跡の心霊スポットです。「しみずこうえん」と読みます。この場所では男性の幽霊が現れるといった噂があるため心霊スポットと呼ばれています。",
    "comment": "焼身は本当。 少なくとも駐車場で車に火をつけて焼身自殺したお婆さんをひとり知ってる。",
    "imageUrl": "https://ghostmap.jp/img/spot/display/20170624225641446.jpg",
    "sourceUrl": "https://ghostmap.jp/spotdetail.php?spotcd=1242"
   }
  },
  {
   "type": "Feature",
   "geometry": {
    "type": "Point",
    "coordinates": [
     131.990631,
     33.979369
    ]
   },
   "properties": {
    "spotcd": 4225,
    "name": "メリーさんの家(光市岩田)",
    "kana": "めりーさんのいえ(ひかりしいわた)",
    "address": "〒743-0103 山口県光市岩田３１４ ※関係者以外は立ち入り禁止、無断で入ると不法侵入になります",
    "prefecture": "山口県",
    "city": "光市",
    "genre": "住居",
    "status": "現存",
    "phenomena": [
     "少女の霊"
    ],
    "features": [
     "廃墟",
     "山口県の廃墟"
    ],
    "totalScore": 171044,
    "nationalRank": 120,
    "prefRank": 2,
    "fearRating": 3.69,
    "ratingCount": 255,
    "outline": "メリーさんの家(光市岩田)とは、山口県光市にある心霊廃墟です。「めりーさんのいえ(ひかりしいわた)」と読みます。この場所では少女の幽霊が現れるといった噂があるため心霊スポットと呼ばれています。",
    "comment": "無し",
    "imageUrl": "https://ghostmap.jp/img/spot/display/20220120102714676.jpeg",
    "sourceUrl": "https://ghostmap.jp/spotdetail.php?spotcd=4225"
   }
  },
  {
   "type": "Feature",
   "geometry": {
    "type": "Point",
    "coordinates": [
     130.498085,
     31.517251
    ]
   },
   "properties": {
    "spotcd": 3553,
    "name": "木ノ下川",
    "kana": "きのしたがわ",
    "address": "〒891-0144 鹿児島県鹿児島市下福元町１５７８−３",
    "prefecture": "鹿児島県",
    "city": "鹿児島市",
    "genre": "川・滝",
    "status": "現存",
    "phenomena": [
     "男性の霊",
     "声",
     "人影"
    ],
    "features": [],
    "totalScore": 161219,
    "nationalRank": 122,
    "prefRank": 2,
    "fearRating": 4.78,
    "ratingCount": 235,
    "outline": "木ノ下川とは、鹿児島県鹿児島市にあるオバケ川（幽霊滝）です。「きのしたがわ」と読みます。この場所では男性の幽霊が現れるといった噂があるため心霊スポットと呼ばれています。",
    "comment": "遊び場だった。確かにお地蔵さんはあったな",
    "imageUrl": "https://ghostmap.jp/img/spot/display/20250330172250870.jpg",
    "sourceUrl": "https://ghostmap.jp/spotdetail.php?spotcd=3553"
   }
  },
  {
   "type": "Feature",
   "geometry": {
    "type": "Point",
    "coordinates": [
     135.110233,
     35.121761
    ]
   },
   "properties": {
    "spotcd": 3044,
    "name": "吉祥苑",
    "kana": "きっしょうえん",
    "address": "〒669-3304 兵庫県丹波市柏原町上小倉３７３ ※関係者以外は立ち入り禁止、無断で入ると不法侵入になります",
    "prefecture": "兵庫県",
    "city": "丹波市",
    "genre": "商業施設",
    "status": "現存",
    "phenomena": [
     "男性の霊",
     "声"
    ],
    "features": [
     "廃墟",
     "兵庫県の廃墟"
    ],
    "totalScore": 161124,
    "nationalRank": 123,
    "prefRank": 3,
    "fearRating": 3.54,
    "ratingCount": 285,
    "outline": "吉祥苑とは、兵庫県丹波市にある心霊廃墟です。「きっしょうえん」と読みます。この場所では男性の幽霊が現れるといった噂があるため心霊スポットと呼ばれています。",
    "comment": "2階の床が抜けました危険です あと。地下行くのは、やめましょう",
    "imageUrl": "https://ghostmap.jp/img/spot/display/20230112182127761.jpg",
    "sourceUrl": "https://ghostmap.jp/spotdetail.php?spotcd=3044"
   }
  },
  {
   "type": "Feature",
   "geometry": {
    "type": "Point",
    "coordinates": [
     133.796507,
     34.444972
    ]
   },
   "properties": {
    "spotcd": 1168,
    "name": "ホテル ラ・レインボー",
    "kana": "ほてる ら・れいんぼー",
    "address": "〒711-0926 岡山県倉敷市下津井吹上 県道393号線 ※関係者以外は立ち入り禁止、無断で入ると不法侵入になります",
    "prefecture": "岡山県",
    "city": "倉敷市",
    "genre": "ホテル・旅館",
    "status": "現存",
    "phenomena": [
     "男性の霊",
     "人影"
    ],
    "features": [
     "廃墟",
     "岡山県の廃墟"
    ],
    "totalScore": 20958,
    "nationalRank": 124,
    "prefRank": 1,
    "fearRating": 3.69,
    "ratingCount": 234,
    "outline": "ホテル ラ・レインボーとは、岡山県倉敷市にある心霊廃墟です。「ほてる ら・れいんぼー」と読みます。この場所では男性の幽霊が現れるといった噂があるため心霊スポットと呼ばれています。",
    "comment": "かつみさゆりさんが経営されてますよね？",
    "imageUrl": "https://ghostmap.jp/img/spot/display/20210426213813349.jpg",
    "sourceUrl": "https://ghostmap.jp/spotdetail.php?spotcd=1168"
   }
  },
  {
   "type": "Feature",
   "geometry": {
    "type": "Point",
    "coordinates": [
     139.105043,
     36.506185
    ]
   },
   "properties": {
    "spotcd": 1735,
    "name": "赤城山の白い家",
    "kana": "あかぎやまのしろいいえ",
    "address": "〒371-0101 群馬県前橋市富士見町赤城山１２０４−２９１ ※関係者以外は立ち入り禁止、無断で入ると不法侵入になります",
    "prefecture": "群馬県",
    "city": "前橋市",
    "genre": "住居",
    "status": "現存",
    "phenomena": [
     "女性の霊",
     "人影"
    ],
    "features": [
     "廃墟",
     "群馬県の廃墟"
    ],
    "totalScore": 20947,
    "nationalRank": 125,
    "prefRank": 4,
    "fearRating": 3.71,
    "ratingCount": 230,
    "outline": "赤城山の白い家とは、群馬県前橋市にある心霊廃墟です。「あかぎやまのしろいいえ」と読みます。この場所では女性の幽霊が現れるといった噂があるため心霊スポットと呼ばれています。",
    "comment": "ゾゾゾチャンネルの動画を見たという人手上げて✋",
    "imageUrl": "https://ghostmap.jp/img/spot/display/20240710141023663.jpeg",
    "sourceUrl": "https://ghostmap.jp/spotdetail.php?spotcd=1735"
   }
  },
  {
   "type": "Feature",
   "geometry": {
    "type": "Point",
    "coordinates": [
     137.484322,
     34.800144
    ]
   },
   "properties": {
    "spotcd": 167,
    "name": "首狩神社（浅間神社）",
    "kana": "くびかりじんじゃ（せんげんじんじゃ）",
    "address": "〒441-1111 愛知県豊橋市嵩山町８７ 浅間神社富士社",
    "prefecture": "愛知県",
    "city": "豊橋市",
    "genre": "神社・寺",
    "status": "現存",
    "phenomena": [
     "男性の霊"
    ],
    "features": [
     "何だコレ！？",
     "処刑場"
    ],
    "totalScore": 20905,
    "nationalRank": 126,
    "prefRank": 4,
    "fearRating": 3.55,
    "ratingCount": 229,
    "outline": "首狩神社（浅間神社）とは、愛知県豊橋市にある幽霊神社（幽霊寺）です。「くびかりじんじゃ（せんげんじんじゃ）」と読みます。この場所では男性の幽霊が現れるといった噂があるため心霊スポットと呼ばれています。",
    "comment": "夜中に通りかかったら階段のとこに白装束の女の人が立っているのを上司とみました。",
    "imageUrl": "https://ghostmap.jp/img/spot/display/20180829215228838.jpg",
    "sourceUrl": "https://ghostmap.jp/spotdetail.php?spotcd=167"
   }
  },
  {
   "type": "Feature",
   "geometry": {
    "type": "Point",
    "coordinates": [
     141.001819,
     42.301745
    ]
   },
   "properties": {
    "spotcd": 387,
    "name": "地球岬",
    "kana": "ちきゅうみさき",
    "address": "〒051-0003 北海道室蘭市母恋南町４丁目無番地",
    "prefecture": "北海道",
    "city": "室蘭市",
    "genre": "海",
    "status": "現存",
    "phenomena": [
     "女性の霊",
     "心霊写真"
    ],
    "features": [
     "自殺の名所"
    ],
    "totalScore": 20762,
    "nationalRank": 127,
    "prefRank": 7,
    "fearRating": 3.73,
    "ratingCount": 184,
    "outline": "地球岬とは、北海道室蘭市にある海の心霊スポットです。「ちきゅうみさき」と読みます。この場所では女性の幽霊が現れるといった噂があるため心霊スポットと呼ばれています。",
    "comment": "個人情報、及び自殺予告の内容を含むコメントを削除しました。",
    "imageUrl": "https://ghostmap.jp/img/spot/display/201411012248170.jpg",
    "sourceUrl": "https://ghostmap.jp/spotdetail.php?spotcd=387"
   }
  },
  {
   "type": "Feature",
   "geometry": {
    "type": "Point",
    "coordinates": [
     139.614336,
     36.025256
    ]
   },
   "properties": {
    "spotcd": 955,
    "name": "黒い家",
    "kana": "くろいいえ",
    "address": "非公開 ※関係者以外は立ち入り禁止、無断で入ると不法侵入になります",
    "prefecture": "埼玉県",
    "city": "蓮田市",
    "genre": "住居",
    "status": "現存",
    "phenomena": [
     "男性の霊"
    ],
    "features": [
     "廃墟",
     "埼玉県の廃墟"
    ],
    "totalScore": 20759,
    "nationalRank": 128,
    "prefRank": 13,
    "fearRating": 3.13,
    "ratingCount": 215,
    "outline": "黒い家とは、埼玉県蓮田市にある心霊廃墟です。「くろいいえ」と読みます。この場所では男性の幽霊が現れるといった噂があるため心霊スポットと呼ばれています。",
    "comment": "拓殖銀行の破綻で大損ぶっこいた人んちだね。ここ普通に家主居るからね。失礼のないようにね。",
    "imageUrl": "https://ghostmap.jp/img/spot/display/20180901121526763.jpg",
    "sourceUrl": "https://ghostmap.jp/spotdetail.php?spotcd=955"
   }
  },
  {
   "type": "Feature",
   "geometry": {
    "type": "Point",
    "coordinates": [
     139.711648,
     35.675402
    ]
   },
   "properties": {
    "spotcd": 13,
    "name": "千駄ヶ谷トンネル",
    "kana": "せんだがやとんねる",
    "address": "〒151-0051 東京都渋谷区千駄ヶ谷２丁目２４−１",
    "prefecture": "東京都",
    "city": "渋谷区",
    "genre": "トンネル",
    "status": "現存",
    "phenomena": [
     "女性の霊",
     "心霊写真"
    ],
    "features": [
     "2chオカルト住民",
     "心霊スポット巡礼ツアー"
    ],
    "totalScore": 20730,
    "nationalRank": 129,
    "prefRank": 8,
    "fearRating": 3.52,
    "ratingCount": 186,
    "outline": "千駄ヶ谷トンネルとは、東京都渋谷区にあるお化けトンネルです。「せんだがやとんねる」と読みます。この場所では女性の幽霊が現れるといった噂があるため心霊スポットと呼ばれています。",
    "comment": "この上の住職良い方ですよー 地元なのですが周りの噂だけで何も起きてません。 夜中にココに来て騒ぐ輩が一番コワイですw",
    "imageUrl": "https://ghostmap.jp/img/spot/display/20260827223941395.jpeg",
    "sourceUrl": "https://ghostmap.jp/spotdetail.php?spotcd=13"
   }
  },
  {
   "type": "Feature",
   "geometry": {
    "type": "Point",
    "coordinates": [
     140.83593,
     40.862417
    ]
   },
   "properties": {
    "spotcd": 964,
    "name": "野内病院",
    "kana": "のないびょういん",
    "address": "〒039-3503 青森県青森市野内浦島２０３ ※関係者以外は立ち入り禁止、無断で入ると不法侵入になります",
    "prefecture": "青森県",
    "city": "青森市",
    "genre": "病院",
    "status": "現存",
    "phenomena": [
     "少女の霊"
    ],
    "features": [
     "廃墟",
     "青森県の廃墟"
    ],
    "totalScore": 20725,
    "nationalRank": 130,
    "prefRank": 2,
    "fearRating": 3.67,
    "ratingCount": 178,
    "outline": "野内病院とは、青森県青森市にある心霊廃墟です。「のないびょういん」と読みます。この場所では少女の幽霊が現れるといった噂があるため心霊スポットと呼ばれています。",
    "comment": "バスはいったら次の日熱8ど9でた",
    "imageUrl": "https://ghostmap.jp/img/spot/display/20200518172947643.jpg",
    "sourceUrl": "https://ghostmap.jp/spotdetail.php?spotcd=964"
   }
  },
  {
   "type": "Feature",
   "geometry": {
    "type": "Point",
    "coordinates": [
     138.836693,
     35.474633
    ]
   },
   "properties": {
    "spotcd": 6863,
    "name": "明見大橋",
    "kana": "あすみおおはし",
    "address": "〒403-0003 山梨県富士吉田市大明見明見大橋",
    "prefecture": "山梨県",
    "city": "富士吉田市",
    "genre": "橋",
    "status": "現存",
    "phenomena": [
     "男性の霊"
    ],
    "features": [
     "自殺の名所"
    ],
    "totalScore": 20643,
    "nationalRank": 131,
    "prefRank": 3,
    "fearRating": 4.03,
    "ratingCount": 145,
    "outline": "明見大橋とは、山梨県富士吉田市にある幽霊橋です。「あすみおおはし」と読みます。この場所では男性の幽霊が現れるといった噂があるため心霊スポットと呼ばれています。",
    "comment": "こんなところあったのか。。。近頃デマスポットが多いが、確実に人が亡くなってるとこは怖いな。",
    "imageUrl": "https://ghostmap.jp/img/spot/display/20250316140059165.jpg",
    "sourceUrl": "https://ghostmap.jp/spotdetail.php?spotcd=6863"
   }
  },
  {
   "type": "Feature",
   "geometry": {
    "type": "Point",
    "coordinates": [
     137.145767,
     34.807355
    ]
   },
   "properties": {
    "spotcd": 564,
    "name": "三州園ホテル",
    "kana": "さんしゅうえんほてる",
    "address": "〒444-0701 愛知県西尾市東東幡豆町入会山１ ※関係者以外は立ち入り禁止、無断で入ると不法侵入になります",
    "prefecture": "愛知県",
    "city": "幸田町",
    "genre": "ホテル・旅館",
    "status": "現存",
    "phenomena": [
     "男性の霊"
    ],
    "features": [
     "廃墟",
     "愛知県の廃墟",
     "火事"
    ],
    "totalScore": 20599,
    "nationalRank": 132,
    "prefRank": 5,
    "fearRating": 3.3,
    "ratingCount": 163,
    "outline": "三州園ホテルとは、愛知県幸田町にある心霊廃墟です。「さんしゅうえんほてる」と読みます。この場所では男性の幽霊が現れるといった噂があるため心霊スポットと呼ばれています。",
    "comment": "コメント欄に何匹か幽霊混じってますよ。",
    "imageUrl": "https://ghostmap.jp/img/spot/display/201509060056190.jpg",
    "sourceUrl": "https://ghostmap.jp/spotdetail.php?spotcd=564"
   }
  },
  {
   "type": "Feature",
   "geometry": {
    "type": "Point",
    "coordinates": [
     139.439852,
     36.258234
    ]
   },
   "properties": {
    "spotcd": 723,
    "name": "クリスタルハウス",
    "kana": "くりすたるはうす",
    "address": "〒370-0615 群馬県邑楽郡邑楽町篠塚３９２０ ※関係者以外は立ち入り禁止、無断で入ると不法侵入になります",
    "prefecture": "群馬県",
    "city": "邑楽町",
    "genre": "ホテル・旅館",
    "status": "現存",
    "phenomena": [
     "女性の霊"
    ],
    "features": [
     "廃墟",
     "群馬県の廃墟"
    ],
    "totalScore": 20512,
    "nationalRank": 133,
    "prefRank": 5,
    "fearRating": 3.53,
    "ratingCount": 130,
    "outline": "クリスタルハウスとは、群馬県邑楽町にある心霊廃墟です。「くりすたるはうす」と読みます。この場所では女性の幽霊が現れるといった噂があるため心霊スポットと呼ばれています。",
    "comment": "もう解体されました。",
    "imageUrl": "https://ghostmap.jp/img/spot/display/20160408215015575.jpg",
    "sourceUrl": "https://ghostmap.jp/spotdetail.php?spotcd=723"
   }
  },
  {
   "type": "Feature",
   "geometry": {
    "type": "Point",
    "coordinates": [
     139.8305,
     35.91898
    ]
   },
   "properties": {
    "spotcd": 619,
    "name": "エローラ風車",
    "kana": "えろーらふうしゃ",
    "address": "〒343-0114 埼玉県北葛飾郡松伏町ゆめみ野東４丁目２−１５",
    "prefecture": "埼玉県",
    "city": "松伏町",
    "genre": "公園・城跡",
    "status": "現存",
    "phenomena": [
     "女性の霊"
    ],
    "features": [],
    "totalScore": 19997,
    "nationalRank": 135,
    "prefRank": 14,
    "fearRating": 3.76,
    "ratingCount": 239,
    "outline": "エローラ風車とは、埼玉県松伏町にある公園・城跡の心霊スポットです。「えろーらふうしゃ」と読みます。この場所では女性の幽霊が現れるといった噂があるため心霊スポットと呼ばれています。",
    "comment": "深夜にユーチューブの動画撮影に行きました。確かに不気味でしたね",
    "imageUrl": "https://ghostmap.jp/img/spot/display/20220308195309066.JPG",
    "sourceUrl": "https://ghostmap.jp/spotdetail.php?spotcd=619"
   }
  },
  {
   "type": "Feature",
   "geometry": {
    "type": "Point",
    "coordinates": [
     139.63888,
     35.43343
    ]
   },
   "properties": {
    "spotcd": 710,
    "name": "打越橋",
    "kana": "うちこしばし",
    "address": "〒232-0034 神奈川県横浜市南区唐沢１",
    "prefecture": "神奈川県",
    "city": "横浜市",
    "genre": "橋",
    "status": "現存",
    "phenomena": [
     "女性の霊"
    ],
    "features": [],
    "totalScore": 19991,
    "nationalRank": 136,
    "prefRank": 11,
    "fearRating": 3.59,
    "ratingCount": 248,
    "outline": "打越橋とは、神奈川県横浜市にある幽霊橋です。「うちこしばし」と読みます。この場所では女性の幽霊が現れるといった噂があるため心霊スポットと呼ばれています。",
    "comment": "祖父が市電の運転手だったからいろんな話を聞きますが仕事上自殺者の第一発見者になることが多く、打越橋を通る3系統の運転手はすごく嫌がられていたと言っていました",
    "imageUrl": "https://ghostmap.jp/img/spot/display/20160319195735959.JPG",
    "sourceUrl": "https://ghostmap.jp/spotdetail.php?spotcd=710"
   }
  },
  {
   "type": "Feature",
   "geometry": {
    "type": "Point",
    "coordinates": [
     139.431198,
     35.7634
    ]
   },
   "properties": {
    "spotcd": 904,
    "name": "多摩湖",
    "kana": "たまこ",
    "address": "〒207-0002 東京都東大和市湖畔２丁目１０４４−１９８",
    "prefecture": "東京都",
    "city": "東大和市",
    "genre": "湖（池）・ダム",
    "status": "現存",
    "phenomena": [
     "老爺の霊"
    ],
    "features": [
     "姥捨て山"
    ],
    "totalScore": 19980,
    "nationalRank": 137,
    "prefRank": 9,
    "fearRating": 3.8,
    "ratingCount": 233,
    "outline": "多摩湖とは、東京都東大和市にある湖（池）・ダムの心霊スポットです。「たまこ」と読みます。この場所では老婆の幽霊が現れるといった噂があるため心霊スポットと呼ばれています。",
    "comment": "日中は最高なドライブコース(๑′ᴗ‵๑) 夜は本当怖すぎ",
    "imageUrl": "https://ghostmap.jp/img/spot/display/20210825160632714.JPG",
    "sourceUrl": "https://ghostmap.jp/spotdetail.php?spotcd=904"
   }
  },
  {
   "type": "Feature",
   "geometry": {
    "type": "Point",
    "coordinates": [
     139.219228,
     35.427908
    ]
   },
   "properties": {
    "spotcd": 359,
    "name": "ヤビツ峠",
    "kana": "やびつとうげ",
    "address": "〒257-0023 神奈川県秦野市寺山 県道70号線",
    "prefecture": "神奈川県",
    "city": "秦野市",
    "genre": "道・峠",
    "status": "現存",
    "phenomena": [
     "老婆の霊"
    ],
    "features": [
     "デートスポット"
    ],
    "totalScore": 19977,
    "nationalRank": 138,
    "prefRank": 12,
    "fearRating": 3.58,
    "ratingCount": 245,
    "outline": "ヤビツ峠とは、神奈川県秦野市にある道・峠の心霊スポットです。「やびつとうげ」と読みます。この場所では老婆の幽霊が現れるといった噂があるため心霊スポットと呼ばれています。",
    "comment": "菜の花展望台のトイレで首吊り自殺があったそうです。近くにはナンバーのないセルシオが放置されている",
    "imageUrl": "https://ghostmap.jp/img/spot/display/20240511085240234.jpg",
    "sourceUrl": "https://ghostmap.jp/spotdetail.php?spotcd=359"
   }
  },
  {
   "type": "Feature",
   "geometry": {
    "type": "Point",
    "coordinates": [
     134.038484,
     35.156013
    ]
   },
   "properties": {
    "spotcd": 248,
    "name": "貝尾集落（津山三十人殺人事件現場）",
    "kana": "かいおしゅうらく（つやまさんじゅうにんさつじんじけんげんば）",
    "address": "〒709-3933 岡山県津山市加茂町行重７７９ ※関係者以外は立ち入り禁止、無断で入ると不法侵入になります",
    "prefecture": "岡山県",
    "city": "津山市",
    "genre": "村・集落",
    "status": "現存",
    "phenomena": [
     "老婆の霊"
    ],
    "features": [
     "廃墟",
     "岡山県の廃墟"
    ],
    "totalScore": 19974,
    "nationalRank": 139,
    "prefRank": 2,
    "fearRating": 3.6,
    "ratingCount": 243,
    "outline": "貝尾集落（津山三十人殺人事件現場）とは、岡山県津山市にある心霊廃墟です。「かいおしゅうらく（つやまさんじゅうにんさつじんじけんげんば）」と読みます。この場所では老婆の幽霊が現れるといった噂があるため心霊スポットと呼ばれています。",
    "comment": "遺書は事件の三日前に書かれたもので、自分の病気(結核)の事やその事で陰口を叩いていた人間へ復讐するって内容だったみたい 病気が原因で徴兵検査に落とされたり、村人から迫害を受けてたらしい",
    "imageUrl": "https://ghostmap.jp/img/spot/display/201404032158400.jpg",
    "sourceUrl": "https://ghostmap.jp/spotdetail.php?spotcd=248"
   }
  },
  {
   "type": "Feature",
   "geometry": {
    "type": "Point",
    "coordinates": [
     131.656126,
     34.276563
    ]
   },
   "properties": {
    "spotcd": 259,
    "name": "佐波川トンネル",
    "kana": "さばがわとんねる",
    "address": "〒747-0401 山口県山口市徳地野谷６２０",
    "prefecture": "山口県",
    "city": "山口市",
    "genre": "トンネル",
    "status": "現存",
    "phenomena": [
     "男性の霊"
    ],
    "features": [],
    "totalScore": 19936,
    "nationalRank": 140,
    "prefRank": 3,
    "fearRating": 4.05,
    "ratingCount": 210,
    "outline": "佐波川トンネルとは、山口県山口市にあるお化けトンネルです。「さばがわとんねる」と読みます。この場所では男性の幽霊が現れるといった噂があるため心霊スポットと呼ばれています。",
    "comment": "友達と肝試し感覚で行った時、橋の手前に車停めて降りた時に、どこからか、お～いと呼ぶ男性の声が聞こえた。ちなみにこの時は女子四人でした。 イタズラである事を祈りながら早々に退散しました。",
    "imageUrl": "https://ghostmap.jp/img/spot/display/20190622104732958.jpg",
    "sourceUrl": "https://ghostmap.jp/spotdetail.php?spotcd=259"
   }
  },
  {
   "type": "Feature",
   "geometry": {
    "type": "Point",
    "coordinates": [
     138.990732,
     36.122214
    ]
   },
   "properties": {
    "spotcd": 490,
    "name": "琴平橋（金比羅橋）",
    "kana": "ことひらばし（こんぴらばし）",
    "address": "〒370-1404 群馬県藤岡市坂原 十石峠街道",
    "prefecture": "群馬県",
    "city": "藤岡市",
    "genre": "橋",
    "status": "現存",
    "phenomena": [
     "女性の霊"
    ],
    "features": [],
    "totalScore": 19932,
    "nationalRank": 141,
    "prefRank": 6,
    "fearRating": 3.99,
    "ratingCount": 212,
    "outline": "琴平橋（金比羅橋）とは、群馬県藤岡市にある幽霊橋です。「ことひらばし（こんぴらばし）」と読みます。この場所では女性の幽霊が現れるといった噂があるため心霊スポットと呼ばれています。",
    "comment": "この場所、例の無法地帯って言っていいぐらいだよ この橋の下、というか湖の下には1つの集落がそのまま沈んでるみたいで、その集落にあった墓に埋葬されてた人が怨念と化してるらしい",
    "imageUrl": "https://ghostmap.jp/img/spot/display/20231129204408055.jpeg",
    "sourceUrl": "https://ghostmap.jp/spotdetail.php?spotcd=490"
   }
  },
  {
   "type": "Feature",
   "geometry": {
    "type": "Point",
    "coordinates": [
     136.11965,
     35.145823
    ]
   },
   "properties": {
    "spotcd": 230,
    "name": "シガイの森（新開の森）",
    "kana": "しがいのもり（しがいのもり）",
    "address": "〒523-0817 滋賀県近江八幡市浅小井町１３６−５",
    "prefecture": "滋賀県",
    "city": "近江八幡市",
    "genre": "山・森",
    "status": "現存",
    "phenomena": [
     "女性の霊"
    ],
    "features": [
     "処刑場"
    ],
    "totalScore": 19930,
    "nationalRank": 142,
    "prefRank": 1,
    "fearRating": 3.77,
    "ratingCount": 223,
    "outline": "シガイの森（新開の森）とは、滋賀県近江八幡市にある山・森の心霊スポットです。「しがいのもり（しがいのもり）」と読みます。この場所では女性の幽霊が現れるといった噂があるため心霊スポットと呼ばれています。",
    "comment": "本当に安土城址から近いんだな。",
    "imageUrl": "https://ghostmap.jp/img/spot/display/201312182246140.jpg",
    "sourceUrl": "https://ghostmap.jp/spotdetail.php?spotcd=230"
   }
  },
  {
   "type": "Feature",
   "geometry": {
    "type": "Point",
    "coordinates": [
     139.002199,
     35.77155
    ]
   },
   "properties": {
    "spotcd": 576,
    "name": "奥多摩湖ロープウェイ",
    "kana": "おくたまころーぷうぇい",
    "address": "東京都西多摩郡奥多摩町 奥多摩周遊道路 ※関係者以外は立ち入り禁止、無断で入ると不法侵入になります",
    "prefecture": "東京都",
    "city": "奥多摩町",
    "genre": "その他",
    "status": "現存",
    "phenomena": [
     "女性の霊",
     "声"
    ],
    "features": [
     "廃墟",
     "東京都の廃墟"
    ],
    "totalScore": 19928,
    "nationalRank": 143,
    "prefRank": 10,
    "fearRating": 3.76,
    "ratingCount": 224,
    "outline": "奥多摩湖ロープウェイとは、東京都奥多摩町にある心霊廃墟です。「おくたまころーぷうぇい」と読みます。この場所では女性の幽霊が現れるといった噂があるため心霊スポットと呼ばれています。",
    "comment": "川野駅は立ち入り禁止で、地元の人が見張ってるので無理に行こうとすると通報されるから注意されたし",
    "imageUrl": "https://ghostmap.jp/img/spot/display/201512152150440.jpg",
    "sourceUrl": "https://ghostmap.jp/spotdetail.php?spotcd=576"
   }
  },
  {
   "type": "Feature",
   "geometry": {
    "type": "Point",
    "coordinates": [
     139.103951,
     37.941811
    ]
   },
   "properties": {
    "spotcd": 690,
    "name": "じゅんさい池公園",
    "kana": "じゅんさいいけこうえん",
    "address": "〒950-0011 新潟県新潟市東区向陽１丁目１３１",
    "prefecture": "新潟県",
    "city": "新潟市",
    "genre": "公園・城跡",
    "status": "現存",
    "phenomena": [
     "正体不明の霊"
    ],
    "features": [
     "自殺の名所"
    ],
    "totalScore": 19928,
    "nationalRank": 144,
    "prefRank": 4,
    "fearRating": 3.58,
    "ratingCount": 233,
    "outline": "じゅんさい池公園とは、新潟県新潟市にある公園・城跡の心霊スポットです。「じゅんさいいけこうえん」と読みます。この場所では正体不明の幽霊が現れるといった噂があるため心霊スポットと呼ばれています。",
    "comment": "そんな事言ったら毎日どこかで人は死んでる。全部心霊スポットになるのか？ 桜キレイだし良い公園やぜ。",
    "imageUrl": "https://ghostmap.jp/img/spot/display/20231023141256851.jpg",
    "sourceUrl": "https://ghostmap.jp/spotdetail.php?spotcd=690"
   }
  },
  {
   "type": "Feature",
   "geometry": {
    "type": "Point",
    "coordinates": [
     137.089725,
     35.442751
    ]
   },
   "properties": {
    "spotcd": 500,
    "name": "銃殺の家",
    "kana": "じゅうさつのいえ",
    "address": "〒505-0125 岐阜県可児郡御嵩町伏見１８０７ ※関係者以外は立ち入り禁止、無断で入ると不法侵入になります",
    "prefecture": "岐阜県",
    "city": "御嵩町",
    "genre": "住居",
    "status": "現存",
    "phenomena": [
     "男性の霊"
    ],
    "features": [
     "廃墟",
     "岐阜県の廃墟"
    ],
    "totalScore": 19927,
    "nationalRank": 146,
    "prefRank": 3,
    "fearRating": 3.55,
    "ratingCount": 234,
    "outline": "銃殺の家とは、岐阜県御嵩町にある心霊廃墟です。「じゅうさつのいえ」と読みます。この場所では男性の幽霊が現れるといった噂があるため心霊スポットと呼ばれています。",
    "comment": "暴力団員のたまり場というより、自殺した家主が裏社会の人間だったんでしょう 年賀状が落ちてましたよ、倉本組舎弟の梅村某さんって方からの",
    "imageUrl": "https://ghostmap.jp/img/spot/display/20220911232518874.jpg",
    "sourceUrl": "https://ghostmap.jp/spotdetail.php?spotcd=500"
   }
  },
  {
   "type": "Feature",
   "geometry": {
    "type": "Point",
    "coordinates": [
     125.352329,
     24.782799
    ]
   },
   "properties": {
    "spotcd": 265,
    "name": "喫茶いずみ",
    "kana": "きっさいずみ",
    "address": "〒906-0000 沖縄県宮古島市城辺長間３７５−５ ※関係者以外は立ち入り禁止、無断で入ると不法侵入になります",
    "prefecture": "沖縄県",
    "city": "宮古島市",
    "genre": "商業施設",
    "status": "現存",
    "phenomena": [
     "男性の霊"
    ],
    "features": [
     "廃墟",
     "沖縄県の廃墟"
    ],
    "totalScore": 19927,
    "nationalRank": 145,
    "prefRank": 4,
    "fearRating": 3.52,
    "ratingCount": 236,
    "outline": "喫茶いずみとは、沖縄県宮古島市にある心霊廃墟です。「きっさいずみ」と読みます。この場所では男性の幽霊が現れるといった噂があるため心霊スポットと呼ばれています。",
    "comment": "いずみはガチでやばい 友達が4人ほどで行ったらしいんだが一人だけ2階まで行ったみたい 地元民ならわかると思うが1階はまだ大丈夫なんだよ 2階に行った友達は今は精神病棟に居るよ…",
    "imageUrl": "https://ghostmap.jp/img/spot/display/20190502214344511.jpeg",
    "sourceUrl": "https://ghostmap.jp/spotdetail.php?spotcd=265"
   }
  },
  {
   "type": "Feature",
   "geometry": {
    "type": "Point",
    "coordinates": [
     136.56057,
     34.462733
    ]
   },
   "properties": {
    "spotcd": 22,
    "name": "女鬼トンネル",
    "kana": "めきとんねる",
    "address": "三重県多気郡多気町 県道119号線",
    "prefecture": "三重県",
    "city": "多気町",
    "genre": "トンネル",
    "status": "現存",
    "phenomena": [
     "女性の霊"
    ],
    "features": [
     "処刑場"
    ],
    "totalScore": 19899,
    "nationalRank": 147,
    "prefRank": 2,
    "fearRating": 3.83,
    "ratingCount": 212,
    "outline": "女鬼トンネルとは、三重県多気町にあるお化けトンネルです。「めきとんねる」と読みます。この場所では女性の幽霊が現れるといった噂があるため心霊スポットと呼ばれています。",
    "comment": "幽霊より地元の不良の方がよくでるしこわいよwww",
    "imageUrl": "https://ghostmap.jp/img/spot/display/20241013214949481.jpeg",
    "sourceUrl": "https://ghostmap.jp/spotdetail.php?spotcd=22"
   }
  },
  {
   "type": "Feature",
   "geometry": {
    "type": "Point",
    "coordinates": [
     130.926409,
     33.332393
    ]
   },
   "properties": {
    "spotcd": 1571,
    "name": "小迫トンネル",
    "kana": "おざことんねる",
    "address": "〒877-0000 大分県日田市小迫１００",
    "prefecture": "大分県",
    "city": "日田市",
    "genre": "トンネル",
    "status": "現存",
    "phenomena": [
     "少女の霊",
     "声"
    ],
    "features": [
     "神隠し"
    ],
    "totalScore": 19888,
    "nationalRank": 148,
    "prefRank": 1,
    "fearRating": 3.97,
    "ratingCount": 203,
    "outline": "小迫トンネルとは、大分県日田市にあるお化けトンネルです。「おざことんねる」と読みます。この場所では少女の幽霊が現れるといった噂があるため心霊スポットと呼ばれています。",
    "comment": "大晦日の夜マジで霧がかかってるとこを見たことある",
    "imageUrl": "https://ghostmap.jp/img/spot/display/20180524194803403.jpeg",
    "sourceUrl": "https://ghostmap.jp/spotdetail.php?spotcd=1571"
   }
  },
  {
   "type": "Feature",
   "geometry": {
    "type": "Point",
    "coordinates": [
     136.125424,
     36.237644
    ]
   },
   "properties": {
    "spotcd": 258,
    "name": "東尋坊",
    "kana": "とうじんぼう",
    "address": "〒913-0064 福井県坂井市三国町安島５９−４７－１１",
    "prefecture": "福井県",
    "city": "坂井市",
    "genre": "海",
    "status": "現存",
    "phenomena": [
     "男性の霊"
    ],
    "features": [
     "自殺の名所"
    ],
    "totalScore": 19886,
    "nationalRank": 149,
    "prefRank": 1,
    "fearRating": 3.8,
    "ratingCount": 211,
    "outline": "東尋坊とは、福井県坂井市にある海の心霊スポットです。「とうじんぼう」と読みます。この場所では男性の幽霊が現れるといった噂があるため心霊スポットと呼ばれています。",
    "comment": "東尋坊は本当は悪い奴どころか正義感溢れる良い奴だったって事か… こんな風に事実が屈折されて語り継がれてる話は他にもあるんだろうな",
    "imageUrl": "https://ghostmap.jp/img/spot/display/20230326001952837.jpg",
    "sourceUrl": "https://ghostmap.jp/spotdetail.php?spotcd=258"
   }
  },
  {
   "type": "Feature",
   "geometry": {
    "type": "Point",
    "coordinates": [
     139.348777,
     35.624781
    ]
   },
   "properties": {
    "spotcd": 54,
    "name": "道了堂跡",
    "kana": "どうりょうどうあと",
    "address": "〒192-0375 東京都八王子市鑓水４０１",
    "prefecture": "東京都",
    "city": "八王子市",
    "genre": "公園・城跡",
    "status": "現存",
    "phenomena": [
     "老婆の霊",
     "声"
    ],
    "features": [],
    "totalScore": 19885,
    "nationalRank": 150,
    "prefRank": 11,
    "fearRating": 4.07,
    "ratingCount": 198,
    "outline": "道了堂跡とは、東京都八王子市にある公園・城跡の心霊スポットです。「どうりょうどうあと」と読みます。この場所では老婆の幽霊が現れるといった噂があるため心霊スポットと呼ばれています。",
    "comment": "お地蔵さん壊すなんて酷い連中だな。",
    "imageUrl": "https://ghostmap.jp/img/spot/display/20220212022740898.jpeg",
    "sourceUrl": "https://ghostmap.jp/spotdetail.php?spotcd=54"
   }
  },
  {
   "type": "Feature",
   "geometry": {
    "type": "Point",
    "coordinates": [
     135.409727,
     34.924073
    ]
   },
   "properties": {
    "spotcd": 556,
    "name": "一庫ダム（龍化トンネル）",
    "kana": "ひとくらだむ（りゅうかとんねる）",
    "address": "〒666-0241 兵庫県川辺郡猪名川町内馬場 能勢街道",
    "prefecture": "兵庫県",
    "city": "猪名川町",
    "genre": "トンネル",
    "status": "現存",
    "phenomena": [
     "女性の霊",
     "足音"
    ],
    "features": [],
    "totalScore": 19865,
    "nationalRank": 151,
    "prefRank": 4,
    "fearRating": 3.96,
    "ratingCount": 198,
    "outline": "一庫ダム（龍化トンネル）とは、兵庫県猪名川町にあるお化けトンネルです。「ひとくらだむ（りゅうかとんねる）」と読みます。この場所では女性の幽霊が現れるといった噂があるため心霊スポットと呼ばれています。",
    "comment": "一庫ダムから帰る途中、真っ暗で名前のないトンネルがあり気味が悪かった",
    "imageUrl": "https://ghostmap.jp/img/spot/display/20191004212631879.jpg",
    "sourceUrl": "https://ghostmap.jp/spotdetail.php?spotcd=556"
   }
  },
  {
   "type": "Feature",
   "geometry": {
    "type": "Point",
    "coordinates": [
     139.159589,
     35.94112
    ]
   },
   "properties": {
    "spotcd": 501,
    "name": "正丸峠",
    "kana": "しょうまるとうげ",
    "address": "〒357-0217 埼玉県飯能市南川４４７",
    "prefecture": "埼玉県",
    "city": "飯能市",
    "genre": "道・峠",
    "status": "現存",
    "phenomena": [
     "少女の霊"
    ],
    "features": [],
    "totalScore": 19860,
    "nationalRank": 152,
    "prefRank": 15,
    "fearRating": 3.73,
    "ratingCount": 208,
    "outline": "正丸峠とは、埼玉県飯能市にある道・峠の心霊スポットです。「しょうまるとうげ」と読みます。この場所では少女の幽霊が現れるといった噂があるため心霊スポットと呼ばれています。",
    "comment": "頭文字の霊でも見たんじゃね？",
    "imageUrl": "https://ghostmap.jp/img/spot/display/201505292256260.jpg",
    "sourceUrl": "https://ghostmap.jp/spotdetail.php?spotcd=501"
   }
  },
  {
   "type": "Feature",
   "geometry": {
    "type": "Point",
    "coordinates": [
     138.591083,
     35.361619
    ]
   },
   "properties": {
    "spotcd": 21,
    "name": "人穴",
    "kana": "ひとあな",
    "address": "〒418-0102 静岡県富士宮市人穴２０６ 人穴浅間神社",
    "prefecture": "静岡県",
    "city": "富士宮市",
    "genre": "山・森",
    "status": "現存",
    "phenomena": [
     "男性の霊"
    ],
    "features": [
     "2chオカルト住民"
    ],
    "totalScore": 19837,
    "nationalRank": 153,
    "prefRank": 4,
    "fearRating": 3.73,
    "ratingCount": 203,
    "outline": "人穴とは、静岡県富士宮市にある山・森の心霊スポットです。「ひとあな」と読みます。この場所では男性の幽霊が現れるといった噂があるため心霊スポットと呼ばれています。",
    "comment": "ただの洞窟。 周りにあるのは墓石ではなく、 単なる記念碑(笑) 帰りに事故るのは単に運転が下手なだけ。 階段横に電灯のスイッチがあるので、 タイミングで人をビビらせるには最適。",
    "imageUrl": "https://ghostmap.jp/img/spot/display/201506291559500.JPG",
    "sourceUrl": "https://ghostmap.jp/spotdetail.php?spotcd=21"
   }
  },
  {
   "type": "Feature",
   "geometry": {
    "type": "Point",
    "coordinates": [
     139.76267,
     35.687332
    ]
   },
   "properties": {
    "spotcd": 14,
    "name": "平将門の首塚",
    "kana": "たいらのまさかどのくびづか",
    "address": "〒100-0004 東京都千代田区大手町１丁目２−１",
    "prefecture": "東京都",
    "city": "千代田区",
    "genre": "墓地・慰霊碑",
    "status": "現存",
    "phenomena": [
     "男性の霊",
     "祟り"
    ],
    "features": [
     "日本三大怨霊",
     "心霊スポット巡礼ツアー"
    ],
    "totalScore": 19832,
    "nationalRank": 154,
    "prefRank": 12,
    "fearRating": 4.22,
    "ratingCount": 180,
    "outline": "平将門の首塚とは、東京都千代田区にある墓地・慰霊碑の心霊スポットです。「たいらのまさかどのくびづか」と読みます。この場所では男性の幽霊が現れるといった噂があるため心霊スポットと呼ばれています。",
    "comment": "むしろ居心地のいいところですよ",
    "imageUrl": "https://ghostmap.jp/img/spot/display/20220821165820742.jpeg",
    "sourceUrl": "https://ghostmap.jp/spotdetail.php?spotcd=14"
   }
  },
  {
   "type": "Feature",
   "geometry": {
    "type": "Point",
    "coordinates": [
     135.381917,
     34.738938
    ]
   },
   "properties": {
    "spotcd": 147,
    "name": "三途の川の踏切",
    "kana": "さんずのかわのふみきり",
    "address": "〒661-0033 兵庫県尼崎市南武庫之荘１２丁目２０−６８",
    "prefecture": "兵庫県",
    "city": "尼崎市",
    "genre": "駅・踏切",
    "status": "現存",
    "phenomena": [
     "女性の霊"
    ],
    "features": [],
    "totalScore": 19832,
    "nationalRank": 155,
    "prefRank": 5,
    "fearRating": 3.56,
    "ratingCount": 210,
    "outline": "三途の川の踏切とは、兵庫県尼崎市にあるお化け駅（お化け踏切）です。「さんずのかわのふみきり」と読みます。この場所では女性の幽霊が現れるといった噂があるため心霊スポットと呼ばれています。",
    "comment": "このすぐ近くに住んでる者だけど、昔から自殺の名所だぞ。",
    "imageUrl": "https://ghostmap.jp/img/spot/display/20240609191906821.png",
    "sourceUrl": "https://ghostmap.jp/spotdetail.php?spotcd=147"
   }
  },
  {
   "type": "Feature",
   "geometry": {
    "type": "Point",
    "coordinates": [
     139.593851,
     35.518913
    ]
   },
   "properties": {
    "spotcd": 4357,
    "name": "HOTELアラン・ド港北",
    "kana": "ほてるあらん・どこうほく",
    "address": "〒224-0044 神奈川県横浜市都筑区川向町１０８１−１ ※関係者以外は立ち入り禁止、無断で入ると不法侵入になります",
    "prefecture": "神奈川県",
    "city": "横浜市",
    "genre": "ホテル・旅館",
    "status": "現存",
    "phenomena": [
     "女性の霊"
    ],
    "features": [
     "廃墟",
     "神奈川県の廃墟"
    ],
    "totalScore": 19824,
    "nationalRank": 156,
    "prefRank": 13,
    "fearRating": 4.1,
    "ratingCount": 183,
    "outline": "HOTELアラン・ド港北とは、神奈川県横浜市にある心霊廃墟です。「ほてるあらん・どこうほく」と読みます。この場所では女性の幽霊が現れるといった噂があるため心霊スポットと呼ばれています。",
    "comment": "1984年11月に開業し、2016年5月頃に閉業したと言われるラブホです。近くにある有名な心霊廃墟、トロピカルは10年以上前に廃業していますが、こちらはつい最近まで営業してたんですね。",
    "imageUrl": "https://ghostmap.jp/img/spot/display/20220213113709299.jpg",
    "sourceUrl": "https://ghostmap.jp/spotdetail.php?spotcd=4357"
   }
  },
  {
   "type": "Feature",
   "geometry": {
    "type": "Point",
    "coordinates": [
     135.790642,
     34.989657
    ]
   },
   "properties": {
    "spotcd": 55,
    "name": "旧東山トンネル（花山トンネル）",
    "kana": "きゅうひがしやまとんねる（かざんとんねる）",
    "address": "〒607-8461 京都府京都市山科区上花山旭山町",
    "prefecture": "京都府",
    "city": "京都市",
    "genre": "トンネル",
    "status": "現存",
    "phenomena": [
     "女性の霊"
    ],
    "features": [
     "処刑場"
    ],
    "totalScore": 19816,
    "nationalRank": 157,
    "prefRank": 2,
    "fearRating": 3.91,
    "ratingCount": 189,
    "outline": "旧東山トンネル（花山トンネル）とは、京都府京都市にあるお化けトンネルです。「きゅうひがしやまとんねる（かざんとんねる）」と読みます。この場所では女性の幽霊が現れるといった噂があるため心霊スポットと呼ばれています。",
    "comment": "トンネル内の電気がついたり消えたりするんはなんで？",
    "imageUrl": "https://ghostmap.jp/img/spot/display/20171124234214748.jpeg",
    "sourceUrl": "https://ghostmap.jp/spotdetail.php?spotcd=55"
   }
  },
  {
   "type": "Feature",
   "geometry": {
    "type": "Point",
    "coordinates": [
     137.18968,
     35.123561
    ]
   },
   "properties": {
    "spotcd": 260,
    "name": "六角堂",
    "kana": "ろっかくどう",
    "address": "〒470-0331 愛知県豊田市平戸橋町波岩 前田家記念堂",
    "prefecture": "愛知県",
    "city": "豊田市",
    "genre": "神社・寺",
    "status": "現存",
    "phenomena": [
     "男性の霊"
    ],
    "features": [],
    "totalScore": 19813,
    "nationalRank": 159,
    "prefRank": 6,
    "fearRating": 3.69,
    "ratingCount": 199,
    "outline": "六角堂とは、愛知県豊田市にある幽霊神社（幽霊寺）です。「ろっかくどう」と読みます。この場所では男性の幽霊が現れるといった噂があるため心霊スポットと呼ばれています。",
    "comment": "タバコを供えるのは単に亡くなった人がタバコ好きだったってことで ご近所かこの土地関連の方でタバコ好きな方がいたのではないかと… それよりか固定してない梯子しかないような場所を開放しちゃってるのが怖い",
    "imageUrl": "https://ghostmap.jp/img/spot/display/20221217184352169.jpg",
    "sourceUrl": "https://ghostmap.jp/spotdetail.php?spotcd=260"
   }
  },
  {
   "type": "Feature",
   "geometry": {
    "type": "Point",
    "coordinates": [
     130.574445,
     31.619643
    ]
   },
   "properties": {
    "spotcd": 975,
    "name": "ペコちゃんハウス",
    "kana": "ぺこちゃんはうす",
    "address": "〒892-0871 鹿児島県鹿児島市吉野町９５７９ ※関係者以外は立ち入り禁止、無断で入ると不法侵入になります",
    "prefecture": "鹿児島県",
    "city": "鹿児島市",
    "genre": "住居",
    "status": "現存",
    "phenomena": [
     "少年の霊"
    ],
    "features": [
     "廃墟",
     "鹿児島県の廃墟"
    ],
    "totalScore": 19813,
    "nationalRank": 158,
    "prefRank": 3,
    "fearRating": 3.22,
    "ratingCount": 224,
    "outline": "ペコちゃんハウスとは、鹿児島県鹿児島市にある心霊廃墟です。「ぺこちゃんはうす」と読みます。この場所では少年の幽霊が現れるといった噂があるため心霊スポットと呼ばれています。",
    "comment": "ペコちゃんハウスってもっと手前にあるオレンジ色の屋根の家かと思ってたけど違う？",
    "imageUrl": "https://ghostmap.jp/img/spot/display/20250315135126939.jpg",
    "sourceUrl": "https://ghostmap.jp/spotdetail.php?spotcd=975"
   }
  },
  {
   "type": "Feature",
   "geometry": {
    "type": "Point",
    "coordinates": [
     130.471578,
     31.729372
    ]
   },
   "properties": {
    "spotcd": 154,
    "name": "入来峠",
    "kana": "いりきとうげ",
    "address": "鹿児島県鹿児島市国道328号線",
    "prefecture": "鹿児島県",
    "city": "鹿児島市",
    "genre": "道・峠",
    "status": "現存",
    "phenomena": [
     "女性の霊"
    ],
    "features": [],
    "totalScore": 19810,
    "nationalRank": 160,
    "prefRank": 4,
    "fearRating": 3.36,
    "ratingCount": 215,
    "outline": "入来峠とは、鹿児島県鹿児島市にある道・峠の心霊スポットです。「いりきとうげ」と読みます。この場所では女性の幽霊が現れるといった噂があるため心霊スポットと呼ばれています。",
    "comment": "昔の頃の墓地の写真です。",
    "imageUrl": "https://ghostmap.jp/img/spot/display/20210816152107216.jpg",
    "sourceUrl": "https://ghostmap.jp/spotdetail.php?spotcd=154"
   }
  },
  {
   "type": "Feature",
   "geometry": {
    "type": "Point",
    "coordinates": [
     140.26706,
     36.382674
    ]
   },
   "properties": {
    "spotcd": 691,
    "name": "佐白山(笠間城跡)",
    "kana": "さしろさん(かさまじょうあと)",
    "address": "〒309-1611 茨城県笠間市笠間３６１３",
    "prefecture": "茨城県",
    "city": "笠間市",
    "genre": "公園・城跡",
    "status": "現存",
    "phenomena": [
     "女性の霊"
    ],
    "features": [
     "神隠し"
    ],
    "totalScore": 19799,
    "nationalRank": 161,
    "prefRank": 4,
    "fearRating": 3.98,
    "ratingCount": 182,
    "outline": "佐白山(笠間城跡)とは、茨城県笠間市にある公園・城跡の心霊スポットです。「さしろさん(かさまじょうあと)」と読みます。この場所では女性の幽霊が現れるといった噂があるため心霊スポットと呼ばれています。",
    "comment": "あそこはマジで面白半分でいかないほうがいいですよ。 かならずなにかしらつれてかえってくるので・・・",
    "imageUrl": "https://ghostmap.jp/img/spot/display/20220429050401306.jpeg",
    "sourceUrl": "https://ghostmap.jp/spotdetail.php?spotcd=691"
   }
  },
  {
   "type": "Feature",
   "geometry": {
    "type": "Point",
    "coordinates": [
     139.254781,
     35.383028
    ]
   },
   "properties": {
    "spotcd": 908,
    "name": "ホテルすかいらぶ",
    "kana": "ほてるすかいらぶ",
    "address": "〒259-1106 神奈川県伊勢原市善波１４３９ ※関係者以外は立ち入り禁止、無断で入ると不法侵入になります",
    "prefecture": "神奈川県",
    "city": "伊勢原市",
    "genre": "ホテル・旅館",
    "status": "現存",
    "phenomena": [
     "女性の霊"
    ],
    "features": [
     "廃墟",
     "神奈川県の廃墟"
    ],
    "totalScore": 19787,
    "nationalRank": 163,
    "prefRank": 14,
    "fearRating": 3.49,
    "ratingCount": 202,
    "outline": "ホテルすかいらぶとは、神奈川県伊勢原市にある心霊廃墟です。「ほてるすかいらぶ」と読みます。この場所では女性の幽霊が現れるといった噂があるため心霊スポットと呼ばれています。",
    "comment": "気味悪い建物が何件かある こわ",
    "imageUrl": "https://ghostmap.jp/img/spot/display/20181009153035778.jpg",
    "sourceUrl": "https://ghostmap.jp/spotdetail.php?spotcd=908"
   }
  },
  {
   "type": "Feature",
   "geometry": {
    "type": "Point",
    "coordinates": [
     133.886594,
     34.525687
    ]
   },
   "properties": {
    "spotcd": 903,
    "name": "常山城跡",
    "kana": "つねやまじょうあと",
    "address": "岡山県玉野市",
    "prefecture": "岡山県",
    "city": "玉野市",
    "genre": "公園・城跡",
    "status": "現存",
    "phenomena": [
     "女性の霊",
     "心霊写真"
    ],
    "features": [],
    "totalScore": 19787,
    "nationalRank": 162,
    "prefRank": 3,
    "fearRating": 4.04,
    "ratingCount": 177,
    "outline": "常山城跡とは、岡山県玉野市にある公園・城跡の心霊スポットです。「つねやまじょうあと」と読みます。この場所では女性の幽霊が現れるといった噂があるため心霊スポットと呼ばれています。",
    "comment": "常山の近所に住んでる友達は否定してたけど、ここはガチだと思うわ。空気違うもん明らかに。",
    "imageUrl": "https://ghostmap.jp/img/spot/display/20220221155623490.jpeg",
    "sourceUrl": "https://ghostmap.jp/spotdetail.php?spotcd=903"
   }
  },
  {
   "type": "Feature",
   "geometry": {
    "type": "Point",
    "coordinates": [
     138.647865,
     35.294138
    ]
   },
   "properties": {
    "spotcd": 328,
    "name": "バンバ穴（婆々穴）",
    "kana": "ばんばあな（ばば々あな）",
    "address": "〒418-0111 静岡県富士宮市山宮",
    "prefecture": "静岡県",
    "city": "富士宮市",
    "genre": "山・森",
    "status": "現存",
    "phenomena": [
     "老婆の霊"
    ],
    "features": [
     "姥捨て山"
    ],
    "totalScore": 19785,
    "nationalRank": 164,
    "prefRank": 5,
    "fearRating": 3.93,
    "ratingCount": 181,
    "outline": "バンバ穴（婆々穴）とは、静岡県富士宮市にある山・森の心霊スポットです。「ばんばあな（ばば々あな）」と読みます。この場所では老婆の幽霊が現れるといった噂があるため心霊スポットと呼ばれています。",
    "comment": "熊は冗談抜きでヤバイ",
    "imageUrl": "https://ghostmap.jp/img/spot/display/201408031416580.jpg",
    "sourceUrl": "https://ghostmap.jp/spotdetail.php?spotcd=328"
   }
  },
  {
   "type": "Feature",
   "geometry": {
    "type": "Point",
    "coordinates": [
     140.572411,
     36.432436
    ]
   },
   "properties": {
    "spotcd": 709,
    "name": "多良崎城跡",
    "kana": "たらざきじょうあと",
    "address": "〒312-0003 茨城県ひたちなか市足崎",
    "prefecture": "茨城県",
    "city": "ひたちなか市",
    "genre": "公園・城跡",
    "status": "現存",
    "phenomena": [
     "女性の霊",
     "声"
    ],
    "features": [],
    "totalScore": 19776,
    "nationalRank": 165,
    "prefRank": 5,
    "fearRating": 4.18,
    "ratingCount": 169,
    "outline": "多良崎城跡とは、茨城県ひたちなか市にある公園・城跡の心霊スポットです。「たらざきじょうあと」と読みます。この場所では女性の幽霊が現れるといった噂があるため心霊スポットと呼ばれています。",
    "comment": "某心霊サイトによると100か所以上の心霊スポットを巡って霊障にあったのは神流湖とここだけらしい",
    "imageUrl": "https://ghostmap.jp/img/spot/display/20160319175413157.jpg",
    "sourceUrl": "https://ghostmap.jp/spotdetail.php?spotcd=709"
   }
  },
  {
   "type": "Feature",
   "geometry": {
    "type": "Point",
    "coordinates": [
     138.951761,
     34.675407
    ]
   },
   "properties": {
    "spotcd": 1389,
    "name": "下田富士屋ホテル（神子元38号室）",
    "kana": "しもだふじやほてる（みこもと38ごうしつ）",
    "address": "〒415-0013 静岡県下田市 東伊豆道路 ※関係者以外は立ち入り禁止、無断で入ると不法侵入になります",
    "prefecture": "静岡県",
    "city": "下田市",
    "genre": "ホテル・旅館",
    "status": "現存",
    "phenomena": [
     "女性の霊",
     "足音",
     "声"
    ],
    "features": [
     "廃墟",
     "静岡県の廃墟"
    ],
    "totalScore": 19764,
    "nationalRank": 166,
    "prefRank": 6,
    "fearRating": 3.77,
    "ratingCount": 183,
    "outline": "下田富士屋ホテル（神子元38号室）とは、静岡県下田市にある心霊廃墟です。「しもだふじやほてる（みこもと38ごうしつ）」と読みます。この場所では女性の幽霊が現れるといった噂があるため心霊スポットと呼ばれています。",
    "comment": "行ってきました。写真を撮ったんですけど、顔らしきものが、二点あり、さらに目見たいのがいっぱい映っていました。動画も撮りましたが、動画には、以上がありませんでした。また今度行ってきます。",
    "imageUrl": "https://ghostmap.jp/img/spot/display/20220928022105380.JPG",
    "sourceUrl": "https://ghostmap.jp/spotdetail.php?spotcd=1389"
   }
  },
  {
   "type": "Feature",
   "geometry": {
    "type": "Point",
    "coordinates": [
     139.729085,
     35.232764
    ]
   },
   "properties": {
    "spotcd": 2609,
    "name": "浦賀燈明堂",
    "kana": "うらがとうみょうどう",
    "address": "〒239-0824 神奈川県横須賀市西浦賀６丁目１",
    "prefecture": "神奈川県",
    "city": "横須賀市",
    "genre": "その他",
    "status": "現存",
    "phenomena": [
     "女性の霊"
    ],
    "features": [
     "処刑場"
    ],
    "totalScore": 19763,
    "nationalRank": 167,
    "prefRank": 15,
    "fearRating": 4.39,
    "ratingCount": 159,
    "outline": "浦賀燈明堂とは、神奈川県横須賀市にあるその他の心霊スポットです。「うらがとうみょうどう」と読みます。この場所では女性の幽霊が現れるといった噂があるため心霊スポットと呼ばれています。",
    "comment": "確かここら辺のトイレで老人の死体があるって聞いたな またここからキャーっていう悲鳴を友達から聞いたな",
    "imageUrl": "https://ghostmap.jp/img/spot/display/20260501040235246.jpg",
    "sourceUrl": "https://ghostmap.jp/spotdetail.php?spotcd=2609"
   }
  },
  {
   "type": "Feature",
   "geometry": {
    "type": "Point",
    "coordinates": [
     136.994705,
     35.34135
    ]
   },
   "properties": {
    "spotcd": 166,
    "name": "入鹿池",
    "kana": "いるかいけ",
    "address": "〒484-0023 愛知県犬山市堤下６０",
    "prefecture": "愛知県",
    "city": "犬山市",
    "genre": "湖（池）・ダム",
    "status": "現存",
    "phenomena": [
     "老婆の霊"
    ],
    "features": [],
    "totalScore": 19760,
    "nationalRank": 168,
    "prefRank": 7,
    "fearRating": 3.51,
    "ratingCount": 194,
    "outline": "入鹿池とは、愛知県犬山市にある湖（池）・ダムの心霊スポットです。「いるかいけ」と読みます。この場所では老婆の幽霊が現れるといった噂があるため心霊スポットと呼ばれています。",
    "comment": "ワカサギ釣りで3000円払って2匹しか釣れなかったことがここでの恐怖体験",
    "imageUrl": "https://ghostmap.jp/img/spot/display/20190609054716502.jpg",
    "sourceUrl": "https://ghostmap.jp/spotdetail.php?spotcd=166"
   }
  },
  {
   "type": "Feature",
   "geometry": {
    "type": "Point",
    "coordinates": [
     139.174665,
     36.639748
    ]
   },
   "properties": {
    "spotcd": 170,
    "name": "薗原ダム",
    "kana": "そのはらだむ",
    "address": "〒378-0324 群馬県沼田市利根町園原 県道267号線 ※関係者以外は立ち入り禁止、無断で入ると不法侵入になります",
    "prefecture": "群馬県",
    "city": "沼田市",
    "genre": "湖（池）・ダム",
    "status": "現存",
    "phenomena": [
     "女性の霊"
    ],
    "features": [
     "廃墟",
     "群馬県の廃墟"
    ],
    "totalScore": 19751,
    "nationalRank": 169,
    "prefRank": 7,
    "fearRating": 3.96,
    "ratingCount": 172,
    "outline": "薗原ダムとは、群馬県沼田市にある心霊廃墟です。「そのはらだむ」と読みます。この場所では女性の幽霊が現れるといった噂があるため心霊スポットと呼ばれています。",
    "comment": "菌原ダムに行った時に頭が痛くなりました心霊写真は映りませんでしたがあまり行かない方がいいと思います",
    "imageUrl": "https://ghostmap.jp/img/spot/display/20180901120629093.jpg",
    "sourceUrl": "https://ghostmap.jp/spotdetail.php?spotcd=170"
   }
  },
  {
   "type": "Feature",
   "geometry": {
    "type": "Point",
    "coordinates": [
     143.22668,
     42.944031
    ]
   },
   "properties": {
    "spotcd": 225,
    "name": "ラブホテル コスモ",
    "kana": "らぶほてる こすも",
    "address": "〒080-0137 北海道河東郡音更町宝来南１条７丁目 道道73号線 ※関係者以外は立ち入り禁止、無断で入ると不法侵入になります",
    "prefecture": "北海道",
    "city": "音更町",
    "genre": "ホテル・旅館",
    "status": "現存",
    "phenomena": [
     "女性の霊",
     "心霊写真"
    ],
    "features": [
     "廃墟",
     "北海道の廃墟"
    ],
    "totalScore": 19737,
    "nationalRank": 170,
    "prefRank": 8,
    "fearRating": 3.32,
    "ratingCount": 198,
    "outline": "ラブホテル コスモとは、北海道音更町にある心霊廃墟です。「らぶほてる こすも」と読みます。この場所では女性の幽霊が現れるといった噂があるため心霊スポットと呼ばれています。",
    "comment": "君は、小宇宙（コスモ）を感じたことがあるンゴか！？ ちなみにワイはないンゴ。 横浜コスモワールドのお化け屋敷子供だましでワロタ。",
    "imageUrl": "https://ghostmap.jp/img/spot/display/20191205162523741.jpeg",
    "sourceUrl": "https://ghostmap.jp/spotdetail.php?spotcd=225"
   }
  },
  {
   "type": "Feature",
   "geometry": {
    "type": "Point",
    "coordinates": [
     138.934806,
     34.830822
    ]
   },
   "properties": {
    "spotcd": 20,
    "name": "旧天城トンネル",
    "kana": "きゅうあまぎとんねる",
    "address": "静岡県伊豆市湯ケ島下田街道",
    "prefecture": "静岡県",
    "city": "伊豆市",
    "genre": "トンネル",
    "status": "現存",
    "phenomena": [
     "女性の霊"
    ],
    "features": [],
    "totalScore": 19732,
    "nationalRank": 171,
    "prefRank": 7,
    "fearRating": 3.71,
    "ratingCount": 178,
    "outline": "旧天城トンネルとは、静岡県伊豆市にあるお化けトンネルです。「きゅうあまぎとんねる」と読みます。この場所では女性の幽霊が現れるといった噂があるため心霊スポットと呼ばれています。",
    "comment": "トンネルいったら屁がよく出たな。",
    "imageUrl": "https://ghostmap.jp/img/spot/display/20220624100849939.jpg",
    "sourceUrl": "https://ghostmap.jp/spotdetail.php?spotcd=20"
   }
  },
  {
   "type": "Feature",
   "geometry": {
    "type": "Point",
    "coordinates": [
     139.545437,
     35.308261
    ]
   },
   "properties": {
    "spotcd": 341,
    "name": "材木座海岸",
    "kana": "ざいもくざかいがん",
    "address": "〒248-0013 神奈川県鎌倉市材木座５丁目 国道134号線",
    "prefecture": "神奈川県",
    "city": "鎌倉市",
    "genre": "海",
    "status": "現存",
    "phenomena": [
     "男性の霊"
    ],
    "features": [
     "処刑場"
    ],
    "totalScore": 19727,
    "nationalRank": 172,
    "prefRank": 16,
    "fearRating": 4.16,
    "ratingCount": 159,
    "outline": "材木座海岸とは、神奈川県鎌倉市にある海の心霊スポットです。「ざいもくざかいがん」と読みます。この場所では男性の幽霊が現れるといった噂があるため心霊スポットと呼ばれています。",
    "comment": "坂ノ下の釜揚げしらすマジうめえ",
    "imageUrl": "https://ghostmap.jp/img/spot/display/201408162135410.jpg",
    "sourceUrl": "https://ghostmap.jp/spotdetail.php?spotcd=341"
   }
  },
  {
   "type": "Feature",
   "geometry": {
    "type": "Point",
    "coordinates": [
     137.053027,
     35.256081
    ]
   },
   "properties": {
    "spotcd": 294,
    "name": "東谷山",
    "kana": "とうごくさん",
    "address": "〒463-0001 愛知県名古屋市守山区上志段味東谷２０９９",
    "prefecture": "愛知県",
    "city": "名古屋市",
    "genre": "山・森",
    "status": "現存",
    "phenomena": [
     "女性の霊"
    ],
    "features": [
     "デートスポット"
    ],
    "totalScore": 19725,
    "nationalRank": 173,
    "prefRank": 8,
    "fearRating": 3.76,
    "ratingCount": 174,
    "outline": "東谷山とは、愛知県名古屋市にある山・森の心霊スポットです。「とうごくさん」と読みます。この場所では女性の幽霊が現れるといった噂があるため心霊スポットと呼ばれています。",
    "comment": "確かに夜景はきれいだったけど、寒気がした。 何年か前は、登山口の反対側にあるラブホの当たりから、尾張戸神社まで車で行けたのに、今はバリケードがあって行けなくなっていた。",
    "imageUrl": "https://ghostmap.jp/img/spot/display/20250324024117282.jpeg",
    "sourceUrl": "https://ghostmap.jp/spotdetail.php?spotcd=294"
   }
  },
  {
   "type": "Feature",
   "geometry": {
    "type": "Point",
    "coordinates": [
     134.612398,
     34.238345
    ]
   },
   "properties": {
    "spotcd": 86,
    "name": "ホテルニュー鳴門",
    "kana": "ほてるにゅーなると",
    "address": "〒771-0361 徳島県鳴門市瀬戸町堂浦阿波井６６ ※関係者以外は立ち入り禁止、無断で入ると不法侵入になります",
    "prefecture": "徳島県",
    "city": "鳴門市",
    "genre": "ホテル・旅館",
    "status": "現存",
    "phenomena": [
     "男性の霊",
     "心霊写真"
    ],
    "features": [
     "廃墟",
     "徳島県の廃墟"
    ],
    "totalScore": 19723,
    "nationalRank": 174,
    "prefRank": 1,
    "fearRating": 3.3,
    "ratingCount": 195,
    "outline": "ホテルニュー鳴門とは、徳島県鳴門市にある心霊廃墟です。「ほてるにゅーなると」と読みます。この場所では男性の幽霊が現れるといった噂があるため心霊スポットと呼ばれています。",
    "comment": "ここは、稲川淳治先生がDvDで撮影した恐怖の現場の収録場所です。本当に恐ろしそうな、場所です。撮影機材も、壊れ汀間した、できれば一度行って見たいです、霊感がすごく強いのでいいかもしれません、",
    "imageUrl": "https://ghostmap.jp/img/spot/display/20160625202706343.jpg",
    "sourceUrl": "https://ghostmap.jp/spotdetail.php?spotcd=86"
   }
  },
  {
   "type": "Feature",
   "geometry": {
    "type": "Point",
    "coordinates": [
     140.261017,
     37.397127
    ]
   },
   "properties": {
    "spotcd": 2352,
    "name": "うすい女子寮",
    "kana": "うすいじょしりょう",
    "address": "〒963-0213 福島県郡山市逢瀬町多田野念仏坦２０−２ ※関係者以外は立ち入り禁止、無断で入ると不法侵入になります",
    "prefecture": "福島県",
    "city": "郡山市",
    "genre": "住居",
    "status": "現存",
    "phenomena": [
     "女性の霊",
     "足音"
    ],
    "features": [
     "廃墟",
     "福島県の廃墟"
    ],
    "totalScore": 19721,
    "nationalRank": 175,
    "prefRank": 3,
    "fearRating": 3.6,
    "ratingCount": 180,
    "outline": "うすい女子寮とは、福島県郡山市にある心霊廃墟です。「うすいじょしりょう」と読みます。この場所では女性の幽霊が現れるといった噂があるため心霊スポットと呼ばれています。",
    "comment": "友達と行き、中にも入りましたが自分たちが歩いてきた道から足音が聞こえたりしました 次の日また入ろうとしたら近くに物置的なのがありいきなりバン！ってなり怖すぎてもう行くのやめました",
    "imageUrl": "https://ghostmap.jp/img/spot/display/20251201010053842.jpeg",
    "sourceUrl": "https://ghostmap.jp/spotdetail.php?spotcd=2352"
   }
  },
  {
   "type": "Feature",
   "geometry": {
    "type": "Point",
    "coordinates": [
     141.274575,
     40.435224
    ]
   },
   "properties": {
    "spotcd": 407,
    "name": "三戸トンネル",
    "kana": "さんのへとんねる",
    "address": "〒039-1529 青森県三戸郡五戸町手倉橋",
    "prefecture": "青森県",
    "city": "五戸町",
    "genre": "トンネル",
    "status": "現存",
    "phenomena": [
     "女性の霊",
     "足音"
    ],
    "features": [],
    "totalScore": 19708,
    "nationalRank": 176,
    "prefRank": 3,
    "fearRating": 3.91,
    "ratingCount": 164,
    "outline": "三戸トンネルとは、青森県五戸町にあるお化けトンネルです。「さんのへとんねる」と読みます。この場所では女性の幽霊が現れるといった噂があるため心霊スポットと呼ばれています。",
    "comment": "前にここで赤い服を着た女性を見ましたよ！ 雨が降ってるのにトンネルの前でボーっと立っていたのであれは間違いなく霊だと思います！",
    "imageUrl": "https://ghostmap.jp/img/spot/display/20170523042931628.JPG",
    "sourceUrl": "https://ghostmap.jp/spotdetail.php?spotcd=407"
   }
  },
  {
   "type": "Feature",
   "geometry": {
    "type": "Point",
    "coordinates": [
     136.326108,
     34.675685
    ]
   },
   "properties": {
    "spotcd": 247,
    "name": "旧総谷トンネル",
    "kana": "きゅうそうだにとんねる",
    "address": "〒515-2623 三重県津市白山町上ノ村１０７４",
    "prefecture": "三重県",
    "city": "津市",
    "genre": "トンネル",
    "status": "現存",
    "phenomena": [
     "男性の霊",
     "声"
    ],
    "features": [],
    "totalScore": 19705,
    "nationalRank": 177,
    "prefRank": 3,
    "fearRating": 3.89,
    "ratingCount": 164,
    "outline": "旧総谷トンネルとは、三重県津市にあるお化けトンネルです。「きゅうそうだにとんねる」と読みます。この場所では男性の幽霊が現れるといった噂があるため心霊スポットと呼ばれています。",
    "comment": "行くのはやめましょう。",
    "imageUrl": "https://ghostmap.jp/img/spot/display/20250101211413964.jpeg",
    "sourceUrl": "https://ghostmap.jp/spotdetail.php?spotcd=247"
   }
  },
  {
   "type": "Feature",
   "geometry": {
    "type": "Point",
    "coordinates": [
     131.458515,
     32.025901
    ]
   },
   "properties": {
    "spotcd": 30,
    "name": "久峰隧道（コツコツトンネル）",
    "kana": "ひさみねずいどう（こつこつとんねる）",
    "address": "〒880-0211 宮崎県宮崎市佐土原町下田島２１０８５",
    "prefecture": "宮崎県",
    "city": "宮崎市",
    "genre": "トンネル",
    "status": "現存",
    "phenomena": [
     "女性の霊",
     "足音",
     "声"
    ],
    "features": [],
    "totalScore": 19692,
    "nationalRank": 179,
    "prefRank": 1,
    "fearRating": 3.32,
    "ratingCount": 186,
    "outline": "久峰隧道（コツコツトンネル）とは、宮崎県宮崎市にあるお化けトンネルです。「ひさみねずいどう（こつこつとんねる）」と読みます。この場所では女性の幽霊が現れるといった噂があるため心霊スポットと呼ばれています。",
    "comment": "これの上に慰霊碑が建てられているよ。 トンネル作る段階で人が死にまくったから、その慰霊。",
    "imageUrl": null,
    "sourceUrl": "https://ghostmap.jp/spotdetail.php?spotcd=30"
   }
  },
  {
   "type": "Feature",
   "geometry": {
    "type": "Point",
    "coordinates": [
     139.488602,
     36.399329
    ]
   },
   "properties": {
    "spotcd": 17,
    "name": "須花トンネル",
    "kana": "すばなとんねる",
    "address": "栃木県足利市名草中町県道208号線",
    "prefecture": "栃木県",
    "city": "足利市",
    "genre": "トンネル",
    "status": "現存",
    "phenomena": [
     "女性の霊"
    ],
    "features": [],
    "totalScore": 19674,
    "nationalRank": 181,
    "prefRank": 3,
    "fearRating": 3.89,
    "ratingCount": 157,
    "outline": "須花トンネルとは、栃木県足利市にあるお化けトンネルです。「すばなとんねる」と読みます。この場所では女性の幽霊が現れるといった噂があるため心霊スポットと呼ばれています。",
    "comment": "大正トンネルが一番危険",
    "imageUrl": "https://ghostmap.jp/img/spot/display/20170327231519105.JPG",
    "sourceUrl": "https://ghostmap.jp/spotdetail.php?spotcd=17"
   }
  },
  {
   "type": "Feature",
   "geometry": {
    "type": "Point",
    "coordinates": [
     137.204579,
     35.410242
    ]
   },
   "properties": {
    "spotcd": 323,
    "name": "エロ本小屋",
    "kana": "えろほんこや",
    "address": "〒509-6251 岐阜県瑞浪市日吉町 県道366号線 ※関係者以外は立ち入り禁止、無断で入ると不法侵入になります",
    "prefecture": "岐阜県",
    "city": "瑞浪市",
    "genre": "住居",
    "status": "現存",
    "phenomena": [
     "男性の霊"
    ],
    "features": [
     "廃墟",
     "岐阜県の廃墟"
    ],
    "totalScore": 19666,
    "nationalRank": 183,
    "prefRank": 4,
    "fearRating": 3.16,
    "ratingCount": 187,
    "outline": "エロ本小屋とは、岐阜県瑞浪市にある心霊廃墟です。「えろほんこや」と読みます。この場所では男性の幽霊が現れるといった噂があるため心霊スポットと呼ばれています。",
    "comment": "今エロ本小屋に居ます 表のほうに腐った嘔吐物があるので行かないほうがいい。",
    "imageUrl": "https://ghostmap.jp/img/spot/display/201407271841140.jpg",
    "sourceUrl": "https://ghostmap.jp/spotdetail.php?spotcd=323"
   }
  },
  {
   "type": "Feature",
   "geometry": {
    "type": "Point",
    "coordinates": [
     130.645982,
     32.91651
    ]
   },
   "properties": {
    "spotcd": 34,
    "name": "田原坂",
    "kana": "たばるざか",
    "address": "〒861-0163 熊本県熊本市北区植木町豊岡１６６７",
    "prefecture": "熊本県",
    "city": "熊本市",
    "genre": "道・峠",
    "status": "現存",
    "phenomena": [
     "男性の霊"
    ],
    "features": [],
    "totalScore": 19666,
    "nationalRank": 182,
    "prefRank": 2,
    "fearRating": 3.47,
    "ratingCount": 172,
    "outline": "田原坂とは、熊本県熊本市にある道・峠の心霊スポットです。「たばるざか」と読みます。この場所では男性の幽霊が現れるといった噂があるため心霊スポットと呼ばれています。",
    "comment": "修学旅行でここに行ったけど、バス降りた時からだるくて 坂のところでは誰かに引っ張られてるみたいに足と肩が重かった。 そんな霊感がない僕でも感じたんだから 霊感ある人は行かない方がいいと思う。",
    "imageUrl": "https://ghostmap.jp/img/spot/display/20160810000638954.JPG",
    "sourceUrl": "https://ghostmap.jp/spotdetail.php?spotcd=34"
   }
  },
  {
   "type": "Feature",
   "geometry": {
    "type": "Point",
    "coordinates": [
     139.439152,
     38.211816
    ]
   },
   "properties": {
    "spotcd": 713,
    "name": "ホテルすずきヶ池",
    "kana": "ほてるすずきがいけ",
    "address": "〒958-0037 新潟県村上市瀬波温泉３丁目１−５０ ※関係者以外は立ち入り禁止、無断で入ると不法侵入になります",
    "prefecture": "新潟県",
    "city": "村上市",
    "genre": "ホテル・旅館",
    "status": "現存",
    "phenomena": [
     "女性の霊"
    ],
    "features": [
     "廃墟",
     "新潟県の廃墟"
    ],
    "totalScore": 19665,
    "nationalRank": 184,
    "prefRank": 5,
    "fearRating": 4,
    "ratingCount": 151,
    "outline": "ホテルすずきヶ池とは、新潟県村上市にある心霊廃墟です。「ほてるすずきがいけ」と読みます。この場所では女性の幽霊が現れるといった噂があるため心霊スポットと呼ばれています。",
    "comment": "説明文は丁寧だしせっかく投稿してくれているんだから写真がないくらいで文句を言うのはどうかと ストリートビューと動画が見れるからこの場所の雰囲気は十分に伝わるしね",
    "imageUrl": "https://ghostmap.jp/img/spot/display/20190730171745217.jpeg",
    "sourceUrl": "https://ghostmap.jp/spotdetail.php?spotcd=713"
   }
  },
  {
   "type": "Feature",
   "geometry": {
    "type": "Point",
    "coordinates": [
     139.076398,
     36.29721
    ]
   },
   "properties": {
    "spotcd": 18,
    "name": "群馬の森",
    "kana": "ぐんまのもり",
    "address": "〒370-1208 群馬県高崎市岩鼻町 県道13号線 ※関係者以外は立ち入り禁止、無断で入ると不法侵入になります",
    "prefecture": "群馬県",
    "city": "高崎市",
    "genre": "山・森",
    "status": "現存",
    "phenomena": [
     "男性の霊"
    ],
    "features": [
     "廃墟",
     "群馬県の廃墟"
    ],
    "totalScore": 19663,
    "nationalRank": 185,
    "prefRank": 8,
    "fearRating": 3.66,
    "ratingCount": 163,
    "outline": "群馬の森とは、群馬県高崎市にある心霊廃墟です。「ぐんまのもり」と読みます。この場所では男性の幽霊が現れるといった噂があるため心霊スポットと呼ばれています。",
    "comment": "東京第二陸軍造兵廠岩鼻製造所(岩鼻火薬工廠)という名前だったらしい。",
    "imageUrl": "https://ghostmap.jp/img/spot/display/20231129204702121.jpeg",
    "sourceUrl": "https://ghostmap.jp/spotdetail.php?spotcd=18"
   }
  },
  {
   "type": "Feature",
   "geometry": {
    "type": "Point",
    "coordinates": [
     134.913282,
     35.029153
    ]
   },
   "properties": {
    "spotcd": 1210,
    "name": "糀屋ダム（翠明湖）と翠公園",
    "kana": "こうじやだむ（すいめいこ）とみどりこうえん",
    "address": "〒679-1133 兵庫県多可郡多可町中区糀屋６７７−７",
    "prefecture": "兵庫県",
    "city": "多可町",
    "genre": "湖（池）・ダム",
    "status": "現存",
    "phenomena": [
     "女性の霊"
    ],
    "features": [
     "自殺の名所"
    ],
    "totalScore": 19644,
    "nationalRank": 186,
    "prefRank": 6,
    "fearRating": 3.86,
    "ratingCount": 151,
    "outline": "糀屋ダム（翠明湖）と翠公園とは、兵庫県多可町にある湖（池）・ダムの心霊スポットです。「こうじやだむ（すいめいこ）とみどりこうえん」と読みます。この場所では女性の幽霊が現れるといった噂があるため心霊スポットと呼ばれています。",
    "comment": "ここで何回も引きずりこまれたけど今も元気に生きてます。 死にたくない人には興味無いんやろね",
    "imageUrl": null,
    "sourceUrl": "https://ghostmap.jp/spotdetail.php?spotcd=1210"
   }
  },
  {
   "type": "Feature",
   "geometry": {
    "type": "Point",
    "coordinates": [
     139.006222,
     36.127407
    ]
   },
   "properties": {
    "spotcd": 606,
    "name": "神流湖（下久保ダム）",
    "kana": "かんなこ（しもくぼだむ）",
    "address": "〒367-0313 埼玉県児玉郡神川町矢納 県道331号線",
    "prefecture": "埼玉県",
    "city": "神川町",
    "genre": "湖（池）・ダム",
    "status": "現存",
    "phenomena": [
     "女性の霊",
     "人影"
    ],
    "features": [],
    "totalScore": 19643,
    "nationalRank": 187,
    "prefRank": 16,
    "fearRating": 3.69,
    "ratingCount": 157,
    "outline": "神流湖（下久保ダム）とは、埼玉県神川町にある湖（池）・ダムの心霊スポットです。「かんなこ（しもくぼだむ）」と読みます。この場所では女性の幽霊が現れるといった噂があるため心霊スポットと呼ばれています。",
    "comment": "くだらないデマに釣られて夜中に来て騒いで落書きやらゴミの投機で近隣住民は大変迷惑しているそうです。一度でもやらかしたおバカちゃんは今度は清掃や観光として行ってあげてください。",
    "imageUrl": "https://ghostmap.jp/img/spot/display/201512192214250.jpg",
    "sourceUrl": "https://ghostmap.jp/spotdetail.php?spotcd=606"
   }
  },
  {
   "type": "Feature",
   "geometry": {
    "type": "Point",
    "coordinates": [
     140.355169,
     40.686321
    ]
   },
   "properties": {
    "spotcd": 406,
    "name": "スペース21",
    "kana": "すぺーす21",
    "address": "〒036-1343 青森県弘前市百沢 ※関係者以外は立ち入り禁止、無断で入ると不法侵入になります",
    "prefecture": "青森県",
    "city": "弘前市",
    "genre": "ホテル・旅館",
    "status": "現存",
    "phenomena": [
     "女性の霊"
    ],
    "features": [
     "廃墟",
     "青森県の廃墟"
    ],
    "totalScore": 19641,
    "nationalRank": 188,
    "prefRank": 4,
    "fearRating": 3.71,
    "ratingCount": 157,
    "outline": "スペース21とは、青森県弘前市にある心霊廃墟です。「すぺーす21」と読みます。この場所では女性の幽霊が現れるといった噂があるため心霊スポットと呼ばれています。",
    "comment": "三日前行きました 左上のやつアレですよね？ こめよろです^^",
    "imageUrl": "https://ghostmap.jp/img/spot/display/20260620140343651.jpg",
    "sourceUrl": "https://ghostmap.jp/spotdetail.php?spotcd=406"
   }
  },
  {
   "type": "Feature",
   "geometry": {
    "type": "Point",
    "coordinates": [
     137.012433,
     35.351525
    ]
   },
   "properties": {
    "spotcd": 1071,
    "name": "犬山天狗神社",
    "kana": "いぬやまてんぐじんじゃ",
    "address": "愛知県犬山市",
    "prefecture": "愛知県",
    "city": "犬山市",
    "genre": "神社・寺",
    "status": "現存",
    "phenomena": [
     "男性の霊"
    ],
    "features": [
     "神隠し"
    ],
    "totalScore": 19633,
    "nationalRank": 189,
    "prefRank": 9,
    "fearRating": 3.63,
    "ratingCount": 157,
    "outline": "犬山天狗神社とは、愛知県犬山市にある幽霊神社（幽霊寺）です。「いぬやまてんぐじんじゃ」と読みます。この場所では男性の幽霊が現れるといった噂があるため心霊スポットと呼ばれています。",
    "comment": "一人では恐い",
    "imageUrl": "https://ghostmap.jp/img/spot/display/20240429103126488.jpeg",
    "sourceUrl": "https://ghostmap.jp/spotdetail.php?spotcd=1071"
   }
  },
  {
   "type": "Feature",
   "geometry": {
    "type": "Point",
    "coordinates": [
     129.738244,
     32.628415
    ]
   },
   "properties": {
    "spotcd": 363,
    "name": "軍艦島",
    "kana": "ぐんかんじま",
    "address": "〒851-1315 長崎県長崎市高島町２ ※関係者以外は立ち入り禁止、無断で入ると不法侵入になります",
    "prefecture": "長崎県",
    "city": "長崎市",
    "genre": "その他",
    "status": "現存",
    "phenomena": [
     "男性の霊",
     "心霊写真"
    ],
    "features": [
     "廃墟",
     "長崎県の廃墟"
    ],
    "totalScore": 19627,
    "nationalRank": 190,
    "prefRank": 2,
    "fearRating": 3.51,
    "ratingCount": 160,
    "outline": "軍艦島とは、長崎県長崎市にある心霊廃墟です。「ぐんかんじま」と読みます。この場所では男性の幽霊が現れるといった噂があるため心霊スポットと呼ばれています。",
    "comment": "言わずと知れた軍艦島。拷問とかｗまあこの手の施設に付き物のネタだろう。する意味がないし。",
    "imageUrl": "https://ghostmap.jp/img/spot/display/20191009011313245.jpg",
    "sourceUrl": "https://ghostmap.jp/spotdetail.php?spotcd=363"
   }
  },
  {
   "type": "Feature",
   "geometry": {
    "type": "Point",
    "coordinates": [
     135.37252,
     34.412004
    ]
   },
   "properties": {
    "spotcd": 63,
    "name": "廃養護学校",
    "kana": "はいようごがっこう",
    "address": "〒597-0043 大阪府貝塚市橋本１１７５ ※関係者以外は立ち入り禁止、無断で入ると不法侵入になります",
    "prefecture": "大阪府",
    "city": "貝塚市",
    "genre": "学校",
    "status": "現存",
    "phenomena": [
     "少年の霊"
    ],
    "features": [
     "廃墟",
     "大阪府の廃墟"
    ],
    "totalScore": 19618,
    "nationalRank": 192,
    "prefRank": 7,
    "fearRating": 2.76,
    "ratingCount": 195,
    "outline": "廃養護学校とは、大阪府貝塚市にある心霊廃墟です。「はいようごがっこう」と読みます。この場所では少年の幽霊が現れるといった噂があるため心霊スポットと呼ばれています。",
    "comment": "ここは入所させられたオーバーグラスをかけた霊が出るってホントですか！！",
    "imageUrl": null,
    "sourceUrl": "https://ghostmap.jp/spotdetail.php?spotcd=63"
   }
  },
  {
   "type": "Feature",
   "geometry": {
    "type": "Point",
    "coordinates": [
     135.636614,
     34.988983
    ]
   },
   "properties": {
    "spotcd": 1436,
    "name": "モーテルサンリバー",
    "kana": "もーてるさんりばー",
    "address": "〒621-0827 京都府亀岡市篠町王子田ノ尻 ※関係者以外は立ち入り禁止、無断で入ると不法侵入になります",
    "prefecture": "京都府",
    "city": "亀岡市",
    "genre": "ホテル・旅館",
    "status": "現存",
    "phenomena": [
     "女性の霊",
     "声",
     "心霊写真"
    ],
    "features": [
     "廃墟",
     "京都府の廃墟"
    ],
    "totalScore": 19609,
    "nationalRank": 193,
    "prefRank": 3,
    "fearRating": 3.61,
    "ratingCount": 153,
    "outline": "モーテルサンリバーとは、京都府亀岡市にある心霊廃墟です。「もーてるさんりばー」と読みます。この場所では女性の幽霊が現れるといった噂があるため心霊スポットと呼ばれています。",
    "comment": "遺体を管理棟に放置って何で？どうやって？ 管理人がやったから？ 本当に事件があったのかグーグルで探しても見つからない。 だから実はデマカセなのかも。",
    "imageUrl": "https://ghostmap.jp/img/spot/display/20230402100933672.jpeg",
    "sourceUrl": "https://ghostmap.jp/spotdetail.php?spotcd=1436"
   }
  },
  {
   "type": "Feature",
   "geometry": {
    "type": "Point",
    "coordinates": [
     135.454061,
     34.840258
    ]
   },
   "properties": {
    "spotcd": 804,
    "name": "石澄の滝までの道中の廃墟群",
    "kana": "いしずみのたきまでのどうちゅうのはいきょぐん",
    "address": "〒562-0005 大阪府箕面市新稲２５７ ※関係者以外は立ち入り禁止、無断で入ると不法侵入になります",
    "prefecture": "大阪府",
    "city": "箕面市",
    "genre": "村・集落",
    "status": "現存",
    "phenomena": [
     "少年の霊"
    ],
    "features": [
     "廃墟",
     "大阪府の廃墟"
    ],
    "totalScore": 19599,
    "nationalRank": 196,
    "prefRank": 8,
    "fearRating": 3.48,
    "ratingCount": 154,
    "outline": "石澄の滝までの道中の廃墟群とは、大阪府箕面市にある心霊廃墟です。「いしずみのたきまでのどうちゅうのはいきょぐん」と読みます。この場所では少年の幽霊が現れるといった噂があるため心霊スポットと呼ばれています。",
    "comment": "嘘丸出しの子供が書いたような体験談で興ざめしました。",
    "imageUrl": "https://ghostmap.jp/img/spot/display/20160904075343447.jpg",
    "sourceUrl": "https://ghostmap.jp/spotdetail.php?spotcd=804"
   }
  },
  {
   "type": "Feature",
   "geometry": {
    "type": "Point",
    "coordinates": [
     136.399754,
     34.840196
    ]
   },
   "properties": {
    "spotcd": 4508,
    "name": "ホテルリスボン",
    "kana": "ほてるりすぼん",
    "address": "〒519-1114 三重県亀山市関町萩原１０９ ※関係者以外は立ち入り禁止、無断で入ると不法侵入になります",
    "prefecture": "三重県",
    "city": "亀山市",
    "genre": "ホテル・旅館",
    "status": "現存",
    "phenomena": [
     "女性の霊",
     "声"
    ],
    "features": [
     "廃墟",
     "三重県の廃墟"
    ],
    "totalScore": 19595,
    "nationalRank": 197,
    "prefRank": 4,
    "fearRating": 3.76,
    "ratingCount": 143,
    "outline": "ホテルリスボンとは、三重県亀山市にある心霊廃墟です。「ほてるりすぼん」と読みます。この場所では女性の幽霊が現れるといった噂があるため心霊スポットと呼ばれています。",
    "comment": "ゾゾゾでも検証してたね",
    "imageUrl": "https://ghostmap.jp/img/spot/display/20230816181326102.jpeg",
    "sourceUrl": "https://ghostmap.jp/spotdetail.php?spotcd=4508"
   }
  },
  {
   "type": "Feature",
   "geometry": {
    "type": "Point",
    "coordinates": [
     139.761155,
     35.763634
    ]
   },
   "properties": {
    "spotcd": 79,
    "name": "江北橋",
    "kana": "こうほくばし",
    "address": "〒123-0873 東京都足立区扇２丁目 江北橋通り",
    "prefecture": "東京都",
    "city": "足立区",
    "genre": "橋",
    "status": "現存",
    "phenomena": [
     "女性の霊"
    ],
    "features": [
     "心霊スポット巡礼ツアー"
    ],
    "totalScore": 19582,
    "nationalRank": 200,
    "prefRank": 13,
    "fearRating": 3.69,
    "ratingCount": 142,
    "outline": "江北橋とは、東京都足立区にある幽霊橋です。「こうほくばし」と読みます。この場所では女性の幽霊が現れるといった噂があるため心霊スポットと呼ばれています。",
    "comment": "無理やり4車線が事故の原因でしょ。 トラックで毎日通るけど、車線幅と車幅が一緒。 霊とか関係ないかと…",
    "imageUrl": "https://ghostmap.jp/img/spot/display/20240701010025065.jpeg",
    "sourceUrl": "https://ghostmap.jp/spotdetail.php?spotcd=79"
   }
  },
  {
   "type": "Feature",
   "geometry": {
    "type": "Point",
    "coordinates": [
     134.152223,
     34.311681
    ]
   },
   "properties": {
    "spotcd": 66,
    "name": "旧仲村トンネル（立石トンネル）",
    "kana": "きゅうなかむらとんねる（たていしとんねる）",
    "address": "〒761-0705 香川県木田郡三木町井上 県道147号線",
    "prefecture": "香川県",
    "city": "三木町",
    "genre": "トンネル",
    "status": "現存",
    "phenomena": [
     "女性の霊"
    ],
    "features": [],
    "totalScore": 19582,
    "nationalRank": 199,
    "prefRank": 3,
    "fearRating": 4.04,
    "ratingCount": 131,
    "outline": "旧仲村トンネル（立石トンネル）とは、香川県三木町にあるお化けトンネルです。「きゅうなかむらとんねる（たていしとんねる）」と読みます。この場所では女性の幽霊が現れるといった噂があるため心霊スポットと呼ばれています。",
    "comment": "香川県三豊市に加嶺隧道があって女の幽霊でるらしいよ",
    "imageUrl": "https://ghostmap.jp/img/spot/display/20250712235610994.jpeg",
    "sourceUrl": "https://ghostmap.jp/spotdetail.php?spotcd=66"
   }
  },
  {
   "type": "Feature",
   "geometry": {
    "type": "Point",
    "coordinates": [
     138.808596,
     37.68433
    ]
   },
   "properties": {
    "spotcd": 354,
    "name": "ブラックハウス",
    "kana": "ぶらっくはうす",
    "address": "〒959-0318 新潟県西蒲原郡弥彦村麓 ※関係者以外は立ち入り禁止、無断で入ると不法侵入になります",
    "prefecture": "新潟県",
    "city": "弥彦村",
    "genre": "住居",
    "status": "現存",
    "phenomena": [
     "少女の霊"
    ],
    "features": [
     "廃墟",
     "新潟県の廃墟"
    ],
    "totalScore": 19565,
    "nationalRank": 202,
    "prefRank": 6,
    "fearRating": 3.94,
    "ratingCount": 130,
    "outline": "ブラックハウスとは、新潟県弥彦村にある心霊廃墟です。「ぶらっくはうす」と読みます。この場所では少女の幽霊が現れるといった噂があるため心霊スポットと呼ばれています。",
    "comment": "たまに、フックにスモークサーモンが吊るされていることがあります。",
    "imageUrl": "https://ghostmap.jp/img/spot/display/201409222123570.jpg",
    "sourceUrl": "https://ghostmap.jp/spotdetail.php?spotcd=354"
   }
  },
  {
   "type": "Feature",
   "geometry": {
    "type": "Point",
    "coordinates": [
     135.765256,
     34.816653
    ]
   },
   "properties": {
    "spotcd": 219,
    "name": "あみだババアの池",
    "kana": "あみだばばあのいけ",
    "address": "〒610-0331 京都府京田辺市田辺南里３８−８４",
    "prefecture": "京都府",
    "city": "京田辺市",
    "genre": "湖（池）・ダム",
    "status": "現存",
    "phenomena": [
     "老婆の霊"
    ],
    "features": [],
    "totalScore": 19559,
    "nationalRank": 203,
    "prefRank": 4,
    "fearRating": 3.74,
    "ratingCount": 135,
    "outline": "あみだババアの池とは、京都府京田辺市にある湖（池）・ダムの心霊スポットです。「あみだばばあのいけ」と読みます。この場所では老婆の幽霊が現れるといった噂があるため心霊スポットと呼ばれています。",
    "comment": "ババアの池の裏の藪の奥 墓場だよな。",
    "imageUrl": "https://ghostmap.jp/img/spot/display/201407182056310.jpg",
    "sourceUrl": "https://ghostmap.jp/spotdetail.php?spotcd=219"
   }
  },
  {
   "type": "Feature",
   "geometry": {
    "type": "Point",
    "coordinates": [
     137.18585,
     35.372928
    ]
   },
   "properties": {
    "spotcd": 1292,
    "name": "東濃朝鮮初中級学校",
    "kana": "とうのうちょうせんしょちゅうきゅうがっこう",
    "address": "岐阜県土岐市 中央自動車道 ※関係者以外は立ち入り禁止、無断で入ると不法侵入になります",
    "prefecture": "岐阜県",
    "city": "土岐市",
    "genre": "学校",
    "status": "現存",
    "phenomena": [
     "少女の霊",
     "足音",
     "声"
    ],
    "features": [
     "廃墟",
     "岐阜県の廃墟"
    ],
    "totalScore": 19536,
    "nationalRank": 205,
    "prefRank": 5,
    "fearRating": 3.69,
    "ratingCount": 131,
    "outline": "東濃朝鮮初中級学校とは、岐阜県土岐市にある心霊廃墟です。「とうのうちょうせんしょちゅうきゅうがっこう」と読みます。この場所では少女の幽霊が現れるといった噂があるため心霊スポットと呼ばれています。",
    "comment": "地図を航空写真に切り替えたらそれっぽい建物があるから間違っていないんじゃない？",
    "imageUrl": "https://ghostmap.jp/img/spot/display/20240429103933551.jpeg",
    "sourceUrl": "https://ghostmap.jp/spotdetail.php?spotcd=1292"
   }
  },
  {
   "type": "Feature",
   "geometry": {
    "type": "Point",
    "coordinates": [
     132.57629,
     34.581831
    ]
   },
   "properties": {
    "spotcd": 5025,
    "name": "ホテルQ",
    "kana": "ほてるきゅう",
    "address": "〒731-0305 広島県安芸高田市八千代町上根７８９ ※関係者以外は立ち入り禁止、無断で入ると不法侵入になります",
    "prefecture": "広島県",
    "city": "安芸高田市",
    "genre": "ホテル・旅館",
    "status": "現存",
    "phenomena": [
     "女性の霊"
    ],
    "features": [
     "廃墟",
     "広島県の廃墟"
    ],
    "totalScore": 19535,
    "nationalRank": 207,
    "prefRank": 6,
    "fearRating": 3.98,
    "ratingCount": 122,
    "outline": "ホテルQとは、広島県安芸高田市にある心霊廃墟です。「ほてるきゅう」と読みます。この場所では女性の幽霊が現れるといった噂があるため心霊スポットと呼ばれています。",
    "comment": "廃墟で物を燃やすYouTube配信者とか何考えてるんだろ 無許可でやってるからこんな事出来るんだろうな、気分悪い",
    "imageUrl": "https://ghostmap.jp/img/spot/display/20250826030522097.jpeg",
    "sourceUrl": "https://ghostmap.jp/spotdetail.php?spotcd=5025"
   }
  },
  {
   "type": "Feature",
   "geometry": {
    "type": "Point",
    "coordinates": [
     139.044406,
     36.393038
    ]
   },
   "properties": {
    "spotcd": 1731,
    "name": "大友ビル（前橋の廃墟ビル）",
    "kana": "おおともびる（まえばしのはいきょびる）",
    "address": "〒371-0847 群馬県前橋市大友町３丁目２４−７ 大友ビル ※関係者以外は立ち入り禁止、無断で入ると不法侵入になります",
    "prefecture": "群馬県",
    "city": "前橋市",
    "genre": "商業施設",
    "status": "現存",
    "phenomena": [
     "老婆の霊",
     "人影"
    ],
    "features": [
     "廃墟",
     "群馬県の廃墟"
    ],
    "totalScore": 19513,
    "nationalRank": 208,
    "prefRank": 9,
    "fearRating": 3.87,
    "ratingCount": 120,
    "outline": "大友ビル（前橋の廃墟ビル）とは、群馬県前橋市にある心霊廃墟です。「おおともびる（まえばしのはいきょびる）」と読みます。この場所では老婆の幽霊が現れるといった噂があるため心霊スポットと呼ばれています。",
    "comment": "ここの近くのとんかつ屋が美味い。",
    "imageUrl": "https://ghostmap.jp/img/spot/display/20230723220756651.jpeg",
    "sourceUrl": "https://ghostmap.jp/spotdetail.php?spotcd=1731"
   }
  },
  {
   "type": "Feature",
   "geometry": {
    "type": "Point",
    "coordinates": [
     134.425551,
     34.053945
    ]
   },
   "properties": {
    "spotcd": 241,
    "name": "旧童学寺トンネル（石井トンネル）",
    "kana": "きゅうどうがくじとんねる（いしいとんねる）",
    "address": "〒779-3200 徳島県名西郡石井町石井城ノ内 県道20号線 ※関係者以外は立ち入り禁止、無断で入ると不法侵入になります",
    "prefecture": "徳島県",
    "city": "石井町",
    "genre": "トンネル",
    "status": "現存",
    "phenomena": [
     "老婆の霊"
    ],
    "features": [
     "廃墟",
     "徳島県の廃墟"
    ],
    "totalScore": 19511,
    "nationalRank": 209,
    "prefRank": 2,
    "fearRating": 3.71,
    "ratingCount": 124,
    "outline": "旧童学寺トンネル（石井トンネル）とは、徳島県石井町にある心霊廃墟です。「きゅうどうがくじとんねる（いしいとんねる）」と読みます。この場所では老婆の幽霊が現れるといった噂があるため心霊スポットと呼ばれています。",
    "comment": "何を甘い書き込みしてるんですか。私は真夜中にパンクした自転車を押して照明が消えた真っ暗のこのトンネルを通りました。もう気絶寸前でしたよ。(T_T)",
    "imageUrl": "https://ghostmap.jp/img/spot/display/20250628110146982.jpeg",
    "sourceUrl": "https://ghostmap.jp/spotdetail.php?spotcd=241"
   }
  },
  {
   "type": "Feature",
   "geometry": {
    "type": "Point",
    "coordinates": [
     133.940722,
     34.173569
    ]
   },
   "properties": {
    "spotcd": 364,
    "name": "首切峠",
    "kana": "くびきりとうげ",
    "address": "〒766-0201 香川県仲多度郡まんのう町造田 県道17号線",
    "prefecture": "香川県",
    "city": "まんのう町",
    "genre": "道・峠",
    "status": "現存",
    "phenomena": [
     "男性の霊"
    ],
    "features": [],
    "totalScore": 19494,
    "nationalRank": 212,
    "prefRank": 4,
    "fearRating": 3.61,
    "ratingCount": 123,
    "outline": "首切峠とは、香川県まんのう町にある道・峠の心霊スポットです。「くびきりとうげ」と読みます。この場所では男性の幽霊が現れるといった噂があるため心霊スポットと呼ばれています。",
    "comment": "看板がある道は偽物で近くに旧道があってそっちが本物、だけど入っちゃだめ。",
    "imageUrl": "https://ghostmap.jp/img/spot/display/201410082257210.JPG",
    "sourceUrl": "https://ghostmap.jp/spotdetail.php?spotcd=364"
   }
  },
  {
   "type": "Feature",
   "geometry": {
    "type": "Point",
    "coordinates": [
     129.758548,
     33.053855
    ]
   },
   "properties": {
    "spotcd": 29,
    "name": "西海橋",
    "kana": "さいかいばし",
    "address": "長崎県佐世保市針尾東町国道202号線",
    "prefecture": "長崎県",
    "city": "佐世保市",
    "genre": "橋",
    "status": "現存",
    "phenomena": [
     "女性の霊",
     "声"
    ],
    "features": [
     "自殺の名所"
    ],
    "totalScore": 19491,
    "nationalRank": 213,
    "prefRank": 3,
    "fearRating": 3.59,
    "ratingCount": 123,
    "outline": "西海橋とは、長崎県佐世保市にある幽霊橋です。「さいかいばし」と読みます。この場所では女性の幽霊が現れるといった噂があるため心霊スポットと呼ばれています。",
    "comment": "アンビリーバボーで特集されてたけど、夜中に行くとたくさんいるぞ",
    "imageUrl": null,
    "sourceUrl": "https://ghostmap.jp/spotdetail.php?spotcd=29"
   }
  },
  {
   "type": "Feature",
   "geometry": {
    "type": "Point",
    "coordinates": [
     127.801033,
     26.16009
    ]
   },
   "properties": {
    "spotcd": 615,
    "name": "七福神の家",
    "kana": "しちふくじんのいえ",
    "address": "〒901-1400 沖縄県南城市知念山里 県道86号線 ※関係者以外は立ち入り禁止、無断で入ると不法侵入になります",
    "prefecture": "沖縄県",
    "city": "南城市",
    "genre": "住居",
    "status": "現存",
    "phenomena": [
     "女性の霊"
    ],
    "features": [
     "廃墟",
     "沖縄県の廃墟"
    ],
    "totalScore": 19488,
    "nationalRank": 214,
    "prefRank": 5,
    "fearRating": 3.87,
    "ratingCount": 114,
    "outline": "七福神の家とは、沖縄県南城市にある心霊廃墟です。「しちふくじんのいえ」と読みます。この場所では女性の幽霊が現れるといった噂があるため心霊スポットと呼ばれています。",
    "comment": "昔廃墟探検で入って写真を撮ったら黒い斑点がたくさん映っていました。その数日後友人が怪我しました。あそこはあんまり行かない方がいいですよ。",
    "imageUrl": "https://ghostmap.jp/img/spot/display/201512271027160.jpg",
    "sourceUrl": "https://ghostmap.jp/spotdetail.php?spotcd=615"
   }
  },
  {
   "type": "Feature",
   "geometry": {
    "type": "Point",
    "coordinates": [
     139.70393,
     35.705393
    ]
   },
   "properties": {
    "spotcd": 1090,
    "name": "都立戸山公園",
    "kana": "とりつとやまこうえん",
    "address": "〒169-0072 東京都新宿区大久保３丁目５−１３",
    "prefecture": "東京都",
    "city": "新宿区",
    "genre": "公園・城跡",
    "status": "現存",
    "phenomena": [
     "男性の霊",
     "声",
     "心霊写真"
    ],
    "features": [],
    "totalScore": 19481,
    "nationalRank": 215,
    "prefRank": 14,
    "fearRating": 4.22,
    "ratingCount": 104,
    "outline": "都立戸山公園とは、東京都新宿区にある公園・城跡の心霊スポットです。「とりつとやまこうえん」と読みます。この場所では男性の幽霊が現れるといった噂があるため心霊スポットと呼ばれています。",
    "comment": "いや、戸山公園は普通にヤバいっしょ",
    "imageUrl": "https://ghostmap.jp/img/spot/display/20170526213055987.jpeg",
    "sourceUrl": "https://ghostmap.jp/spotdetail.php?spotcd=1090"
   }
  },
  {
   "type": "Feature",
   "geometry": {
    "type": "Point",
    "coordinates": [
     140.883504,
     40.918632
    ]
   },
   "properties": {
    "spotcd": 409,
    "name": "ホテルエンドレス2",
    "kana": "ほてるえんどれす2",
    "address": "青森県東津軽郡平内町 奥州街道(陸羽街道) ※関係者以外は立ち入り禁止、無断で入ると不法侵入になります",
    "prefecture": "青森県",
    "city": "平内町",
    "genre": "ホテル・旅館",
    "status": "現存",
    "phenomena": [
     "女性の霊"
    ],
    "features": [
     "廃墟",
     "青森県の廃墟"
    ],
    "totalScore": 19477,
    "nationalRank": 216,
    "prefRank": 5,
    "fearRating": 3.97,
    "ratingCount": 109,
    "outline": "ホテルエンドレス2とは、青森県平内町にある心霊廃墟です。「ほてるえんどれす2」と読みます。この場所では女性の幽霊が現れるといった噂があるため心霊スポットと呼ばれています。",
    "comment": "廃墟化したの? エンドレスのくせに?ww",
    "imageUrl": "https://ghostmap.jp/img/spot/display/20260824220203239.jpeg",
    "sourceUrl": "https://ghostmap.jp/spotdetail.php?spotcd=409"
   }
  },
  {
   "type": "Feature",
   "geometry": {
    "type": "Point",
    "coordinates": [
     132.410321,
     34.415939
    ]
   },
   "properties": {
    "spotcd": 305,
    "name": "己斐峠",
    "kana": "こいとうげ",
    "address": "〒733-0815 広島県広島市西区己斐上３丁目 ※関係者以外は立ち入り禁止、無断で入ると不法侵入になります",
    "prefecture": "広島県",
    "city": "広島市",
    "genre": "道・峠",
    "status": "現存",
    "phenomena": [
     "老婆の霊",
     "声"
    ],
    "features": [
     "廃墟",
     "広島県の廃墟"
    ],
    "totalScore": 19468,
    "nationalRank": 218,
    "prefRank": 7,
    "fearRating": 3.5,
    "ratingCount": 120,
    "outline": "己斐峠とは、広島県広島市にある心霊廃墟です。「こいとうげ」と読みます。この場所では老婆の幽霊が現れるといった噂があるため心霊スポットと呼ばれています。",
    "comment": "一家惨殺事件はデマやぞ",
    "imageUrl": "https://ghostmap.jp/img/spot/display/20250910222028560.jpg",
    "sourceUrl": "https://ghostmap.jp/spotdetail.php?spotcd=305"
   }
  },
  {
   "type": "Feature",
   "geometry": {
    "type": "Point",
    "coordinates": [
     138.694783,
     36.00071
    ]
   },
   "properties": {
    "spotcd": 1261,
    "name": "御巣鷹山",
    "kana": "おすたかやま",
    "address": "〒370-1600 群馬県多野郡上野村",
    "prefecture": "群馬県",
    "city": "上野村",
    "genre": "山・森",
    "status": "現存",
    "phenomena": [
     "男性の霊",
     "声",
     "心霊写真",
     "祟り"
    ],
    "features": [],
    "totalScore": 19446,
    "nationalRank": 219,
    "prefRank": 10,
    "fearRating": 4.29,
    "ratingCount": 95,
    "outline": "御巣鷹山とは、群馬県上野村にある山・森の心霊スポットです。「おすたかやま」と読みます。この場所では男性の幽霊が現れるといった噂があるため心霊スポットと呼ばれています。",
    "comment": "ここが心霊スポットなんて言ってたら何かしら事故で人が亡くなった現場すべて心霊スポットになっちゃうだろ・・・いい加減にしろよ",
    "imageUrl": "https://ghostmap.jp/img/spot/display/20170716162219651.jpg",
    "sourceUrl": "https://ghostmap.jp/spotdetail.php?spotcd=1261"
   }
  },
  {
   "type": "Feature",
   "geometry": {
    "type": "Point",
    "coordinates": [
     139.427541,
     37.849324
    ]
   },
   "properties": {
    "spotcd": 357,
    "name": "内の倉ダムと近くのトンネル",
    "kana": "うちのくらだむとちかくのとんねる",
    "address": "〒957-0345 新潟県新発田市小戸 県道555号線",
    "prefecture": "新潟県",
    "city": "新発田市",
    "genre": "トンネル",
    "status": "現存",
    "phenomena": [
     "老婆の霊"
    ],
    "features": [
     "自殺の名所"
    ],
    "totalScore": 19439,
    "nationalRank": 221,
    "prefRank": 7,
    "fearRating": 3.66,
    "ratingCount": 108,
    "outline": "内の倉ダムと近くのトンネルとは、新潟県新発田市にあるお化けトンネルです。「うちのくらだむとちかくのとんねる」と読みます。この場所では老婆の幽霊が現れるといった噂があるため心霊スポットと呼ばれています。",
    "comment": "ここ見学しに行った時に職員さんが言ってたけど監視カメラに変なの写ること多いみたいね 幽霊じゃないけど子供の人形持ったおばさんとか夜中に来るらしい",
    "imageUrl": "https://ghostmap.jp/img/spot/display/20250602210026635.jpg",
    "sourceUrl": "https://ghostmap.jp/spotdetail.php?spotcd=357"
   }
  },
  {
   "type": "Feature",
   "geometry": {
    "type": "Point",
    "coordinates": [
     134.178951,
     33.264213
    ]
   },
   "properties": {
    "spotcd": 454,
    "name": "スカイレストニュー室戸",
    "kana": "すかいれすとにゅーむろと",
    "address": "〒781-7101 高知県室戸市室戸岬町６８９２ ※関係者以外は立ち入り禁止、無断で入ると不法侵入になります",
    "prefecture": "高知県",
    "city": "室戸市",
    "genre": "商業施設",
    "status": "現存",
    "phenomena": [
     "男性の霊",
     "声"
    ],
    "features": [
     "廃墟",
     "高知県の廃墟"
    ],
    "totalScore": 19421,
    "nationalRank": 222,
    "prefRank": 1,
    "fearRating": 3.77,
    "ratingCount": 101,
    "outline": "スカイレストニュー室戸とは、高知県室戸市にある心霊廃墟です。「すかいれすとにゅーむろと」と読みます。この場所では男性の幽霊が現れるといった噂があるため心霊スポットと呼ばれています。",
    "comment": "以前のストリートビューでは、2F正面に顔っぽいものが映っていたのだが、現在はそれもなく、単なる廃墟にしか見えない・・・。 雰囲気は心霊スポットと知らずに通った自分にも異様に感じられたが。",
    "imageUrl": "https://ghostmap.jp/img/spot/display/20230329222434901.jpg",
    "sourceUrl": "https://ghostmap.jp/spotdetail.php?spotcd=454"
   }
  },
  {
   "type": "Feature",
   "geometry": {
    "type": "Point",
    "coordinates": [
     138.878566,
     37.524379
    ]
   },
   "properties": {
    "spotcd": 672,
    "name": "ホテル ベルサイユ",
    "kana": "ほてる べるさいゆ",
    "address": "〒954-0124 新潟県長岡市中之島６２８９−５ ※関係者以外は立ち入り禁止、無断で入ると不法侵入になります",
    "prefecture": "新潟県",
    "city": "長岡市",
    "genre": "ホテル・旅館",
    "status": "現存",
    "phenomena": [
     "老婆の霊"
    ],
    "features": [
     "廃墟",
     "新潟県の廃墟"
    ],
    "totalScore": 19418,
    "nationalRank": 223,
    "prefRank": 8,
    "fearRating": 3.81,
    "ratingCount": 99,
    "outline": "ホテル ベルサイユとは、新潟県長岡市にある心霊廃墟です。「ほてる べるさいゆ」と読みます。この場所では老婆の幽霊が現れるといった噂があるため心霊スポットと呼ばれています。",
    "comment": "廃墟になったホテルで昨日火事になったんだよ^_^",
    "imageUrl": "https://ghostmap.jp/img/spot/display/20240708102030540.jpeg",
    "sourceUrl": "https://ghostmap.jp/spotdetail.php?spotcd=672"
   }
  },
  {
   "type": "Feature",
   "geometry": {
    "type": "Point",
    "coordinates": [
     138.457947,
     37.32212
    ]
   },
   "properties": {
    "spotcd": 567,
    "name": "ホテル森のゴリラ",
    "kana": "ほてるもりのごりら",
    "address": "〒949-3664 新潟県柏崎市上輪 北陸自動車道 ※関係者以外は立ち入り禁止、無断で入ると不法侵入になります",
    "prefecture": "新潟県",
    "city": "柏崎市",
    "genre": "ホテル・旅館",
    "status": "現存",
    "phenomena": [
     "男性の霊",
     "足音",
     "声",
     "人影"
    ],
    "features": [
     "廃墟",
     "新潟県の廃墟"
    ],
    "totalScore": 19379,
    "nationalRank": 224,
    "prefRank": 9,
    "fearRating": 3.76,
    "ratingCount": 91,
    "outline": "ホテル森のゴリラとは、新潟県柏崎市にある心霊廃墟です。「ほてるもりのごりら」と読みます。この場所では男性の幽霊が現れるといった噂があるため心霊スポットと呼ばれています。",
    "comment": "営業当時、自殺などの事件があったという話は聞かない。ただ、なぜか男性の霊がいるといううわさがある。",
    "imageUrl": "https://ghostmap.jp/img/spot/display/201510300403010.jpg",
    "sourceUrl": "https://ghostmap.jp/spotdetail.php?spotcd=567"
   }
  },
  {
   "type": "Feature",
   "geometry": {
    "type": "Point",
    "coordinates": [
     130.534885,
     33.52137
    ]
   },
   "properties": {
    "spotcd": 721,
    "name": "太宰府天満宮",
    "kana": "だざいふてんまんぐう",
    "address": "〒818-0117 福岡県太宰府市宰府４丁目 県道35号線",
    "prefecture": "福岡県",
    "city": "太宰府市",
    "genre": "神社・寺",
    "status": "現存",
    "phenomena": [
     "男性の霊",
     "祟り"
    ],
    "features": [
     "日本三大怨霊"
    ],
    "totalScore": 19373,
    "nationalRank": 225,
    "prefRank": 4,
    "fearRating": 3.01,
    "ratingCount": 109,
    "outline": "太宰府天満宮とは、福岡県太宰府市にある幽霊神社（幽霊寺）です。「だざいふてんまんぐう」と読みます。この場所では男性の幽霊が現れるといった噂があるため心霊スポットと呼ばれています。",
    "comment": "藤原氏への恨みが強すぎたってだけで悪人だったわけじゃないから誰でも構わず呪うってわけではないだろう。 怨霊とは呼ばれているけど今では学問の神様を全うしているのではないだろうか。",
    "imageUrl": null,
    "sourceUrl": "https://ghostmap.jp/spotdetail.php?spotcd=721"
   }
  },
  {
   "type": "Feature",
   "geometry": {
    "type": "Point",
    "coordinates": [
     140.68244,
     37.356838
    ]
   },
   "properties": {
    "spotcd": 870,
    "name": "あぶくま高原ホテル（阿武隈高原温泉廃墟）",
    "kana": "あぶくまこうげんほてる（あぶくまこうげんおんせんはいきょ）",
    "address": "〒963-4113 福島県田村市大越町早稲川鬼五郎１２２ ※関係者以外は立ち入り禁止、無断で入ると不法侵入になります",
    "prefecture": "福島県",
    "city": "田村市",
    "genre": "ホテル・旅館",
    "status": "現存",
    "phenomena": [
     "女性の霊"
    ],
    "features": [
     "キャンプ場",
     "廃墟",
     "福島県の廃墟"
    ],
    "totalScore": 19347,
    "nationalRank": 227,
    "prefRank": 4,
    "fearRating": 3.68,
    "ratingCount": 85,
    "outline": "あぶくま高原ホテル（阿武隈高原温泉廃墟）とは、福島県田村市にある心霊廃墟です。「あぶくまこうげんほてる（あぶくまこうげんおんせんはいきょ）」と読みます。この場所では女性の幽霊が現れるといった噂があるため心霊スポットと呼ばれています。",
    "comment": "ここ私の地元。 ここゎ最初に起こったのゎ自殺でゎなく、サウナで酔っぱらった客がサウナに入りなくなったのが先です。",
    "imageUrl": "https://ghostmap.jp/img/spot/display/20170320023533608.jpg",
    "sourceUrl": "https://ghostmap.jp/spotdetail.php?spotcd=870"
   }
  },
  {
   "type": "Feature",
   "geometry": {
    "type": "Point",
    "coordinates": [
     130.476999,
     33.486433
    ]
   },
   "properties": {
    "spotcd": 36,
    "name": "牛頸ダム",
    "kana": "うしくびだむ",
    "address": "〒816-0971 福岡県大野城市牛頸（大字）４８１",
    "prefecture": "福岡県",
    "city": "大野城市",
    "genre": "湖（池）・ダム",
    "status": "現存",
    "phenomena": [
     "男性の霊"
    ],
    "features": [],
    "totalScore": 18991,
    "nationalRank": 228,
    "prefRank": 5,
    "fearRating": 3.5,
    "ratingCount": 254,
    "outline": "牛頸ダムとは、福岡県大野城市にある湖（池）・ダムの心霊スポットです。「うしくびだむ」と読みます。この場所では男性の幽霊が現れるといった噂があるため心霊スポットと呼ばれています。",
    "comment": "名前が怖いだけでしょ by地元民",
    "imageUrl": "https://ghostmap.jp/img/spot/display/20250120064451620.jpeg",
    "sourceUrl": "https://ghostmap.jp/spotdetail.php?spotcd=36"
   }
  },
  {
   "type": "Feature",
   "geometry": {
    "type": "Point",
    "coordinates": [
     132.004078,
     34.393649
    ]
   },
   "properties": {
    "spotcd": 253,
    "name": "深谷大橋",
    "kana": "ふかたにおおはし",
    "address": "〒699-5502 島根県鹿足郡吉賀町田野原 深谷大橋",
    "prefecture": "島根県",
    "city": "吉賀町",
    "genre": "橋",
    "status": "現存",
    "phenomena": [
     "女性の霊"
    ],
    "features": [],
    "totalScore": 18970,
    "nationalRank": 229,
    "prefRank": 1,
    "fearRating": 2.85,
    "ratingCount": 298,
    "outline": "深谷大橋とは、島根県吉賀町にある幽霊橋です。「ふかたにおおはし」と読みます。この場所では女性の幽霊が現れるといった噂があるため心霊スポットと呼ばれています。",
    "comment": "地元民だけど、実はこの橋にある赤い手すり、写真ではそう見えないけど実際は手すり一本一本の間隔が結構開いている。なので子供と渡る時は抱っこして下さい。一歳児の身長なら普通にすり抜けられるので。",
    "imageUrl": "https://ghostmap.jp/img/spot/display/20200809214950751.JPG",
    "sourceUrl": "https://ghostmap.jp/spotdetail.php?spotcd=253"
   }
  },
  {
   "type": "Feature",
   "geometry": {
    "type": "Point",
    "coordinates": [
     130.884775,
     33.681623
    ]
   },
   "properties": {
    "spotcd": 266,
    "name": "旧仲哀トンネル",
    "kana": "きゅうちゅうあいとんねる",
    "address": "〒824-0802 福岡県京都郡みやこ町勝山松田",
    "prefecture": "福岡県",
    "city": "みやこ町",
    "genre": "トンネル",
    "status": "現存",
    "phenomena": [
     "女性の霊"
    ],
    "features": [],
    "totalScore": 18965,
    "nationalRank": 230,
    "prefRank": 6,
    "fearRating": 3.92,
    "ratingCount": 223,
    "outline": "旧仲哀トンネルとは、福岡県みやこ町にあるお化けトンネルです。「きゅうちゅうあいとんねる」と読みます。この場所では女性の幽霊が現れるといった噂があるため心霊スポットと呼ばれています。",
    "comment": "電話BOXは昔からありません。犬鳴峠と違いますか？よく間違って情報を伝える人が多い者で。。。",
    "imageUrl": "https://ghostmap.jp/img/spot/display/20250120065640375.jpeg",
    "sourceUrl": "https://ghostmap.jp/spotdetail.php?spotcd=266"
   }
  },
  {
   "type": "Feature",
   "geometry": {
    "type": "Point",
    "coordinates": [
     139.587328,
     36.816483
    ]
   },
   "properties": {
    "spotcd": 177,
    "name": "六方沢橋",
    "kana": "ろっぽうざわばし",
    "address": "〒321-1264 栃木県日光市瀬尾 霧降高原道路",
    "prefecture": "栃木県",
    "city": "日光市",
    "genre": "橋",
    "status": "現存",
    "phenomena": [
     "男性の霊"
    ],
    "features": [
     "自殺の名所"
    ],
    "totalScore": 18963,
    "nationalRank": 231,
    "prefRank": 4,
    "fearRating": 3.97,
    "ratingCount": 221,
    "outline": "六方沢橋とは、栃木県日光市にある幽霊橋です。「ろっぽうざわばし」と読みます。この場所では男性の幽霊が現れるといった噂があるため心霊スポットと呼ばれています。",
    "comment": "唯一、六方沢橋には街灯がある。霧のない日はそこまで雰囲気を感じなかった。 行きたい人向けになるが、道中街灯が無いためスピードを落とし走行した方が良いかと 鹿が多いため注意すべし",
    "imageUrl": "https://ghostmap.jp/img/spot/display/20180901121342386.jpg",
    "sourceUrl": "https://ghostmap.jp/spotdetail.php?spotcd=177"
   }
  },
  {
   "type": "Feature",
   "geometry": {
    "type": "Point",
    "coordinates": [
     134.707309,
     34.915877
    ]
   },
   "properties": {
    "spotcd": 907,
    "name": "相坂トンネル",
    "kana": "あいさかとんねる",
    "address": "〒679-2154 兵庫県姫路市香寺町相坂 県道80号線",
    "prefecture": "兵庫県",
    "city": "姫路市",
    "genre": "トンネル",
    "status": "現存",
    "phenomena": [
     "女性の霊",
     "声",
     "心霊写真"
    ],
    "features": [
     "自殺の名所",
     "姥捨て山"
    ],
    "totalScore": 18933,
    "nationalRank": 232,
    "prefRank": 7,
    "fearRating": 3.47,
    "ratingCount": 241,
    "outline": "相坂トンネルとは、兵庫県姫路市にあるお化けトンネルです。「あいさかとんねる」と読みます。この場所では女性の幽霊が現れるといった噂があるため心霊スポットと呼ばれています。",
    "comment": "八徳村の廃墟 右の窓に顔っぽいのが写ってしまって死にそう",
    "imageUrl": "https://ghostmap.jp/img/spot/display/20161222002331012.PNG",
    "sourceUrl": "https://ghostmap.jp/spotdetail.php?spotcd=907"
   }
  },
  {
   "type": "Feature",
   "geometry": {
    "type": "Point",
    "coordinates": [
     141.148587,
     39.752906
    ]
   },
   "properties": {
    "spotcd": 411,
    "name": "四十四田ダム",
    "kana": "しじゅうしだだむ",
    "address": "〒020-0102 岩手県盛岡市上田松屋敷７９",
    "prefecture": "岩手県",
    "city": "盛岡市",
    "genre": "湖（池）・ダム",
    "status": "現存",
    "phenomena": [
     "老婆の霊"
    ],
    "features": [],
    "totalScore": 18894,
    "nationalRank": 233,
    "prefRank": 2,
    "fearRating": 4.09,
    "ratingCount": 199,
    "outline": "四十四田ダムとは、岩手県盛岡市にある湖（池）・ダムの心霊スポットです。「しじゅうしだだむ」と読みます。この場所では老婆の幽霊が現れるといった噂があるため心霊スポットと呼ばれています。",
    "comment": ">ロザリオの柔道院 修道院ですよね。一瞬、とうとうカトリックが柔道を取り入れたかと思ったｗ",
    "imageUrl": "https://ghostmap.jp/img/spot/display/201412061541390.jpg",
    "sourceUrl": "https://ghostmap.jp/spotdetail.php?spotcd=411"
   }
  },
  {
   "type": "Feature",
   "geometry": {
    "type": "Point",
    "coordinates": [
     136.891322,
     36.950878
    ]
   },
   "properties": {
    "spotcd": 7425,
    "name": "道閑刑場跡",
    "kana": "どうかんけいじょうあと",
    "address": "〒929-1631 石川県鹿島郡中能登町久江ヘ６−８",
    "prefecture": "石川県",
    "city": "中能登町",
    "genre": "墓地・慰霊碑",
    "status": "現存",
    "phenomena": [
     "男性の霊"
    ],
    "features": [
     "処刑場"
    ],
    "totalScore": 18872,
    "nationalRank": 234,
    "prefRank": 2,
    "fearRating": 3.87,
    "ratingCount": 204,
    "outline": "道閑刑場跡とは、石川県中能登町にある墓地・慰霊碑の心霊スポットです。「どうかんけいじょうあと」と読みます。この場所では男性の幽霊が現れるといった噂があるため心霊スポットと呼ばれています。",
    "comment": "かなり長い間誰も来ていないのか草がうっそうとしていて入りにくかった。虫もたくさんいたため、入るなら長袖長ズボンで蜘蛛の巣が顔に当たってもいい覚悟がある人のみにしておいた方が良い。",
    "imageUrl": "https://ghostmap.jp/img/spot/display/20251115193816331.jpeg",
    "sourceUrl": "https://ghostmap.jp/spotdetail.php?spotcd=7425"
   }
  },
  {
   "type": "Feature",
   "geometry": {
    "type": "Point",
    "coordinates": [
     138.856344,
     35.807645
    ]
   },
   "properties": {
    "spotcd": 23,
    "name": "花魁淵",
    "kana": "おいらんぶち",
    "address": "〒404-0021 山梨県甲州市塩山一之瀬高橋",
    "prefecture": "山梨県",
    "city": "甲州市",
    "genre": "川・滝",
    "status": "現存",
    "phenomena": [
     "女性の霊",
     "声",
     "心霊写真"
    ],
    "features": [],
    "totalScore": 18863,
    "nationalRank": 235,
    "prefRank": 4,
    "fearRating": 3.66,
    "ratingCount": 212,
    "outline": "花魁淵とは、山梨県甲州市にあるオバケ川（幽霊滝）です。「おいらんぶち」と読みます。この場所では女性の幽霊が現れるといった噂があるため心霊スポットと呼ばれています。",
    "comment": "2008年に19歳の少女が行方不明になったと聞いたことがあります。 山梨県の山林でブーツやバッグが捨てられていたそうです。 後に遺体となって発見されたとか…。",
    "imageUrl": "https://ghostmap.jp/img/spot/display/20170327233628773.jpg",
    "sourceUrl": "https://ghostmap.jp/spotdetail.php?spotcd=23"
   }
  },
  {
   "type": "Feature",
   "geometry": {
    "type": "Point",
    "coordinates": [
     133.931004,
     35.313479
    ]
   },
   "properties": {
    "spotcd": 302,
    "name": "人形峠",
    "kana": "にんぎょうとうげ",
    "address": "〒708-0601 岡山県苫田郡鏡野町上齋原１５３９",
    "prefecture": "岡山県",
    "city": "鏡野町",
    "genre": "道・峠",
    "status": "現存",
    "phenomena": [
     "女性の霊",
     "声"
    ],
    "features": [],
    "totalScore": 18862,
    "nationalRank": 236,
    "prefRank": 4,
    "fearRating": 3.86,
    "ratingCount": 202,
    "outline": "人形峠とは、岡山県鏡野町にある道・峠の心霊スポットです。「にんぎょうとうげ」と読みます。この場所では女性の幽霊が現れるといった噂があるため心霊スポットと呼ばれています。",
    "comment": "峠はもうただそれだけで怖い。",
    "imageUrl": "https://ghostmap.jp/img/spot/display/201406182204000.jpg",
    "sourceUrl": "https://ghostmap.jp/spotdetail.php?spotcd=302"
   }
  },
  {
   "type": "Feature",
   "geometry": {
    "type": "Point",
    "coordinates": [
     130.98861,
     32.883562
    ]
   },
   "properties": {
    "spotcd": 33,
    "name": "阿蘇大橋",
    "kana": "あそおおはし",
    "address": "熊本県阿蘇郡南阿蘇村 国道325号線",
    "prefecture": "熊本県",
    "city": "南阿蘇村",
    "genre": "橋",
    "status": "現存",
    "phenomena": [
     "男性の霊"
    ],
    "features": [
     "自殺の名所"
    ],
    "totalScore": 18856,
    "nationalRank": 237,
    "prefRank": 3,
    "fearRating": 3.58,
    "ratingCount": 215,
    "outline": "阿蘇大橋とは、熊本県南阿蘇村にある幽霊橋です。「あそおおはし」と読みます。この場所では男性の幽霊が現れるといった噂があるため心霊スポットと呼ばれています。",
    "comment": "心霊スポット自体が消滅してしまいましたね・・・ これにはおばけもびっくり",
    "imageUrl": null,
    "sourceUrl": "https://ghostmap.jp/spotdetail.php?spotcd=33"
   }
  },
  {
   "type": "Feature",
   "geometry": {
    "type": "Point",
    "coordinates": [
     131.288602,
     33.950218
    ]
   },
   "properties": {
    "spotcd": 314,
    "name": "常盤公園・青年の家",
    "kana": "ときわこうえん・せいねんのいえ",
    "address": "〒755-0001 山口県宇部市沖宇部２２４ ときわ少年キャンプ場",
    "prefecture": "山口県",
    "city": "宇部市",
    "genre": "公園・城跡",
    "status": "現存",
    "phenomena": [
     "男性の霊"
    ],
    "features": [],
    "totalScore": 18827,
    "nationalRank": 239,
    "prefRank": 4,
    "fearRating": 3.73,
    "ratingCount": 200,
    "outline": "常盤公園・青年の家とは、山口県宇部市にある公園・城跡の心霊スポットです。「ときわこうえん・せいねんのいえ」と読みます。この場所では男性の幽霊が現れるといった噂があるため心霊スポットと呼ばれています。",
    "comment": "【ムダ知識】´・∀・｀)ﾍｰ",
    "imageUrl": "https://ghostmap.jp/img/spot/display/20230713010014130.jpeg",
    "sourceUrl": "https://ghostmap.jp/spotdetail.php?spotcd=314"
   }
  },
  {
   "type": "Feature",
   "geometry": {
    "type": "Point",
    "coordinates": [
     141.283584,
     43.046268
    ]
   },
   "properties": {
    "spotcd": 46,
    "name": "旧小別沢トンネル",
    "kana": "きゅうこべつざわとんねる",
    "address": "〒063-0011 北海道札幌市西区小別沢３３",
    "prefecture": "北海道",
    "city": "札幌市",
    "genre": "トンネル",
    "status": "現存",
    "phenomena": [
     "男性の霊"
    ],
    "features": [],
    "totalScore": 18805,
    "nationalRank": 240,
    "prefRank": 9,
    "fearRating": 3.66,
    "ratingCount": 198,
    "outline": "旧小別沢トンネルとは、北海道札幌市にあるお化けトンネルです。「きゅうこべつざわとんねる」と読みます。この場所では男性の幽霊が現れるといった噂があるため心霊スポットと呼ばれています。",
    "comment": "だいたいは学生が女の子を誘ってキャーキャー言わせたいがために心霊スポット扱いにして誘う口実にするんだよね。",
    "imageUrl": "https://ghostmap.jp/img/spot/display/20190818164407695.jpg",
    "sourceUrl": "https://ghostmap.jp/spotdetail.php?spotcd=46"
   }
  },
  {
   "type": "Feature",
   "geometry": {
    "type": "Point",
    "coordinates": [
     130.459688,
     32.991924
    ]
   },
   "properties": {
    "spotcd": 902,
    "name": "三井グリーンランド",
    "kana": "みついぐりーんらんど",
    "address": "〒864-0041 熊本県荒尾市荒尾４６５７−３３３ ※関係者以外は立ち入り禁止、無断で入ると不法侵入になります",
    "prefecture": "熊本県",
    "city": "荒尾市",
    "genre": "遊園地",
    "status": "現存",
    "phenomena": [
     "少年の霊"
    ],
    "features": [
     "廃墟",
     "熊本県の廃墟"
    ],
    "totalScore": 18799,
    "nationalRank": 241,
    "prefRank": 4,
    "fearRating": 3.53,
    "ratingCount": 203,
    "outline": "三井グリーンランドとは、熊本県荒尾市にある心霊廃墟です。「みついぐりーんらんど」と読みます。この場所では少年の幽霊が現れるといった噂があるため心霊スポットと呼ばれています。",
    "comment": "ここお化け屋敷が5つある。全部行ったけどやっぱり廃校だけが段違いだった。他は普通のお化け屋敷で廃校は心霊スポットって感じだった。",
    "imageUrl": "https://ghostmap.jp/img/spot/display/20181114232235517.jpg",
    "sourceUrl": "https://ghostmap.jp/spotdetail.php?spotcd=902"
   }
  },
  {
   "type": "Feature",
   "geometry": {
    "type": "Point",
    "coordinates": [
     139.3939,
     35.600393
    ]
   },
   "properties": {
    "spotcd": 2841,
    "name": "首吊り鉄塔",
    "kana": "くびつりてっとう",
    "address": "〒194-0201 東京都町田市上小山田町２３２９ ※関係者以外は立ち入り禁止、無断で入ると不法侵入になります",
    "prefecture": "東京都",
    "city": "町田市",
    "genre": "その他",
    "status": "現存",
    "phenomena": [
     "少年の霊",
     "心霊写真"
    ],
    "features": [
     "廃墟",
     "東京都の廃墟"
    ],
    "totalScore": 18792,
    "nationalRank": 243,
    "prefRank": 15,
    "fearRating": 3.9,
    "ratingCount": 184,
    "outline": "首吊り鉄塔とは、東京都町田市にある心霊廃墟です。「くびつりてっとう」と読みます。この場所では少年の幽霊が現れるといった噂があるため心霊スポットと呼ばれています。",
    "comment": "ここはマイナーだけどなんだかんだ20年前くらいから噂されてるスポットですよ。 雰囲気がなんだか気持ち悪い。",
    "imageUrl": "https://ghostmap.jp/img/spot/display/20220507180312095.JPG",
    "sourceUrl": "https://ghostmap.jp/spotdetail.php?spotcd=2841"
   }
  },
  {
   "type": "Feature",
   "geometry": {
    "type": "Point",
    "coordinates": [
     140.0801,
     37.170386
    ]
   },
   "properties": {
    "spotcd": 449,
    "name": "雪割橋",
    "kana": "ゆきわりばし",
    "address": "〒961-8081 福島県西白河郡西郷村鶴生由井ケ原４９９",
    "prefecture": "福島県",
    "city": "西郷村",
    "genre": "橋",
    "status": "現存",
    "phenomena": [
     "男性の霊",
     "心霊写真"
    ],
    "features": [],
    "totalScore": 18773,
    "nationalRank": 247,
    "prefRank": 5,
    "fearRating": 4.09,
    "ratingCount": 172,
    "outline": "雪割橋とは、福島県西郷村にある幽霊橋です。「ゆきわりばし」と読みます。この場所では男性の幽霊が現れるといった噂があるため心霊スポットと呼ばれています。",
    "comment": "地元警察と個人的に話す機会があった。新聞には載らないが、自殺者数は、約月1人。県外人が多いらしい。",
    "imageUrl": "https://ghostmap.jp/img/spot/display/20170707013841632.jpg",
    "sourceUrl": "https://ghostmap.jp/spotdetail.php?spotcd=449"
   }
  },
  {
   "type": "Feature",
   "geometry": {
    "type": "Point",
    "coordinates": [
     135.475955,
     34.933714
    ]
   },
   "properties": {
    "spotcd": 59,
    "name": "野間トンネル",
    "kana": "のまとんねる",
    "address": "〒563-0218 大阪府豊能郡豊能町野間口",
    "prefecture": "大阪府",
    "city": "豊能町",
    "genre": "トンネル",
    "status": "現存",
    "phenomena": [
     "女性の霊"
    ],
    "features": [],
    "totalScore": 18761,
    "nationalRank": 248,
    "prefRank": 9,
    "fearRating": 3.44,
    "ratingCount": 198,
    "outline": "野間トンネルとは、大阪府豊能町にあるお化けトンネルです。「のまとんねる」と読みます。この場所では女性の幽霊が現れるといった噂があるため心霊スポットと呼ばれています。",
    "comment": "この旅館に見えない人はいるけど、空気が重いし何かいる気配がする。霊感があるので、すぐにわかる！",
    "imageUrl": "https://ghostmap.jp/img/spot/display/20231027034020135.jpeg",
    "sourceUrl": "https://ghostmap.jp/spotdetail.php?spotcd=59"
   }
  },
  {
   "type": "Feature",
   "geometry": {
    "type": "Point",
    "coordinates": [
     139.875649,
     36.799006
    ]
   },
   "properties": {
    "spotcd": 507,
    "name": "矢板トンネル",
    "kana": "やいたとんねる",
    "address": "〒329-2154 栃木県矢板市倉掛９２５",
    "prefecture": "栃木県",
    "city": "矢板市",
    "genre": "トンネル",
    "status": "現存",
    "phenomena": [
     "女性の霊"
    ],
    "features": [],
    "totalScore": 18757,
    "nationalRank": 249,
    "prefRank": 5,
    "fearRating": 3.8,
    "ratingCount": 180,
    "outline": "矢板トンネルとは、栃木県矢板市にあるお化けトンネルです。「やいたとんねる」と読みます。この場所では女性の幽霊が現れるといった噂があるため心霊スポットと呼ばれています。",
    "comment": "高校時代、通学で毎日のように通りました。 通称『お化けトンネル』と呼ばれてました。",
    "imageUrl": "https://ghostmap.jp/img/spot/display/20230902152630960.jpeg",
    "sourceUrl": "https://ghostmap.jp/spotdetail.php?spotcd=507"
   }
  },
  {
   "type": "Feature",
   "geometry": {
    "type": "Point",
    "coordinates": [
     135.316758,
     34.772833
    ]
   },
   "properties": {
    "spotcd": 129,
    "name": "祟りの岩",
    "kana": "たたりのいわ",
    "address": "兵庫県西宮市 県道82号線",
    "prefecture": "兵庫県",
    "city": "西宮市",
    "genre": "その他",
    "status": "現存",
    "phenomena": [
     "少年の霊",
     "祟り"
    ],
    "features": [],
    "totalScore": 18746,
    "nationalRank": 250,
    "prefRank": 8,
    "fearRating": 3.98,
    "ratingCount": 170,
    "outline": "祟りの岩とは、兵庫県西宮市にあるその他の心霊スポットです。「たたりのいわ」と読みます。この場所では少年の幽霊が現れるといった噂があるため心霊スポットと呼ばれています。",
    "comment": "祟りというより神岩です。日本人の巨岩信仰ですね。",
    "imageUrl": "https://ghostmap.jp/img/spot/display/20191003160952274.jpg",
    "sourceUrl": "https://ghostmap.jp/spotdetail.php?spotcd=129"
   }
  },
  {
   "type": "Feature",
   "geometry": {
    "type": "Point",
    "coordinates": [
     138.698271,
     36.357742
    ]
   },
   "properties": {
    "spotcd": 228,
    "name": "めがね橋（碓氷第三橋梁）",
    "kana": "めがねばし（うすいだいさんきょうりょう）",
    "address": "〒379-0307 群馬県安中市松井田町坂本 中山道",
    "prefecture": "群馬県",
    "city": "安中市",
    "genre": "橋",
    "status": "現存",
    "phenomena": [
     "男性の霊",
     "心霊写真"
    ],
    "features": [],
    "totalScore": 18734,
    "nationalRank": 251,
    "prefRank": 11,
    "fearRating": 3.5,
    "ratingCount": 188,
    "outline": "めがね橋（碓氷第三橋梁）とは、群馬県安中市にある幽霊橋です。「めがねばし（うすいだいさんきょうりょう）」と読みます。この場所では男性の幽霊が現れるといった噂があるため心霊スポットと呼ばれています。",
    "comment": "めがね橋下。めがね橋へ入るすぐのところですが、確かにそこで妙な音声が録音出来ました。 アプトの道３号のトンネルで、足音が録音出来ました。 いずれも周囲には自分しかいない状況でした。（深夜0時～）",
    "imageUrl": "https://ghostmap.jp/img/spot/display/20170320083946845.jpg",
    "sourceUrl": "https://ghostmap.jp/spotdetail.php?spotcd=228"
   }
  },
  {
   "type": "Feature",
   "geometry": {
    "type": "Point",
    "coordinates": [
     135.516462,
     34.609604
    ]
   },
   "properties": {
    "spotcd": 1486,
    "name": "長居公園の公衆トイレ",
    "kana": "ながいこうえんのこうしゅうといれ",
    "address": "〒546-0034 大阪府大阪市東住吉区長居公園１ 長居公園通",
    "prefecture": "大阪府",
    "city": "大阪市",
    "genre": "公園・城跡",
    "status": "現存",
    "phenomena": [
     "女性の霊"
    ],
    "features": [],
    "totalScore": 18733,
    "nationalRank": 252,
    "prefRank": 10,
    "fearRating": 3.47,
    "ratingCount": 190,
    "outline": "長居公園の公衆トイレとは、大阪府大阪市にある公園・城跡の心霊スポットです。「ながいこうえんのこうしゅうといれ」と読みます。この場所では女性の幽霊が現れるといった噂があるため心霊スポットと呼ばれています。",
    "comment": "調べてみたら、2012年に野外コンサートに来ていた女性2人が落雷で亡くなっているんですね。(-人-)",
    "imageUrl": "https://ghostmap.jp/img/spot/display/20221012174752269.jpg",
    "sourceUrl": "https://ghostmap.jp/spotdetail.php?spotcd=1486"
   }
  },
  {
   "type": "Feature",
   "geometry": {
    "type": "Point",
    "coordinates": [
     133.76804,
     34.551993
    ]
   },
   "properties": {
    "spotcd": 299,
    "name": "古城池トンネル",
    "kana": "こじょういけとんねる",
    "address": "〒712-8041 岡山県倉敷市福田町福田２１１１",
    "prefecture": "岡山県",
    "city": "倉敷市",
    "genre": "トンネル",
    "status": "現存",
    "phenomena": [
     "女性の霊"
    ],
    "features": [],
    "totalScore": 18732,
    "nationalRank": 253,
    "prefRank": 5,
    "fearRating": 3.68,
    "ratingCount": 179,
    "outline": "古城池トンネルとは、岡山県倉敷市にあるお化けトンネルです。「こじょういけとんねる」と読みます。この場所では女性の幽霊が現れるといった噂があるため心霊スポットと呼ばれています。",
    "comment": "お母さんの先生がここで自殺したらしくてその幽霊も出るそうです",
    "imageUrl": "https://ghostmap.jp/img/spot/display/201406142150260.jpg",
    "sourceUrl": "https://ghostmap.jp/spotdetail.php?spotcd=299"
   }
  },
  {
   "type": "Feature",
   "geometry": {
    "type": "Point",
    "coordinates": [
     138.783576,
     35.487544
    ]
   },
   "properties": {
    "spotcd": 718,
    "name": "富士急ハイランドの戦慄迷宮",
    "kana": "ふじきゅうはいらんどのせんりつめいきゅう",
    "address": "〒403-0017 山梨県富士吉田市新西原５丁目４−１",
    "prefecture": "山梨県",
    "city": "富士吉田市",
    "genre": "遊園地",
    "status": "現存",
    "phenomena": [
     "女性の霊"
    ],
    "features": [],
    "totalScore": 18731,
    "nationalRank": 254,
    "prefRank": 5,
    "fearRating": 3.5,
    "ratingCount": 187,
    "outline": "富士急ハイランドの戦慄迷宮とは、山梨県富士吉田市にある遊園地の心霊スポットです。「ふじきゅうはいらんどのせんりつめいきゅう」と読みます。この場所では女性の幽霊が現れるといった噂があるため心霊スポットと呼ばれています。",
    "comment": "そんなことより、ええじゃないか乗ろうぜ！",
    "imageUrl": "https://ghostmap.jp/img/spot/display/20231021175122655.jpg",
    "sourceUrl": "https://ghostmap.jp/spotdetail.php?spotcd=718"
   }
  },
  {
   "type": "Feature",
   "geometry": {
    "type": "Point",
    "coordinates": [
     136.803076,
     35.110051
    ]
   },
   "properties": {
    "spotcd": 2374,
    "name": "トトロの家",
    "kana": "ととろのいえ",
    "address": "〒455-0863 愛知県名古屋市港区新茶屋５丁目１２１０ ※関係者以外は立ち入り禁止、無断で入ると不法侵入になります",
    "prefecture": "愛知県",
    "city": "名古屋市",
    "genre": "住居",
    "status": "現存",
    "phenomena": [
     "少年の霊",
     "人影",
     "心霊写真"
    ],
    "features": [
     "廃墟",
     "愛知県の廃墟"
    ],
    "totalScore": 18720,
    "nationalRank": 255,
    "prefRank": 10,
    "fearRating": 3.34,
    "ratingCount": 192,
    "outline": "トトロの家とは、愛知県名古屋市にある心霊廃墟です。「ととろのいえ」と読みます。この場所では少年の幽霊が現れるといった噂があるため心霊スポットと呼ばれています。",
    "comment": "中で加工アプリ(SNOW)で一緒にいった友達と写真をとったらだれもいないところに顔が反応されたりしました。",
    "imageUrl": "https://ghostmap.jp/img/spot/display/20260330110156725.jpg",
    "sourceUrl": "https://ghostmap.jp/spotdetail.php?spotcd=2374"
   }
  },
  {
   "type": "Feature",
   "geometry": {
    "type": "Point",
    "coordinates": [
     139.857811,
     35.71675
    ]
   },
   "properties": {
    "spotcd": 1120,
    "name": "新小岩駅",
    "kana": "しんこいわえき",
    "address": "〒124-0024 東京都葛飾区新小岩１丁目４５−１",
    "prefecture": "東京都",
    "city": "葛飾区",
    "genre": "駅・踏切",
    "status": "現存",
    "phenomena": [
     "女性の霊",
     "人影"
    ],
    "features": [
     "自殺の名所"
    ],
    "totalScore": 18718,
    "nationalRank": 256,
    "prefRank": 16,
    "fearRating": 3.89,
    "ratingCount": 167,
    "outline": "新小岩駅とは、東京都葛飾区にあるお化け駅（お化け踏切）です。「しんこいわえき」と読みます。この場所では女性の幽霊が現れるといった噂があるため心霊スポットと呼ばれています。",
    "comment": "小田急も多いよ。 向ヶ丘遊園から小田急相模原あたり",
    "imageUrl": "https://ghostmap.jp/img/spot/display/20170526201950084.JPG",
    "sourceUrl": "https://ghostmap.jp/spotdetail.php?spotcd=1120"
   }
  },
  {
   "type": "Feature",
   "geometry": {
    "type": "Point",
    "coordinates": [
     142.199618,
     43.729926
    ]
   },
   "properties": {
    "spotcd": 1072,
    "name": "神居古潭トンネル",
    "kana": "かむいこたんとんねる",
    "address": "〒078-0185 北海道旭川市神居町神居古潭 神居国道",
    "prefecture": "北海道",
    "city": "旭川市",
    "genre": "トンネル",
    "status": "現存",
    "phenomena": [
     "女性の霊"
    ],
    "features": [],
    "totalScore": 18717,
    "nationalRank": 257,
    "prefRank": 10,
    "fearRating": 4.05,
    "ratingCount": 161,
    "outline": "神居古潭トンネルとは、北海道旭川市にあるお化けトンネルです。「かむいこたんとんねる」と読みます。この場所では女性の幽霊が現れるといった噂があるため心霊スポットと呼ばれています。",
    "comment": "やっぱり神様の住む場所に人間が入ってはいけないのですね。",
    "imageUrl": "https://ghostmap.jp/img/spot/display/20190304230930428.jpeg",
    "sourceUrl": "https://ghostmap.jp/spotdetail.php?spotcd=1072"
   }
  },
  {
   "type": "Feature",
   "geometry": {
    "type": "Point",
    "coordinates": [
     132.10796,
     34.942281
    ]
   },
   "properties": {
    "spotcd": 220,
    "name": "賽の河原（石見畳ケ浦）",
    "kana": "さいのかわら（いわみたたみがうら）",
    "address": "〒697-0003 島根県浜田市国分町 県道239号線",
    "prefecture": "島根県",
    "city": "浜田市",
    "genre": "海",
    "status": "現存",
    "phenomena": [
     "少年の霊",
     "声",
     "心霊写真"
    ],
    "features": [
     "宜保愛子"
    ],
    "totalScore": 18700,
    "nationalRank": 259,
    "prefRank": 2,
    "fearRating": 2.71,
    "ratingCount": 225,
    "outline": "賽の河原（石見畳ケ浦）とは、島根県浜田市にある海の心霊スポットです。「さいのかわら（いわみたたみがうら）」と読みます。この場所では少年の幽霊が現れるといった噂があるため心霊スポットと呼ばれています。",
    "comment": "怖いけど、洞窟の写真が幻想的。",
    "imageUrl": "https://ghostmap.jp/img/spot/display/20230531065308404.jpeg",
    "sourceUrl": "https://ghostmap.jp/spotdetail.php?spotcd=220"
   }
  },
  {
   "type": "Feature",
   "geometry": {
    "type": "Point",
    "coordinates": [
     135.650618,
     34.669945
    ]
   },
   "properties": {
    "spotcd": 978,
    "name": "枚岡神社",
    "kana": "ひらおかじんじゃ",
    "address": "〒579-8033 大阪府東大阪市出雲井町７−１６ 枚岡神社",
    "prefecture": "大阪府",
    "city": "東大阪市",
    "genre": "神社・寺",
    "status": "現存",
    "phenomena": [
     "老婆の霊"
    ],
    "features": [],
    "totalScore": 18699,
    "nationalRank": 260,
    "prefRank": 11,
    "fearRating": 3.85,
    "ratingCount": 164,
    "outline": "枚岡神社とは、大阪府東大阪市にある幽霊神社（幽霊寺）です。「ひらおかじんじゃ」と読みます。この場所では老婆の幽霊が現れるといった噂があるため心霊スポットと呼ばれています。",
    "comment": "ここの神社はパワースポットとして有名で しかももの凄く歴史の古い神社なのに悪く言われてるのは妙な感じがします。",
    "imageUrl": "https://ghostmap.jp/img/spot/display/20230218165523885.jpg",
    "sourceUrl": "https://ghostmap.jp/spotdetail.php?spotcd=978"
   }
  },
  {
   "type": "Feature",
   "geometry": {
    "type": "Point",
    "coordinates": [
     141.090407,
     41.327556
    ]
   },
   "properties": {
    "spotcd": 4,
    "name": "恐山",
    "kana": "おそれざん",
    "address": "〒035-0021 青森県むつ市田名部宇曽利山３",
    "prefecture": "青森県",
    "city": "むつ市",
    "genre": "山・森",
    "status": "現存",
    "phenomena": [
     "女性の霊"
    ],
    "features": [],
    "totalScore": 18686,
    "nationalRank": 262,
    "prefRank": 6,
    "fearRating": 3.96,
    "ratingCount": 157,
    "outline": "恐山とは、青森県むつ市にある山・森の心霊スポットです。「おそれざん」と読みます。この場所では女性の幽霊が現れるといった噂があるため心霊スポットと呼ばれています。",
    "comment": "恐山最後のイタコ",
    "imageUrl": "https://ghostmap.jp/img/spot/display/20230320003635659.JPG",
    "sourceUrl": "https://ghostmap.jp/spotdetail.php?spotcd=4"
   }
  },
  {
   "type": "Feature",
   "geometry": {
    "type": "Point",
    "coordinates": [
     136.125197,
     36.250389
    ]
   },
   "properties": {
    "spotcd": 176,
    "name": "雄島トンネル",
    "kana": "おしまとんねる",
    "address": "〒913-0064 福井県坂井市三国町安島２６−２５",
    "prefecture": "福井県",
    "city": "坂井市",
    "genre": "トンネル",
    "status": "現存",
    "phenomena": [
     "女性の霊"
    ],
    "features": [],
    "totalScore": 18658,
    "nationalRank": 267,
    "prefRank": 2,
    "fearRating": 4.23,
    "ratingCount": 142,
    "outline": "雄島トンネルとは、福井県坂井市にあるお化けトンネルです。「おしまとんねる」と読みます。この場所では女性の幽霊が現れるといった噂があるため心霊スポットと呼ばれています。",
    "comment": "みなさんここにはふざけて行かない方がいいです。 この観音様は私たちを守ってくださる方です。 ふざけて、心霊スポットとか言わない方がいいです。 よろしくお願いします。",
    "imageUrl": "https://ghostmap.jp/img/spot/display/20230326001526086.jpg",
    "sourceUrl": "https://ghostmap.jp/spotdetail.php?spotcd=176"
   }
  },
  {
   "type": "Feature",
   "geometry": {
    "type": "Point",
    "coordinates": [
     133.663571,
     35.37892
    ]
   },
   "properties": {
    "spotcd": 751,
    "name": "真野原山荘",
    "kana": "まのはらさんそう",
    "address": "〒682-0423 鳥取県倉吉市関金町明高 県道45号線 ※関係者以外は立ち入り禁止、無断で入ると不法侵入になります",
    "prefecture": "鳥取県",
    "city": "倉吉市",
    "genre": "ホテル・旅館",
    "status": "現存",
    "phenomena": [
     "女性の霊"
    ],
    "features": [
     "廃墟",
     "鳥取県の廃墟"
    ],
    "totalScore": 18658,
    "nationalRank": 266,
    "prefRank": 1,
    "fearRating": 2.9,
    "ratingCount": 199,
    "outline": "真野原山荘とは、鳥取県倉吉市にある心霊廃墟です。「まのはらさんそう」と読みます。この場所では女性の幽霊が現れるといった噂があるため心霊スポットと呼ばれています。",
    "comment": "二階の窓からこちらをみてますが、出るのはこの方ですか？",
    "imageUrl": "https://ghostmap.jp/img/spot/display/20230812153540361.jpeg",
    "sourceUrl": "https://ghostmap.jp/spotdetail.php?spotcd=751"
   }
  },
  {
   "type": "Feature",
   "geometry": {
    "type": "Point",
    "coordinates": [
     135.685701,
     34.686718
    ]
   },
   "properties": {
    "spotcd": 178,
    "name": "信貴生駒スカイライン",
    "kana": "しぎいこますかいらいん",
    "address": "奈良県生駒市 信貴生駒スカイライン",
    "prefecture": "奈良県",
    "city": "生駒市",
    "genre": "道・峠",
    "status": "現存",
    "phenomena": [
     "女性の霊"
    ],
    "features": [],
    "totalScore": 18650,
    "nationalRank": 268,
    "prefRank": 2,
    "fearRating": 3.56,
    "ratingCount": 164,
    "outline": "信貴生駒スカイラインとは、奈良県生駒市にある道・峠の心霊スポットです。「しぎいこますかいらいん」と読みます。この場所では女性の幽霊が現れるといった噂があるため心霊スポットと呼ばれています。",
    "comment": "なんべんも通ってるけど見たことあらへんわ。 そんなもんよりもすぐ横にある農道の信貴フラワーロードで真夜中にババアがバス停で突っ立ってたの見たことあるけど、そっちのが全然怖いっちゅうねん",
    "imageUrl": null,
    "sourceUrl": "https://ghostmap.jp/spotdetail.php?spotcd=178"
   }
  },
  {
   "type": "Feature",
   "geometry": {
    "type": "Point",
    "coordinates": [
     140.919969,
     36.938304
    ]
   },
   "properties": {
    "spotcd": 562,
    "name": "三崎公園",
    "kana": "みさきこうえん",
    "address": "〒970-0316 福島県いわき市小名浜下神白大作９３ 三崎公園管理（事）",
    "prefecture": "福島県",
    "city": "いわき市",
    "genre": "公園・城跡",
    "status": "現存",
    "phenomena": [
     "女性の霊",
     "声"
    ],
    "features": [
     "自殺の名所"
    ],
    "totalScore": 18647,
    "nationalRank": 269,
    "prefRank": 6,
    "fearRating": 3.47,
    "ratingCount": 167,
    "outline": "三崎公園とは、福島県いわき市にある公園・城跡の心霊スポットです。「みさきこうえん」と読みます。この場所では女性の幽霊が現れるといった噂があるため心霊スポットと呼ばれています。",
    "comment": "実際、過去に飛び降りや首つり自殺があったそうです。なぜか兵隊の霊が行進してるとの噂も。あと、公園の公衆トイレに女の霊が出没するそうです。",
    "imageUrl": null,
    "sourceUrl": "https://ghostmap.jp/spotdetail.php?spotcd=562"
   }
  },
  {
   "type": "Feature",
   "geometry": {
    "type": "Point",
    "coordinates": [
     137.10794,
     35.326898
    ]
   },
   "properties": {
    "spotcd": 318,
    "name": "１３号トンネル",
    "kana": "じゅうさんごうとんねる",
    "address": "非公開",
    "prefecture": "岐阜県",
    "city": "多治見市",
    "genre": "トンネル",
    "status": "現存",
    "phenomena": [
     "女性の霊"
    ],
    "features": [],
    "totalScore": 18645,
    "nationalRank": 270,
    "prefRank": 6,
    "fearRating": 4.17,
    "ratingCount": 141,
    "outline": "１３号トンネルとは、岐阜県多治見市にあるお化けトンネルです。「じゅうさんごうとんねる」と読みます。この場所では女性の幽霊が現れるといった噂があるため心霊スポットと呼ばれています。",
    "comment": "朝鮮トンネルよりは間違いなく怖い",
    "imageUrl": "https://ghostmap.jp/img/spot/display/201407162306050.jpg",
    "sourceUrl": "https://ghostmap.jp/spotdetail.php?spotcd=318"
   }
  },
  {
   "type": "Feature",
   "geometry": {
    "type": "Point",
    "coordinates": [
     127.690701,
     26.09639
    ]
   },
   "properties": {
    "spotcd": 1053,
    "name": "ひめゆりの塔",
    "kana": "ひめゆりのとう",
    "address": "〒901-0344 沖縄県糸満市伊原６７１",
    "prefecture": "沖縄県",
    "city": "糸満市",
    "genre": "墓地・慰霊碑",
    "status": "現存",
    "phenomena": [
     "少女の霊"
    ],
    "features": [],
    "totalScore": 18629,
    "nationalRank": 272,
    "prefRank": 6,
    "fearRating": 3.91,
    "ratingCount": 146,
    "outline": "ひめゆりの塔とは、沖縄県糸満市にある墓地・慰霊碑の心霊スポットです。「ひめゆりのとう」と読みます。この場所では少女の幽霊が現れるといった噂があるため心霊スポットと呼ばれています。",
    "comment": "修学旅行で行った時に、友達が霊感持ちで、お守りのブレスレットを持ってきてたんだけど、中で展示見てるときに触ってもいないのにそのブレスレットがちぎれて弾けとんでたのが怖かった",
    "imageUrl": "https://ghostmap.jp/img/spot/display/20190424215102865.jpeg",
    "sourceUrl": "https://ghostmap.jp/spotdetail.php?spotcd=1053"
   }
  },
  {
   "type": "Feature",
   "geometry": {
    "type": "Point",
    "coordinates": [
     139.435538,
     36.323939
    ]
   },
   "properties": {
    "spotcd": 528,
    "name": "門田稲荷神社",
    "kana": "かどたいなりじんじゃ",
    "address": "〒326-0824 栃木県足利市八幡町 門田稲荷神社",
    "prefecture": "栃木県",
    "city": "足利市",
    "genre": "神社・寺",
    "status": "現存",
    "phenomena": [
     "女性の霊",
     "心霊写真"
    ],
    "features": [],
    "totalScore": 18626,
    "nationalRank": 274,
    "prefRank": 6,
    "fearRating": 4.1,
    "ratingCount": 139,
    "outline": "門田稲荷神社とは、栃木県足利市にある幽霊神社（幽霊寺）です。「かどたいなりじんじゃ」と読みます。この場所では女性の幽霊が現れるといった噂があるため心霊スポットと呼ばれています。",
    "comment": "呪いの願掛けなんて願掛けの仕方間違ってる。神様呆れかえるよ。本来悪縁や悪心との縁を切りたいが正しい願掛けの仕方だよね。",
    "imageUrl": "https://ghostmap.jp/img/spot/display/20170327224640269.jpg",
    "sourceUrl": "https://ghostmap.jp/spotdetail.php?spotcd=528"
   }
  },
  {
   "type": "Feature",
   "geometry": {
    "type": "Point",
    "coordinates": [
     135.353316,
     33.665758
    ]
   },
   "properties": {
    "spotcd": 532,
    "name": "ブラックビル",
    "kana": "ぶらっくびる",
    "address": "〒649-2211 和歌山県西牟婁郡白浜町（その他）２９２７−１３７２ ※関係者以外は立ち入り禁止、無断で入ると不法侵入になります",
    "prefecture": "和歌山県",
    "city": "白浜町",
    "genre": "ホテル・旅館",
    "status": "現存",
    "phenomena": [
     "老爺の霊"
    ],
    "features": [
     "廃墟",
     "和歌山県の廃墟"
    ],
    "totalScore": 18614,
    "nationalRank": 276,
    "prefRank": 2,
    "fearRating": 3.77,
    "ratingCount": 147,
    "outline": "ブラックビルとは、和歌山県白浜町にある心霊廃墟です。「ぶらっくびる」と読みます。この場所では老爺の幽霊が現れるといった噂があるため心霊スポットと呼ばれています。",
    "comment": "一晩で白髪になるとかｗなんか中国の故事であったな。でもまあ、心霊スポットであまり悪ふざけはしない方がいいな。悪影響を受ける可能性もあるので。",
    "imageUrl": null,
    "sourceUrl": "https://ghostmap.jp/spotdetail.php?spotcd=532"
   }
  },
  {
   "type": "Feature",
   "geometry": {
    "type": "Point",
    "coordinates": [
     136.528204,
     34.726289
    ]
   },
   "properties": {
    "spotcd": 289,
    "name": "中河原海岸",
    "kana": "なかがわらかいがん",
    "address": "〒514-0011 三重県津市高洲町１７−１７",
    "prefecture": "三重県",
    "city": "津市",
    "genre": "海",
    "status": "現存",
    "phenomena": [
     "少女の霊"
    ],
    "features": [],
    "totalScore": 18609,
    "nationalRank": 277,
    "prefRank": 5,
    "fearRating": 3.86,
    "ratingCount": 143,
    "outline": "中河原海岸とは、三重県津市にある海の心霊スポットです。「なかがわらかいがん」と読みます。この場所では少女の幽霊が現れるといった噂があるため心霊スポットと呼ばれています。",
    "comment": "マリア像付近も心霊現象がよく起きる。写真に撮ったマリア像が涙を流しているとか霊感のある人がマリア像に近付くと身体が重くなるらしい",
    "imageUrl": "https://ghostmap.jp/img/spot/display/20230315194854366.jpg",
    "sourceUrl": "https://ghostmap.jp/spotdetail.php?spotcd=289"
   }
  },
  {
   "type": "Feature",
   "geometry": {
    "type": "Point",
    "coordinates": [
     138.302692,
     34.932609
    ]
   },
   "properties": {
    "spotcd": 529,
    "name": "宇津ノ谷トンネル",
    "kana": "うつのやとんねる",
    "address": "〒421-1121 静岡県藤枝市岡部町岡部 県道208号線",
    "prefecture": "静岡県",
    "city": "藤枝市",
    "genre": "トンネル",
    "status": "現存",
    "phenomena": [
     "男性の霊",
     "声"
    ],
    "features": [],
    "totalScore": 18607,
    "nationalRank": 279,
    "prefRank": 8,
    "fearRating": 3.37,
    "ratingCount": 161,
    "outline": "宇津ノ谷トンネルとは、静岡県藤枝市にあるお化けトンネルです。「うつのやとんねる」と読みます。この場所では男性の幽霊が現れるといった噂があるため心霊スポットと呼ばれています。",
    "comment": "文化的価値が高い存在になり、今はかなり整備されています。 隧道としての歴史的価値は非常にあります。 レンガ積みの美しい隧道です。",
    "imageUrl": "https://ghostmap.jp/img/spot/display/20240817033552269.jpg",
    "sourceUrl": "https://ghostmap.jp/spotdetail.php?spotcd=529"
   }
  },
  {
   "type": "Feature",
   "geometry": {
    "type": "Point",
    "coordinates": [
     139.019011,
     37.91835
    ]
   },
   "properties": {
    "spotcd": 881,
    "name": "お城公園（西海浜公園）",
    "kana": "おしろこうえん（にしかいひんこうえん）",
    "address": "〒951-8134 新潟県新潟市中央区関屋１−２４",
    "prefecture": "新潟県",
    "city": "新潟市",
    "genre": "公園・城跡",
    "status": "現存",
    "phenomena": [
     "女性の霊",
     "人影"
    ],
    "features": [],
    "totalScore": 18599,
    "nationalRank": 280,
    "prefRank": 10,
    "fearRating": 3.36,
    "ratingCount": 159,
    "outline": "お城公園（西海浜公園）とは、新潟県新潟市にある公園・城跡の心霊スポットです。「おしろこうえん（にしかいひんこうえん）」と読みます。この場所では女性の幽霊が現れるといった噂があるため心霊スポットと呼ばれています。",
    "comment": "ここは霊よりも某国に拉致されることを危惧した方がいいよ 実はまだ続いてるって話も聞くし",
    "imageUrl": "https://ghostmap.jp/img/spot/display/20251005225119946.png",
    "sourceUrl": "https://ghostmap.jp/spotdetail.php?spotcd=881"
   }
  },
  {
   "type": "Feature",
   "geometry": {
    "type": "Point",
    "coordinates": [
     140.362802,
     39.048786
    ]
   },
   "properties": {
    "spotcd": 463,
    "name": "院内銀山",
    "kana": "いんないぎんざん",
    "address": "〒019-0113 秋田県湯沢市院内銀山町上本町４０",
    "prefecture": "秋田県",
    "city": "湯沢市",
    "genre": "山・森",
    "status": "現存",
    "phenomena": [
     "男性の霊"
    ],
    "features": [],
    "totalScore": 18583,
    "nationalRank": 283,
    "prefRank": 2,
    "fearRating": 4.29,
    "ratingCount": 124,
    "outline": "院内銀山とは、秋田県湯沢市にある山・森の心霊スポットです。「いんないぎんざん」と読みます。この場所では男性の幽霊が現れるといった噂があるため心霊スポットと呼ばれています。",
    "comment": "名前だけ聞いたことがあって興味本位で立ち寄ったのですが、雰囲気が異常だったので途中で戻りました。 個人的に秋田で一番怖いと思います。",
    "imageUrl": "https://ghostmap.jp/img/spot/display/20160814004223987.JPG",
    "sourceUrl": "https://ghostmap.jp/spotdetail.php?spotcd=463"
   }
  },
  {
   "type": "Feature",
   "geometry": {
    "type": "Point",
    "coordinates": [
     139.721284,
     36.835995
    ]
   },
   "properties": {
    "spotcd": 1475,
    "name": "鬼怒川第一ホテル",
    "kana": "きぬがわだいいちほてる",
    "address": "〒321-2521 栃木県日光市藤原 国道121号線 ※関係者以外は立ち入り禁止、無断で入ると不法侵入になります",
    "prefecture": "栃木県",
    "city": "日光市",
    "genre": "ホテル・旅館",
    "status": "現存",
    "phenomena": [
     "女性の霊"
    ],
    "features": [
     "廃墟",
     "栃木県の廃墟",
     "廃ホテル街道"
    ],
    "totalScore": 18582,
    "nationalRank": 284,
    "prefRank": 7,
    "fearRating": 3.69,
    "ratingCount": 142,
    "outline": "鬼怒川第一ホテルとは、栃木県日光市にある心霊廃墟です。「きぬがわだいいちほてる」と読みます。この場所では女性の幽霊が現れるといった噂があるため心霊スポットと呼ばれています。",
    "comment": "かつては観光客で賑わっていた鬼怒川沿いのホテル群。廃墟になって荒廃した姿を見るのは何とも寂しい限りです。",
    "imageUrl": "https://ghostmap.jp/img/spot/display/20240814210935671.jpeg",
    "sourceUrl": "https://ghostmap.jp/spotdetail.php?spotcd=1475"
   }
  },
  {
   "type": "Feature",
   "geometry": {
    "type": "Point",
    "coordinates": [
     134.927611,
     34.779496
    ]
   },
   "properties": {
    "spotcd": 1216,
    "name": "高田牧場（武家屋敷）",
    "kana": "たかだぼくじょう（ぶけやしき）",
    "address": "〒675-1202 兵庫県加古川市八幡町野村 県道377号線 ※関係者以外は立ち入り禁止、無断で入ると不法侵入になります",
    "prefecture": "兵庫県",
    "city": "加古川市",
    "genre": "住居",
    "status": "現存",
    "phenomena": [
     "女性の霊",
     "声",
     "人影"
    ],
    "features": [
     "廃墟",
     "兵庫県の廃墟"
    ],
    "totalScore": 18571,
    "nationalRank": 288,
    "prefRank": 9,
    "fearRating": 3.7,
    "ratingCount": 139,
    "outline": "高田牧場（武家屋敷）とは、兵庫県加古川市にある心霊廃墟です。「たかだぼくじょう（ぶけやしき）」と読みます。この場所では女性の幽霊が現れるといった噂があるため心霊スポットと呼ばれています。",
    "comment": "ここに肝試しに行ったときに友人が、発狂して拾った木の破片で太ももをザクザク刺していたのが忘れられない。無理やり止めさせたが、本人曰く酔っていて覚えてないとやらで…何だったんだろうか？",
    "imageUrl": "https://ghostmap.jp/img/spot/display/20221210134610873.jpg",
    "sourceUrl": "https://ghostmap.jp/spotdetail.php?spotcd=1216"
   }
  },
  {
   "type": "Feature",
   "geometry": {
    "type": "Point",
    "coordinates": [
     135.501896,
     34.702005
    ]
   },
   "properties": {
    "spotcd": 541,
    "name": "泉の広場",
    "kana": "いずみのひろば",
    "address": "〒530-0001 大阪府大阪市北区",
    "prefecture": "大阪府",
    "city": "大阪市",
    "genre": "その他",
    "status": "現存",
    "phenomena": [
     "女性の霊",
     "声"
    ],
    "features": [],
    "totalScore": 18570,
    "nationalRank": 289,
    "prefRank": 12,
    "fearRating": 3.5,
    "ratingCount": 146,
    "outline": "泉の広場とは、大阪府大阪市にあるその他の心霊スポットです。「いずみのひろば」と読みます。この場所では女性の幽霊が現れるといった噂があるため心霊スポットと呼ばれています。",
    "comment": "今から15～16年前に見ました。 トイレ迄着いて来られました。赤い服で平野ノラ風の恐い顔つきでした。まだ10代で幽霊だとは思いませんでした。",
    "imageUrl": "https://ghostmap.jp/img/spot/display/20221015144937568.jpg",
    "sourceUrl": "https://ghostmap.jp/spotdetail.php?spotcd=541"
   }
  },
  {
   "type": "Feature",
   "geometry": {
    "type": "Point",
    "coordinates": [
     130.828463,
     31.354059
    ]
   },
   "properties": {
    "spotcd": 1167,
    "name": "鹿屋市横山町切小田の墓地の近くの雑木林",
    "kana": "かのやしよこやまちょうきこだのぼちのちかくのぞうきばやし",
    "address": "鹿児島県鹿屋市県道550号線",
    "prefecture": "鹿児島県",
    "city": "鹿屋市",
    "genre": "山・森",
    "status": "現存",
    "phenomena": [
     "少年の霊"
    ],
    "features": [],
    "totalScore": 18568,
    "nationalRank": 290,
    "prefRank": 5,
    "fearRating": 3.54,
    "ratingCount": 144,
    "outline": "鹿屋市横山町切小田の墓地の近くの雑木林とは、鹿児島県鹿屋市にある山・森の心霊スポットです。「かのやしよこやまちょうきこだのぼちのちかくのぞうきばやし」と読みます。この場所では少年の幽霊が現れるといった噂があるため心霊スポットと呼ばれています。",
    "comment": "わかってしまった。西には道が見える。大きな人達も",
    "imageUrl": "https://ghostmap.jp/img/spot/display/20170616042751454.jpg",
    "sourceUrl": "https://ghostmap.jp/spotdetail.php?spotcd=1167"
   }
  },
  {
   "type": "Feature",
   "geometry": {
    "type": "Point",
    "coordinates": [
     132.744325,
     33.753933
    ]
   },
   "properties": {
    "spotcd": 42,
    "name": "大谷池",
    "kana": "おおたにいけ",
    "address": "〒791-2125 愛媛県伊予郡砥部町七折 県道219号線",
    "prefecture": "愛媛県",
    "city": "砥部町",
    "genre": "湖（池）・ダム",
    "status": "現存",
    "phenomena": [
     "女性の霊"
    ],
    "features": [],
    "totalScore": 18566,
    "nationalRank": 291,
    "prefRank": 2,
    "fearRating": 3.58,
    "ratingCount": 142,
    "outline": "大谷池とは、愛媛県砥部町にある湖（池）・ダムの心霊スポットです。「おおたにいけ」と読みます。この場所では女性の幽霊が現れるといった噂があるため心霊スポットと呼ばれています。",
    "comment": "夜に友達と二人で行ったらタイヤが近くの溝にハマってしまった 二人で車持ち上げてなんとか抜け出せたけどヤバかった 暗くて怖いし 行く時は気をつけてくれ",
    "imageUrl": "https://ghostmap.jp/img/spot/display/20250702203514962.jpeg",
    "sourceUrl": "https://ghostmap.jp/spotdetail.php?spotcd=42"
   }
  },
  {
   "type": "Feature",
   "geometry": {
    "type": "Point",
    "coordinates": [
     137.595203,
     34.746886
    ]
   },
   "properties": {
    "spotcd": 330,
    "name": "浜名湖",
    "kana": "はまなこ",
    "address": "静岡県浜松市西区 村櫛舘山寺道路",
    "prefecture": "静岡県",
    "city": "浜松市",
    "genre": "湖（池）・ダム",
    "status": "現存",
    "phenomena": [
     "少女の霊",
     "声"
    ],
    "features": [],
    "totalScore": 18563,
    "nationalRank": 292,
    "prefRank": 9,
    "fearRating": 3.3,
    "ratingCount": 152,
    "outline": "浜名湖とは、静岡県浜松市にある湖（池）・ダムの心霊スポットです。「はまなこ」と読みます。この場所では少女の幽霊が現れるといった噂があるため心霊スポットと呼ばれています。",
    "comment": "うなぎが釣り人を湖に引きずり込んでいるのかもしれない。",
    "imageUrl": "https://ghostmap.jp/img/spot/display/201408052105280.JPG",
    "sourceUrl": "https://ghostmap.jp/spotdetail.php?spotcd=330"
   }
  },
  {
   "type": "Feature",
   "geometry": {
    "type": "Point",
    "coordinates": [
     135.639484,
     34.987034
    ]
   },
   "properties": {
    "spotcd": 182,
    "name": "首塚大明神",
    "kana": "くびづかだいみょうじん",
    "address": "〒610-1106 京都府京都市西京区大枝沓掛町 ※関係者以外は立ち入り禁止、無断で入ると不法侵入になります",
    "prefecture": "京都府",
    "city": "京都市",
    "genre": "神社・寺",
    "status": "現存",
    "phenomena": [
     "男性の霊",
     "心霊写真"
    ],
    "features": [
     "廃墟",
     "京都府の廃墟"
    ],
    "totalScore": 18562,
    "nationalRank": 293,
    "prefRank": 5,
    "fearRating": 4.2,
    "ratingCount": 122,
    "outline": "首塚大明神とは、京都府京都市にある心霊廃墟です。「くびづかだいみょうじん」と読みます。この場所では男性の幽霊が現れるといった噂があるため心霊スポットと呼ばれています。",
    "comment": "ちなみに鳥居の上に石投げるとご利益あるとかいうのは 朝鮮の風習、ホント迷惑だわ",
    "imageUrl": "https://ghostmap.jp/img/spot/display/201409231359090.jpg",
    "sourceUrl": "https://ghostmap.jp/spotdetail.php?spotcd=182"
   }
  },
  {
   "type": "Feature",
   "geometry": {
    "type": "Point",
    "coordinates": [
     139.591557,
     36.75003
    ]
   },
   "properties": {
    "spotcd": 601,
    "name": "憾満ヶ淵",
    "kana": "かんまんがふち",
    "address": "〒321-1433 栃木県日光市匠町８−３３",
    "prefecture": "栃木県",
    "city": "日光市",
    "genre": "川・滝",
    "status": "現存",
    "phenomena": [
     "女性の霊"
    ],
    "features": [],
    "totalScore": 18559,
    "nationalRank": 294,
    "prefRank": 8,
    "fearRating": 3.83,
    "ratingCount": 132,
    "outline": "憾満ヶ淵とは、栃木県日光市にあるオバケ川（幽霊滝）です。「かんまんがふち」と読みます。この場所では女性の幽霊が現れるといった噂があるため心霊スポットと呼ばれています。",
    "comment": "ここを心霊スポットと呼ぶのは不謹慎極まりない。観光地でもあり聖地。",
    "imageUrl": "https://ghostmap.jp/img/spot/display/201512122124010.jpg",
    "sourceUrl": "https://ghostmap.jp/spotdetail.php?spotcd=601"
   }
  },
  {
   "type": "Feature",
   "geometry": {
    "type": "Point",
    "coordinates": [
     141.268066,
     39.621326
    ]
   },
   "properties": {
    "spotcd": 412,
    "name": "黒森山",
    "kana": "くろもりやま",
    "address": "〒020-0404 岩手県盛岡市大ケ生２地割１２",
    "prefecture": "岩手県",
    "city": "盛岡市",
    "genre": "山・森",
    "status": "現存",
    "phenomena": [
     "少女の霊"
    ],
    "features": [],
    "totalScore": 18556,
    "nationalRank": 295,
    "prefRank": 3,
    "fearRating": 4.12,
    "ratingCount": 123,
    "outline": "黒森山とは、岩手県盛岡市にある山・森の心霊スポットです。「くろもりやま」と読みます。この場所では少女の幽霊が現れるといった噂があるため心霊スポットと呼ばれています。",
    "comment": "しっかし雫石の慰霊の森といい此処といい危ねーところばっかで岩手は魔境だな。",
    "imageUrl": "https://ghostmap.jp/img/spot/display/20170827204302726.jpg",
    "sourceUrl": "https://ghostmap.jp/spotdetail.php?spotcd=412"
   }
  },
  {
   "type": "Feature",
   "geometry": {
    "type": "Point",
    "coordinates": [
     135.334665,
     34.779544
    ]
   },
   "properties": {
    "spotcd": 186,
    "name": "五ケ池・仁川ピクニックセンター",
    "kana": "ごかいけ・にがわぴくにっくせんたー",
    "address": "〒662-0811 兵庫県西宮市仁川町６丁目１５−２２",
    "prefecture": "兵庫県",
    "city": "西宮市",
    "genre": "湖（池）・ダム",
    "status": "現存",
    "phenomena": [
     "少女の霊"
    ],
    "features": [
     "キャンプ場"
    ],
    "totalScore": 18550,
    "nationalRank": 298,
    "prefRank": 10,
    "fearRating": 3.92,
    "ratingCount": 127,
    "outline": "五ケ池・仁川ピクニックセンターとは、兵庫県西宮市にある湖（池）・ダムの心霊スポットです。「ごかいけ・にがわぴくにっくせんたー」と読みます。この場所では少女の幽霊が現れるといった噂があるため心霊スポットと呼ばれています。",
    "comment": "監視カメラで厳重に管理してたらカメラに霊が映りまくりだね！",
    "imageUrl": "https://ghostmap.jp/img/spot/display/20191003145220480.jpg",
    "sourceUrl": "https://ghostmap.jp/spotdetail.php?spotcd=186"
   }
  },
  {
   "type": "Feature",
   "geometry": {
    "type": "Point",
    "coordinates": [
     135.321078,
     34.752037
    ]
   },
   "properties": {
    "spotcd": 146,
    "name": "樋の池の「手っちゃん」",
    "kana": "ひのいけの「てっちゃん」",
    "address": "〒662-0084 兵庫県西宮市樋之池町１４−１",
    "prefecture": "兵庫県",
    "city": "西宮市",
    "genre": "湖（池）・ダム",
    "status": "現存",
    "phenomena": [
     "少年の霊"
    ],
    "features": [],
    "totalScore": 18549,
    "nationalRank": 299,
    "prefRank": 11,
    "fearRating": 3.57,
    "ratingCount": 138,
    "outline": "樋の池の「手っちゃん」とは、兵庫県西宮市にある湖（池）・ダムの心霊スポットです。「ひのいけの「てっちゃん」」と読みます。この場所では少年の幽霊が現れるといった噂があるため心霊スポットと呼ばれています。",
    "comment": "樋の池に16年間住んでいましたが、初めて聞きました。とても平和な子どもの遊び場ですよ。でも亡くなったお子さんがいるとしたら悲しい話です。",
    "imageUrl": "https://ghostmap.jp/img/spot/display/201504291357570.jpg",
    "sourceUrl": "https://ghostmap.jp/spotdetail.php?spotcd=146"
   }
  },
  {
   "type": "Feature",
   "geometry": {
    "type": "Point",
    "coordinates": [
     135.934058,
     35.121428
    ]
   },
   "properties": {
    "spotcd": 833,
    "name": "琵琶湖大橋",
    "kana": "びわこおおはし",
    "address": "滋賀県大津市琵琶湖大橋有料道路",
    "prefecture": "滋賀県",
    "city": "大津市",
    "genre": "橋",
    "status": "現存",
    "phenomena": [
     "女性の霊"
    ],
    "features": [],
    "totalScore": 18548,
    "nationalRank": 300,
    "prefRank": 2,
    "fearRating": 3.57,
    "ratingCount": 138,
    "outline": "琵琶湖大橋とは、滋賀県大津市にある幽霊橋です。「びわこおおはし」と読みます。この場所では女性の幽霊が現れるといった噂があるため心霊スポットと呼ばれています。",
    "comment": "橋が1番高くなってる辺りが、嫌な感じ。 正直、昼間に車で走るのも嫌。",
    "imageUrl": null,
    "sourceUrl": "https://ghostmap.jp/spotdetail.php?spotcd=833"
   }
  },
  {
   "type": "Feature",
   "geometry": {
    "type": "Point",
    "coordinates": [
     135.527514,
     34.567592
    ]
   },
   "properties": {
    "spotcd": 979,
    "name": "大泉緑地",
    "kana": "おおいずみりょくち",
    "address": "〒591-8022 大阪府堺市北区金岡町１２８",
    "prefecture": "大阪府",
    "city": "堺市",
    "genre": "公園・城跡",
    "status": "現存",
    "phenomena": [
     "正体不明の霊",
     "人影"
    ],
    "features": [],
    "totalScore": 18543,
    "nationalRank": 303,
    "prefRank": 13,
    "fearRating": 3.29,
    "ratingCount": 147,
    "outline": "大泉緑地とは、大阪府堺市にある公園・城跡の心霊スポットです。「おおいずみりょくち」と読みます。この場所では正体不明の幽霊が現れるといった噂があるため心霊スポットと呼ばれています。",
    "comment": "地図と住所を訂正しました。",
    "imageUrl": "https://ghostmap.jp/img/spot/display/20241227204425167.jpg",
    "sourceUrl": "https://ghostmap.jp/spotdetail.php?spotcd=979"
   }
  },
  {
   "type": "Feature",
   "geometry": {
    "type": "Point",
    "coordinates": [
     135.52676,
     34.389558
    ]
   },
   "properties": {
    "spotcd": 795,
    "name": "滝畑ダム",
    "kana": "たきはただむ",
    "address": "〒586-0072 大阪府河内長野市滝畑 府道61号線",
    "prefecture": "大阪府",
    "city": "河内長野市",
    "genre": "湖（池）・ダム",
    "status": "現存",
    "phenomena": [
     "女性の霊"
    ],
    "features": [],
    "totalScore": 18543,
    "nationalRank": 304,
    "prefRank": 14,
    "fearRating": 4.2,
    "ratingCount": 118,
    "outline": "滝畑ダムとは、大阪府河内長野市にある湖（池）・ダムの心霊スポットです。「たきはただむ」と読みます。この場所では女性の幽霊が現れるといった噂があるため心霊スポットと呼ばれています。",
    "comment": "オバトンって、昔はバケトンと言ってたよね。",
    "imageUrl": null,
    "sourceUrl": "https://ghostmap.jp/spotdetail.php?spotcd=795"
   }
  },
  {
   "type": "Feature",
   "geometry": {
    "type": "Point",
    "coordinates": [
     139.747222,
     38.762855
    ]
   },
   "properties": {
    "spotcd": 438,
    "name": "高館山の展望台",
    "kana": "たかだてやまのてんぼうだい",
    "address": "〒997-1203 山形県鶴岡市金沢",
    "prefecture": "山形県",
    "city": "鶴岡市",
    "genre": "公園・城跡",
    "status": "現存",
    "phenomena": [
     "女性の霊",
     "足音",
     "声"
    ],
    "features": [],
    "totalScore": 18539,
    "nationalRank": 305,
    "prefRank": 2,
    "fearRating": 3.77,
    "ratingCount": 129,
    "outline": "高館山の展望台とは、山形県鶴岡市にある公園・城跡の心霊スポットです。「たかだてやまのてんぼうだい」と読みます。この場所では女性の幽霊が現れるといった噂があるため心霊スポットと呼ばれています。",
    "comment": "展望台から降りる途中に首の折れ曲がった女性に捕まると、闇の世界に連れていかれてしまうそうです。だだちゃ豆を持っていると助かるらしい。",
    "imageUrl": "https://ghostmap.jp/img/spot/display/20240622114327815.jpeg",
    "sourceUrl": "https://ghostmap.jp/spotdetail.php?spotcd=438"
   }
  },
  {
   "type": "Feature",
   "geometry": {
    "type": "Point",
    "coordinates": [
     138.08358,
     36.047295
    ]
   },
   "properties": {
    "spotcd": 469,
    "name": "諏訪湖",
    "kana": "すわこ",
    "address": "〒392-0016 長野県諏訪市豊田 県道50号線",
    "prefecture": "長野県",
    "city": "諏訪市",
    "genre": "湖（池）・ダム",
    "status": "現存",
    "phenomena": [
     "少女の霊"
    ],
    "features": [],
    "totalScore": 18525,
    "nationalRank": 308,
    "prefRank": 4,
    "fearRating": 3.07,
    "ratingCount": 151,
    "outline": "諏訪湖とは、長野県諏訪市にある湖（池）・ダムの心霊スポットです。「すわこ」と読みます。この場所では少女の幽霊が現れるといった噂があるため心霊スポットと呼ばれています。",
    "comment": "賛否両論あるとは思いますが私はここあまり近づきたくないです",
    "imageUrl": "https://ghostmap.jp/img/spot/display/201503282104450.JPG",
    "sourceUrl": "https://ghostmap.jp/spotdetail.php?spotcd=469"
   }
  },
  {
   "type": "Feature",
   "geometry": {
    "type": "Point",
    "coordinates": [
     135.671215,
     34.665096
    ]
   },
   "properties": {
    "spotcd": 268,
    "name": "暗峠",
    "kana": "くらがりとうげ",
    "address": "〒630-0236 奈良県生駒市西畑町 信貴生駒スカイライン",
    "prefecture": "奈良県",
    "city": "生駒市",
    "genre": "道・峠",
    "status": "現存",
    "phenomena": [
     "老爺の霊"
    ],
    "features": [],
    "totalScore": 18522,
    "nationalRank": 309,
    "prefRank": 3,
    "fearRating": 3.61,
    "ratingCount": 130,
    "outline": "暗峠とは、奈良県生駒市にある道・峠の心霊スポットです。「くらがりとうげ」と読みます。この場所では老爺の幽霊が現れるといった噂があるため心霊スポットと呼ばれています。",
    "comment": "心霊と言うよりは急傾斜地としてのほうが有名だな。",
    "imageUrl": "https://ghostmap.jp/img/spot/display/20180905161237388.jpg",
    "sourceUrl": "https://ghostmap.jp/spotdetail.php?spotcd=268"
   }
  },
  {
   "type": "Feature",
   "geometry": {
    "type": "Point",
    "coordinates": [
     140.497694,
     37.683659
    ]
   },
   "properties": {
    "spotcd": 444,
    "name": "上蓬莱橋",
    "kana": "かみほうらいばし",
    "address": "〒960-1246 福島県福島市松川町金沢船場３",
    "prefecture": "福島県",
    "city": "福島市",
    "genre": "橋",
    "status": "現存",
    "phenomena": [
     "女性の霊",
     "足音",
     "声",
     "心霊写真"
    ],
    "features": [],
    "totalScore": 18521,
    "nationalRank": 310,
    "prefRank": 7,
    "fearRating": 3.79,
    "ratingCount": 124,
    "outline": "上蓬莱橋とは、福島県福島市にある幽霊橋です。「かみほうらいばし」と読みます。この場所では女性の幽霊が現れるといった噂があるため心霊スポットと呼ばれています。",
    "comment": "怖いです。もし幽霊が憑いてきたら、近くのヨークベニマルでお祓いしてもらいます。",
    "imageUrl": "https://ghostmap.jp/img/spot/display/201503072311540.JPG",
    "sourceUrl": "https://ghostmap.jp/spotdetail.php?spotcd=444"
   }
  },
  {
   "type": "Feature",
   "geometry": {
    "type": "Point",
    "coordinates": [
     140.317327,
     36.298084
    ]
   },
   "properties": {
    "spotcd": 494,
    "name": "平安閣",
    "kana": "へいあんかく",
    "address": "〒319-0205 茨城県笠間市押辺１９２ ※関係者以外は立ち入り禁止、無断で入ると不法侵入になります",
    "prefecture": "茨城県",
    "city": "笠間市",
    "genre": "商業施設",
    "status": "現存",
    "phenomena": [
     "女性の霊",
     "心霊写真"
    ],
    "features": [
     "廃墟",
     "茨城県の廃墟"
    ],
    "totalScore": 18511,
    "nationalRank": 312,
    "prefRank": 6,
    "fearRating": 3.93,
    "ratingCount": 118,
    "outline": "平安閣とは、茨城県笠間市にある心霊廃墟です。「へいあんかく」と読みます。この場所では女性の幽霊が現れるといった噂があるため心霊スポットと呼ばれています。",
    "comment": "私・・・。 ここで、結婚式やった。 しかも、同級生の親が経営者だった(-_-;)",
    "imageUrl": "https://ghostmap.jp/img/spot/display/201505172148070.JPG",
    "sourceUrl": "https://ghostmap.jp/spotdetail.php?spotcd=494"
   }
  },
  {
   "type": "Feature",
   "geometry": {
    "type": "Point",
    "coordinates": [
     136.17257,
     35.60422
    ]
   },
   "properties": {
    "spotcd": 69,
    "name": "旧柳ヶ瀬トンネル",
    "kana": "きゅうやながせとんねる",
    "address": "〒914-0313 福井県敦賀市刀根 県道140号線",
    "prefecture": "福井県",
    "city": "敦賀市",
    "genre": "トンネル",
    "status": "現存",
    "phenomena": [
     "老婆の霊"
    ],
    "features": [],
    "totalScore": 18511,
    "nationalRank": 313,
    "prefRank": 3,
    "fearRating": 3.62,
    "ratingCount": 127,
    "outline": "旧柳ヶ瀬トンネルとは、福井県敦賀市にあるお化けトンネルです。「きゅうやながせとんねる」と読みます。この場所では老婆の幽霊が現れるといった噂があるため心霊スポットと呼ばれています。",
    "comment": "もしかしてこれでしょうか？ 複数枚撮影したうちの1枚に 何かしら写りこみました…",
    "imageUrl": "https://ghostmap.jp/img/spot/display/20190108113731456.jpg",
    "sourceUrl": "https://ghostmap.jp/spotdetail.php?spotcd=69"
   }
  },
  {
   "type": "Feature",
   "geometry": {
    "type": "Point",
    "coordinates": [
     135.839459,
     34.867999
    ]
   },
   "properties": {
    "spotcd": 143,
    "name": "天ケ瀬ダム",
    "kana": "あまがせだむ",
    "address": "京都府綴喜郡宇治田原町 府道3号線",
    "prefecture": "京都府",
    "city": "宇治田原町",
    "genre": "湖（池）・ダム",
    "status": "現存",
    "phenomena": [
     "女性の霊"
    ],
    "features": [],
    "totalScore": 18511,
    "nationalRank": 311,
    "prefRank": 6,
    "fearRating": 4.07,
    "ratingCount": 114,
    "outline": "天ケ瀬ダムとは、京都府宇治田原町にある湖（池）・ダムの心霊スポットです。「あまがせだむ」と読みます。この場所では女性の幽霊が現れるといった噂があるため心霊スポットと呼ばれています。",
    "comment": "東京空襲の時、東京湾で江戸前名物のアナゴが太ったのがよく取れたはなしとおなじだな",
    "imageUrl": "https://ghostmap.jp/img/spot/display/20230424191449655.jpg",
    "sourceUrl": "https://ghostmap.jp/spotdetail.php?spotcd=143"
   }
  },
  {
   "type": "Feature",
   "geometry": {
    "type": "Point",
    "coordinates": [
     132.5139,
     34.563358
    ]
   },
   "properties": {
    "spotcd": 226,
    "name": "南原トンネル",
    "kana": "なばらとんねる",
    "address": "〒731-0215 広島県広島市安佐北区可部町大字南原 県道253号線",
    "prefecture": "広島県",
    "city": "広島市",
    "genre": "トンネル",
    "status": "現存",
    "phenomena": [
     "女性の霊"
    ],
    "features": [
     "キャンプ場"
    ],
    "totalScore": 18509,
    "nationalRank": 314,
    "prefRank": 8,
    "fearRating": 3.57,
    "ratingCount": 128,
    "outline": "南原トンネルとは、広島県広島市にあるお化けトンネルです。「なばらとんねる」と読みます。この場所では女性の幽霊が現れるといった噂があるため心霊スポットと呼ばれています。",
    "comment": "「死にたくない」と遺書を残して自殺する人も珍しいですね。",
    "imageUrl": "https://ghostmap.jp/img/spot/display/20250320160549588.jpg",
    "sourceUrl": "https://ghostmap.jp/spotdetail.php?spotcd=226"
   }
  },
  {
   "type": "Feature",
   "geometry": {
    "type": "Point",
    "coordinates": [
     139.145236,
     37.778551
    ]
   },
   "properties": {
    "spotcd": 680,
    "name": "熊沢トンネル",
    "kana": "くまざわとんねる",
    "address": "〒956-0833 新潟県新潟市秋葉区草水町３丁目９５５１",
    "prefecture": "新潟県",
    "city": "新潟市",
    "genre": "トンネル",
    "status": "現存",
    "phenomena": [
     "女性の霊",
     "足音",
     "心霊写真"
    ],
    "features": [
     "キャンプ場"
    ],
    "totalScore": 18504,
    "nationalRank": 316,
    "prefRank": 11,
    "fearRating": 3.98,
    "ratingCount": 115,
    "outline": "熊沢トンネルとは、新潟県新潟市にあるお化けトンネルです。「くまざわとんねる」と読みます。この場所では女性の幽霊が現れるといった噂があるため心霊スポットと呼ばれています。",
    "comment": "秋葉区の秋葉山にあります「石油が有名」 トンネルは、約３００メートルあります。 階段があるので気を付けて 幽霊なんて出ません。 ただのトンネルです",
    "imageUrl": "https://ghostmap.jp/img/spot/display/20160919033505584.JPG",
    "sourceUrl": "https://ghostmap.jp/spotdetail.php?spotcd=680"
   }
  },
  {
   "type": "Feature",
   "geometry": {
    "type": "Point",
    "coordinates": [
     132.431049,
     34.303422
    ]
   },
   "properties": {
    "spotcd": 303,
    "name": "似島",
    "kana": "にのしま",
    "address": "〒734-0017 広島県広島市南区似島町６４８",
    "prefecture": "広島県",
    "city": "広島市",
    "genre": "その他",
    "status": "現存",
    "phenomena": [
     "少年の霊",
     "足音"
    ],
    "features": [],
    "totalScore": 18497,
    "nationalRank": 318,
    "prefRank": 9,
    "fearRating": 3.6,
    "ratingCount": 124,
    "outline": "似島とは、広島県広島市にあるその他の心霊スポットです。「にのしま」と読みます。この場所では少年の幽霊が現れるといった噂があるため心霊スポットと呼ばれています。",
    "comment": "ラッパの音はないくら何でもないよ・・・|д꒪ͧ)… 怖いよ・・・・・",
    "imageUrl": "https://ghostmap.jp/img/spot/display/20260115114500159.jpeg",
    "sourceUrl": "https://ghostmap.jp/spotdetail.php?spotcd=303"
   }
  },
  {
   "type": "Feature",
   "geometry": {
    "type": "Point",
    "coordinates": [
     137.255688,
     35.813631
    ]
   },
   "properties": {
    "spotcd": 539,
    "name": "血塗られた村",
    "kana": "ちぬられたむら",
    "address": "〒509-2202 岐阜県下呂市森 ※関係者以外は立ち入り禁止、無断で入ると不法侵入になります",
    "prefecture": "岐阜県",
    "city": "下呂市",
    "genre": "村・集落",
    "status": "現存",
    "phenomena": [
     "老婆の霊"
    ],
    "features": [
     "廃墟",
     "岐阜県の廃墟"
    ],
    "totalScore": 18494,
    "nationalRank": 319,
    "prefRank": 7,
    "fearRating": 3.55,
    "ratingCount": 125,
    "outline": "血塗られた村とは、岐阜県下呂市にある心霊廃墟です。「ちぬられたむら」と読みます。この場所では老婆の幽霊が現れるといった噂があるため心霊スポットと呼ばれています。",
    "comment": "はっきり言って風評被害等で迷惑です。 記事削除は下呂市から直接いれたらしてくれるのかな？",
    "imageUrl": null,
    "sourceUrl": "https://ghostmap.jp/spotdetail.php?spotcd=539"
   }
  },
  {
   "type": "Feature",
   "geometry": {
    "type": "Point",
    "coordinates": [
     138.785443,
     36.221236
    ]
   },
   "properties": {
    "spotcd": 486,
    "name": "下仁田トンネル",
    "kana": "しもにたとんねる",
    "address": "〒370-2601 群馬県甘楽郡下仁田町下仁田 県道195号線",
    "prefecture": "群馬県",
    "city": "下仁田町",
    "genre": "トンネル",
    "status": "現存",
    "phenomena": [
     "男性の霊"
    ],
    "features": [],
    "totalScore": 18492,
    "nationalRank": 320,
    "prefRank": 12,
    "fearRating": 4.15,
    "ratingCount": 108,
    "outline": "下仁田トンネルとは、群馬県下仁田町にあるお化けトンネルです。「しもにたとんねる」と読みます。この場所では男性の幽霊が現れるといった噂があるため心霊スポットと呼ばれています。",
    "comment": "私の叔父も近くの火葬場で焼かれたのですが、空いた時間にトンネルに向かったところただならぬ雰囲気を感じました。",
    "imageUrl": "https://ghostmap.jp/img/spot/display/20170327233205998.jpg",
    "sourceUrl": "https://ghostmap.jp/spotdetail.php?spotcd=486"
   }
  },
  {
   "type": "Feature",
   "geometry": {
    "type": "Point",
    "coordinates": [
     127.729823,
     26.237921
    ]
   },
   "properties": {
    "spotcd": 234,
    "name": "前田トンネル",
    "kana": "まえだとんねる",
    "address": "〒901-2102 沖縄県浦添市前田（字）９９７",
    "prefecture": "沖縄県",
    "city": "浦添市",
    "genre": "トンネル",
    "status": "現存",
    "phenomena": [
     "女性の霊"
    ],
    "features": [],
    "totalScore": 18492,
    "nationalRank": 321,
    "prefRank": 7,
    "fearRating": 3.53,
    "ratingCount": 125,
    "outline": "前田トンネルとは、沖縄県浦添市にあるお化けトンネルです。「まえだとんねる」と読みます。この場所では女性の幽霊が現れるといった噂があるため心霊スポットと呼ばれています。",
    "comment": "近くの前田に慰霊稗があるからなあ 暇があるならそっちのほうにも行って手を合わせてほしい",
    "imageUrl": "https://ghostmap.jp/img/spot/display/201401262309010.jpg",
    "sourceUrl": "https://ghostmap.jp/spotdetail.php?spotcd=234"
   }
  },
  {
   "type": "Feature",
   "geometry": {
    "type": "Point",
    "coordinates": [
     136.882022,
     34.726956
    ]
   },
   "properties": {
    "spotcd": 3847,
    "name": "海風洋館プルメーリア(プルメリア)",
    "kana": "かいふうようかんぷるめーりあ(ぷるめりあ)",
    "address": "〒470-3321 愛知県知多郡南知多町内海小桝１２−１ ※関係者以外は立ち入り禁止、無断で入ると不法侵入になります",
    "prefecture": "愛知県",
    "city": "南知多町",
    "genre": "ホテル・旅館",
    "status": "現存",
    "phenomena": [
     "女性の霊"
    ],
    "features": [
     "廃墟",
     "愛知県の廃墟"
    ],
    "totalScore": 18484,
    "nationalRank": 322,
    "prefRank": 11,
    "fearRating": 3.5,
    "ratingCount": 124,
    "outline": "海風洋館プルメーリア(プルメリア)とは、愛知県南知多町にある心霊廃墟です。「かいふうようかんぷるめーりあ(ぷるめりあ)」と読みます。この場所では女性の幽霊が現れるといった噂があるため心霊スポットと呼ばれています。",
    "comment": "地下駐車場は完全に水没しているみたいです。台風の影響かと思いきや、噂によると海水？で水没していて、地下駐車場で釣りも出来るみたいです。何が釣れるかは知りません。",
    "imageUrl": "https://ghostmap.jp/img/spot/display/20250803151037299.jpeg",
    "sourceUrl": "https://ghostmap.jp/spotdetail.php?spotcd=3847"
   }
  },
  {
   "type": "Feature",
   "geometry": {
    "type": "Point",
    "coordinates": [
     143.202269,
     42.744762
    ]
   },
   "properties": {
    "spotcd": 1109,
    "name": "グリュック王国",
    "kana": "ぐりゅっくおうこく",
    "address": "〒089-1244 北海道帯広市以平町 ※関係者以外は立ち入り禁止、無断で入ると不法侵入になります",
    "prefecture": "北海道",
    "city": "帯広市",
    "genre": "遊園地",
    "status": "現存",
    "phenomena": [
     "女性の霊"
    ],
    "features": [
     "廃墟",
     "北海道の廃墟"
    ],
    "totalScore": 18474,
    "nationalRank": 324,
    "prefRank": 11,
    "fearRating": 3.52,
    "ratingCount": 121,
    "outline": "グリュック王国とは、北海道帯広市にある心霊廃墟です。「ぐりゅっくおうこく」と読みます。この場所では女性の幽霊が現れるといった噂があるため心霊スポットと呼ばれています。",
    "comment": "グルック王国",
    "imageUrl": "https://ghostmap.jp/img/spot/display/20260618222124680.jpg",
    "sourceUrl": "https://ghostmap.jp/spotdetail.php?spotcd=1109"
   }
  },
  {
   "type": "Feature",
   "geometry": {
    "type": "Point",
    "coordinates": [
     130.423716,
     33.434342
    ]
   },
   "properties": {
    "spotcd": 374,
    "name": "南畑ダム",
    "kana": "みなみはただむ",
    "address": "〒811-1234 福岡県筑紫郡那珂川町五ケ山 国道385号線",
    "prefecture": "福岡県",
    "city": "那珂川市",
    "genre": "湖（池）・ダム",
    "status": "現存",
    "phenomena": [
     "女性の霊"
    ],
    "features": [],
    "totalScore": 18463,
    "nationalRank": 325,
    "prefRank": 7,
    "fearRating": 3.62,
    "ratingCount": 115,
    "outline": "南畑ダムとは、福岡県那珂川市にある湖（池）・ダムの心霊スポットです。「みなみはただむ」と読みます。この場所では女性の幽霊が現れるといった噂があるため心霊スポットと呼ばれています。",
    "comment": "37～8年前に、みた幽霊はここかもしれない 近くに、そりで滑るような施設ありませんか？ そこへ、行く途中の通り沿いにトイレがあり、右側のトイレの小窓から女性の幽霊がみていて目があった。",
    "imageUrl": "https://ghostmap.jp/img/spot/display/20211010103912322.jpeg",
    "sourceUrl": "https://ghostmap.jp/spotdetail.php?spotcd=374"
   }
  },
  {
   "type": "Feature",
   "geometry": {
    "type": "Point",
    "coordinates": [
     135.886539,
     35.077501
    ]
   },
   "properties": {
    "spotcd": 68,
    "name": "ホテル祇園",
    "kana": "ほてるぎおん",
    "address": "〒520-0103 滋賀県大津市木の岡町４９−１ ※関係者以外は立ち入り禁止、無断で入ると不法侵入になります",
    "prefecture": "滋賀県",
    "city": "大津市",
    "genre": "ホテル・旅館",
    "status": "現存",
    "phenomena": [
     "正体不明の霊"
    ],
    "features": [
     "廃墟",
     "滋賀県の廃墟"
    ],
    "totalScore": 18460,
    "nationalRank": 326,
    "prefRank": 3,
    "fearRating": 3.34,
    "ratingCount": 123,
    "outline": "ホテル祇園とは、滋賀県大津市にある心霊廃墟です。「ほてるぎおん」と読みます。この場所では正体不明の幽霊が現れるといった噂があるため心霊スポットと呼ばれています。",
    "comment": "ホテル祇園はほんまに心霊もさておき近寄らないほうがいいかと思います 心霊現象は目に見えませんが必ず何か起きる思います",
    "imageUrl": null,
    "sourceUrl": "https://ghostmap.jp/spotdetail.php?spotcd=68"
   }
  },
  {
   "type": "Feature",
   "geometry": {
    "type": "Point",
    "coordinates": [
     141.380154,
     42.986528
    ]
   },
   "properties": {
    "spotcd": 538,
    "name": "西岡水源池",
    "kana": "にしおかすいげんち",
    "address": "〒062-0039 北海道札幌市豊平区西岡４８７",
    "prefecture": "北海道",
    "city": "札幌市",
    "genre": "湖（池）・ダム",
    "status": "現存",
    "phenomena": [
     "女性の霊",
     "声"
    ],
    "features": [],
    "totalScore": 18459,
    "nationalRank": 328,
    "prefRank": 12,
    "fearRating": 3.8,
    "ratingCount": 109,
    "outline": "西岡水源池とは、北海道札幌市にある湖（池）・ダムの心霊スポットです。「にしおかすいげんち」と読みます。この場所では女性の幽霊が現れるといった噂があるため心霊スポットと呼ばれています。",
    "comment": "壊された仏像だけど改造車の写真サムネにしたバカがTwitterで「また今度行こーぜ！」「また壊そ？w」とか自供してて草",
    "imageUrl": "https://ghostmap.jp/img/spot/display/20241114213241864.JPG",
    "sourceUrl": "https://ghostmap.jp/spotdetail.php?spotcd=538"
   }
  },
  {
   "type": "Feature",
   "geometry": {
    "type": "Point",
    "coordinates": [
     135.796584,
     34.420505
    ]
   },
   "properties": {
    "spotcd": 203,
    "name": "芦原トンネル",
    "kana": "あしはらとんねる",
    "address": "〒635-0103 奈良県高市郡高取町清水谷 国道169号線",
    "prefecture": "奈良県",
    "city": "高取町",
    "genre": "トンネル",
    "status": "現存",
    "phenomena": [
     "女性の霊"
    ],
    "features": [],
    "totalScore": 18456,
    "nationalRank": 330,
    "prefRank": 4,
    "fearRating": 3.66,
    "ratingCount": 112,
    "outline": "芦原トンネルとは、奈良県高取町にあるお化けトンネルです。「あしはらとんねる」と読みます。この場所では女性の幽霊が現れるといった噂があるため心霊スポットと呼ばれています。",
    "comment": "昔、トンネルの入り口に公衆電話があったような…？ そこにシーツをかぶった口さけ女がでると噂になったよね？？",
    "imageUrl": null,
    "sourceUrl": "https://ghostmap.jp/spotdetail.php?spotcd=203"
   }
  },
  {
   "type": "Feature",
   "geometry": {
    "type": "Point",
    "coordinates": [
     135.250452,
     34.802265
    ]
   },
   "properties": {
    "spotcd": 533,
    "name": "有馬街道",
    "kana": "ありまかいどう",
    "address": "〒651-1401 兵庫県神戸市北区有馬町 有馬街道",
    "prefecture": "兵庫県",
    "city": "神戸市",
    "genre": "道・峠",
    "status": "現存",
    "phenomena": [
     "女性の霊",
     "声"
    ],
    "features": [],
    "totalScore": 18446,
    "nationalRank": 335,
    "prefRank": 12,
    "fearRating": 3.34,
    "ratingCount": 119,
    "outline": "有馬街道とは、兵庫県神戸市にある道・峠の心霊スポットです。「ありまかいどう」と読みます。この場所では女性の幽霊が現れるといった噂があるため心霊スポットと呼ばれています。",
    "comment": "というかそんなんが出た車で、よく家までずっと運転し続けられたね おいらにはとても無理だわ笑",
    "imageUrl": "https://ghostmap.jp/img/spot/display/201507101715280.jpg",
    "sourceUrl": "https://ghostmap.jp/spotdetail.php?spotcd=533"
   }
  },
  {
   "type": "Feature",
   "geometry": {
    "type": "Point",
    "coordinates": [
     133.882981,
     34.341443
    ]
   },
   "properties": {
    "spotcd": 362,
    "name": "林田港",
    "kana": "はやしだこう",
    "address": "〒762-0012 香川県坂出市林田町 県道186号線",
    "prefecture": "香川県",
    "city": "坂出市",
    "genre": "海",
    "status": "現存",
    "phenomena": [
     "女性の霊"
    ],
    "features": [
     "自殺の名所"
    ],
    "totalScore": 18444,
    "nationalRank": 336,
    "prefRank": 5,
    "fearRating": 3.86,
    "ratingCount": 104,
    "outline": "林田港とは、香川県坂出市にある海の心霊スポットです。「はやしだこう」と読みます。この場所では女性の幽霊が現れるといった噂があるため心霊スポットと呼ばれています。",
    "comment": "昼間行ってみたら普通の海だった。手前の茶色いサビついた巨大な鉄のカタマリとタイヤがギシギシ言ってたが聞き取れなかったくらい。マグロがいるのかなあと思った。",
    "imageUrl": "https://ghostmap.jp/img/spot/display/201410052255470.jpg",
    "sourceUrl": "https://ghostmap.jp/spotdetail.php?spotcd=362"
   }
  },
  {
   "type": "Feature",
   "geometry": {
    "type": "Point",
    "coordinates": [
     141.110063,
     39.709392
    ]
   },
   "properties": {
    "spotcd": 410,
    "name": "コーポ岡山",
    "kana": "こーぽおかやま",
    "address": "非公開 ※関係者以外は立ち入り禁止、無断で入ると不法侵入になります",
    "prefecture": "岩手県",
    "city": "盛岡市",
    "genre": "住居",
    "status": "現存",
    "phenomena": [
     "女性の霊",
     "心霊写真"
    ],
    "features": [
     "廃墟",
     "岩手県の廃墟"
    ],
    "totalScore": 18438,
    "nationalRank": 338,
    "prefRank": 4,
    "fearRating": 3.47,
    "ratingCount": 113,
    "outline": "コーポ岡山とは、岩手県盛岡市にある心霊廃墟です。「こーぽおかやま」と読みます。この場所では女性の幽霊が現れるといった噂があるため心霊スポットと呼ばれています。",
    "comment": "最近も何度も通ったけど、まだチャリは数台置いてあったし、車も停まってたな。確かに立ち入り禁止は貼ってあったけど。このマンションの隣にも古い家があるんだよ。",
    "imageUrl": "https://ghostmap.jp/img/spot/display/20230611201714747.jpeg",
    "sourceUrl": "https://ghostmap.jp/spotdetail.php?spotcd=410"
   }
  },
  {
   "type": "Feature",
   "geometry": {
    "type": "Point",
    "coordinates": [
     134.837049,
     34.93528
    ]
   },
   "properties": {
    "spotcd": 645,
    "name": "北条バスストップ",
    "kana": "ほうじょうばすすとっぷ",
    "address": "兵庫県加西市 中国自動車道",
    "prefecture": "兵庫県",
    "city": "加西市",
    "genre": "その他",
    "status": "現存",
    "phenomena": [
     "少女の霊",
     "声"
    ],
    "features": [],
    "totalScore": 18433,
    "nationalRank": 342,
    "prefRank": 13,
    "fearRating": 3.5,
    "ratingCount": 111,
    "outline": "北条バスストップとは、兵庫県加西市にあるその他の心霊スポットです。「ほうじょうばすすとっぷ」と読みます。この場所では少女の幽霊が現れるといった噂があるため心霊スポットと呼ばれています。",
    "comment": "この前夜中に行った時に耳鳴りがしたかと思ったら目の前の空間がガラスみたいに割れて 裂け目の中から目測で1000人くらいの貞子みたいなのが出てきて 一晩中追い掛け回されて死ぬかと思ったわ",
    "imageUrl": "https://ghostmap.jp/img/spot/display/20160704191108429.jpeg",
    "sourceUrl": "https://ghostmap.jp/spotdetail.php?spotcd=645"
   }
  },
  {
   "type": "Feature",
   "geometry": {
    "type": "Point",
    "coordinates": [
     140.082839,
     39.655491
    ]
   },
   "properties": {
    "spotcd": 9,
    "name": "梅林園",
    "kana": "ばいりんえん",
    "address": "〒010-1654 秋田県秋田市浜田池ノ沢２２",
    "prefecture": "秋田県",
    "city": "秋田市",
    "genre": "公園・城跡",
    "status": "現存",
    "phenomena": [
     "女性の霊",
     "心霊写真"
    ],
    "features": [],
    "totalScore": 18432,
    "nationalRank": 344,
    "prefRank": 3,
    "fearRating": 4.1,
    "ratingCount": 96,
    "outline": "梅林園とは、秋田県秋田市にある公園・城跡の心霊スポットです。「ばいりんえん」と読みます。この場所では女性の幽霊が現れるといった噂があるため心霊スポットと呼ばれています。",
    "comment": "蜘蛛女ってのが気になる。 どんな女なのか想像できん。",
    "imageUrl": "https://ghostmap.jp/img/spot/display/20230114183823173.jpg",
    "sourceUrl": "https://ghostmap.jp/spotdetail.php?spotcd=9"
   }
  },
  {
   "type": "Feature",
   "geometry": {
    "type": "Point",
    "coordinates": [
     138.703814,
     35.504985
    ]
   },
   "properties": {
    "spotcd": 6906,
    "name": "旧文化洞隧道",
    "kana": "きゅうぶんかどうずいどう",
    "address": "〒401-0332 山梨県南都留郡富士河口湖町西湖２４５９",
    "prefecture": "山梨県",
    "city": "富士河口湖町",
    "genre": "トンネル",
    "status": "現存",
    "phenomena": [
     "女性の霊"
    ],
    "features": [
     "稲川淳二"
    ],
    "totalScore": 18432,
    "nationalRank": 343,
    "prefRank": 6,
    "fearRating": 3.92,
    "ratingCount": 100,
    "outline": "旧文化洞隧道とは、山梨県富士河口湖町にあるお化けトンネルです。「きゅうぶんかどうずいどう」と読みます。この場所では女性の幽霊が現れるといった噂があるため心霊スポットと呼ばれています。",
    "comment": "旧トンネルの時代に一度通ったけども、まさか心霊スポットだったとは…通った時は特になんて事なかったけどな？",
    "imageUrl": "https://ghostmap.jp/img/spot/display/20250321150522043.jpg",
    "sourceUrl": "https://ghostmap.jp/spotdetail.php?spotcd=6906"
   }
  },
  {
   "type": "Feature",
   "geometry": {
    "type": "Point",
    "coordinates": [
     138.072032,
     36.380653
    ]
   },
   "properties": {
    "spotcd": 204,
    "name": "明通トンネル",
    "kana": "あけどおしとんねる",
    "address": "〒399-7502 長野県東筑摩郡筑北村東条",
    "prefecture": "長野県",
    "city": "筑北村",
    "genre": "トンネル",
    "status": "現存",
    "phenomena": [
     "女性の霊"
    ],
    "features": [
     "2chオカルト住民"
    ],
    "totalScore": 18429,
    "nationalRank": 346,
    "prefRank": 5,
    "fearRating": 3.72,
    "ratingCount": 104,
    "outline": "明通トンネルとは、長野県筑北村にあるお化けトンネルです。「あけどおしとんねる」と読みます。この場所では女性の幽霊が現れるといった噂があるため心霊スポットと呼ばれています。",
    "comment": "これか？",
    "imageUrl": null,
    "sourceUrl": "https://ghostmap.jp/spotdetail.php?spotcd=204"
   }
  },
  {
   "type": "Feature",
   "geometry": {
    "type": "Point",
    "coordinates": [
     133.220121,
     34.410074
    ]
   },
   "properties": {
    "spotcd": 1331,
    "name": "うずしお観光ビル",
    "kana": "うずしおかんこうびる",
    "address": "〒722-0052 広島県尾道市山波町２９００ ※関係者以外は立ち入り禁止、無断で入ると不法侵入になります",
    "prefecture": "広島県",
    "city": "尾道市",
    "genre": "商業施設",
    "status": "現存",
    "phenomena": [
     "男性の霊"
    ],
    "features": [
     "廃墟",
     "広島県の廃墟"
    ],
    "totalScore": 18429,
    "nationalRank": 347,
    "prefRank": 10,
    "fearRating": 3.89,
    "ratingCount": 100,
    "outline": "うずしお観光ビルとは、広島県尾道市にある心霊廃墟です。「うずしおかんこうびる」と読みます。この場所では男性の幽霊が現れるといった噂があるため心霊スポットと呼ばれています。",
    "comment": "なかなかいい感じの廃墟だな。屋上のゴンドラは何のために作られたのだろうか？",
    "imageUrl": "https://ghostmap.jp/img/spot/display/20211008061014973.jpeg",
    "sourceUrl": "https://ghostmap.jp/spotdetail.php?spotcd=1331"
   }
  },
  {
   "type": "Feature",
   "geometry": {
    "type": "Point",
    "coordinates": [
     141.422133,
     40.576503
    ]
   },
   "properties": {
    "spotcd": 963,
    "name": "鬼屋敷",
    "kana": "おにやしき",
    "address": "〒039-2241 青森県八戸市市川町 県道15号線 ※関係者以外は立ち入り禁止、無断で入ると不法侵入になります",
    "prefecture": "青森県",
    "city": "八戸市",
    "genre": "住居",
    "status": "現存",
    "phenomena": [
     "女性の霊"
    ],
    "features": [
     "廃墟",
     "青森県の廃墟"
    ],
    "totalScore": 18425,
    "nationalRank": 348,
    "prefRank": 7,
    "fearRating": 3.46,
    "ratingCount": 110,
    "outline": "鬼屋敷とは、青森県八戸市にある心霊廃墟です。「おにやしき」と読みます。この場所では女性の幽霊が現れるといった噂があるため心霊スポットと呼ばれています。",
    "comment": "自殺したのは持ち主の奥さんだけ 地元の納税番付に乗るくらいの地主の屋敷 今も住んでいるわけでは無いが普通に管理してるからアホなことはしない方がいい",
    "imageUrl": null,
    "sourceUrl": "https://ghostmap.jp/spotdetail.php?spotcd=963"
   }
  },
  {
   "type": "Feature",
   "geometry": {
    "type": "Point",
    "coordinates": [
     137.047993,
     35.173357
    ]
   },
   "properties": {
    "spotcd": 296,
    "name": "長久手古戦場公園",
    "kana": "ながくてこせんじょうこうえん",
    "address": "〒480-1121 愛知県長久手市武蔵塚２０４",
    "prefecture": "愛知県",
    "city": "長久手市",
    "genre": "公園・城跡",
    "status": "現存",
    "phenomena": [
     "男性の霊"
    ],
    "features": [],
    "totalScore": 18423,
    "nationalRank": 349,
    "prefRank": 12,
    "fearRating": 3.7,
    "ratingCount": 103,
    "outline": "長久手古戦場公園とは、愛知県長久手市にある公園・城跡の心霊スポットです。「ながくてこせんじょうこうえん」と読みます。この場所では男性の幽霊が現れるといった噂があるため心霊スポットと呼ばれています。",
    "comment": "いや、むしろ古戦場の武士たちはイオンモールに怒ってるんじゃないのか？",
    "imageUrl": "https://ghostmap.jp/img/spot/display/20200504141104517.jpeg",
    "sourceUrl": "https://ghostmap.jp/spotdetail.php?spotcd=296"
   }
  },
  {
   "type": "Feature",
   "geometry": {
    "type": "Point",
    "coordinates": [
     140.690918,
     38.563334
    ]
   },
   "properties": {
    "spotcd": 586,
    "name": "大滝",
    "kana": "おおたき",
    "address": "〒981-4355 宮城県加美郡加美町鹿原南滝庭９",
    "prefecture": "宮城県",
    "city": "加美町",
    "genre": "川・滝",
    "status": "現存",
    "phenomena": [
     "女性の霊",
     "心霊写真"
    ],
    "features": [
     "自殺の名所"
    ],
    "totalScore": 18416,
    "nationalRank": 351,
    "prefRank": 7,
    "fearRating": 3.93,
    "ratingCount": 96,
    "outline": "大滝とは、宮城県加美町にあるオバケ川（幽霊滝）です。「おおたき」と読みます。この場所では女性の幽霊が現れるといった噂があるため心霊スポットと呼ばれています。",
    "comment": "何の罪もないニャンコを、雨乞いの為に滝に放り込むとは非常に怪しからん",
    "imageUrl": "https://ghostmap.jp/img/spot/display/20160211172943029.jpg",
    "sourceUrl": "https://ghostmap.jp/spotdetail.php?spotcd=586"
   }
  },
  {
   "type": "Feature",
   "geometry": {
    "type": "Point",
    "coordinates": [
     139.129069,
     36.688025
    ]
   },
   "properties": {
    "spotcd": 970,
    "name": "川場村にある廃村",
    "kana": "かわばむらにあるはいそん",
    "address": "〒378-0105 群馬県利根郡川場村小田川１８ ※関係者以外は立ち入り禁止、無断で入ると不法侵入になります",
    "prefecture": "群馬県",
    "city": "川場村",
    "genre": "村・集落",
    "status": "現存",
    "phenomena": [
     "女性の霊"
    ],
    "features": [
     "廃墟",
     "群馬県の廃墟"
    ],
    "totalScore": 18405,
    "nationalRank": 353,
    "prefRank": 13,
    "fearRating": 3.61,
    "ratingCount": 101,
    "outline": "川場村にある廃村とは、群馬県川場村にある心霊廃墟です。「かわばむらにあるはいそん」と読みます。この場所では女性の幽霊が現れるといった噂があるため心霊スポットと呼ばれています。",
    "comment": "おのぶの洗濯石がある川場村の清岸院に行けば何か分かるかもしれません。",
    "imageUrl": "https://ghostmap.jp/img/spot/display/20251109190351319.jpeg",
    "sourceUrl": "https://ghostmap.jp/spotdetail.php?spotcd=970"
   }
  },
  {
   "type": "Feature",
   "geometry": {
    "type": "Point",
    "coordinates": [
     130.642933,
     31.270813
    ]
   },
   "properties": {
    "spotcd": 981,
    "name": "ガス爆発の家",
    "kana": "がすばくはつのいえ",
    "address": "〒891-0311 鹿児島県指宿市西方 県道238号線 ※関係者以外は立ち入り禁止、無断で入ると不法侵入になります",
    "prefecture": "鹿児島県",
    "city": "指宿市",
    "genre": "住居",
    "status": "現存",
    "phenomena": [
     "男性の霊"
    ],
    "features": [
     "廃墟",
     "鹿児島県の廃墟"
    ],
    "totalScore": 18404,
    "nationalRank": 354,
    "prefRank": 6,
    "fearRating": 2.94,
    "ratingCount": 121,
    "outline": "ガス爆発の家とは、鹿児島県指宿市にある心霊廃墟です。「がすばくはつのいえ」と読みます。この場所では男性の幽霊が現れるといった噂があるため心霊スポットと呼ばれています。",
    "comment": "門からして既にヤバい",
    "imageUrl": "https://ghostmap.jp/img/spot/display/20170621144130746.jpeg",
    "sourceUrl": "https://ghostmap.jp/spotdetail.php?spotcd=981"
   }
  },
  {
   "type": "Feature",
   "geometry": {
    "type": "Point",
    "coordinates": [
     130.994018,
     33.988814
    ]
   },
   "properties": {
    "spotcd": 1322,
    "name": "クジラかん(旧下関市立水族館)",
    "kana": "くじらかん(きゅうしものせきしりつすいぞくかん)",
    "address": "〒752-0984 山口県下関市長府宮崎町１０−１１ ※関係者以外は立ち入り禁止、無断で入ると不法侵入になります",
    "prefecture": "山口県",
    "city": "下関市",
    "genre": "商業施設",
    "status": "現存",
    "phenomena": [
     "男性の霊",
     "声"
    ],
    "features": [
     "廃墟",
     "山口県の廃墟"
    ],
    "totalScore": 18401,
    "nationalRank": 356,
    "prefRank": 5,
    "fearRating": 3.31,
    "ratingCount": 108,
    "outline": "クジラかん(旧下関市立水族館)とは、山口県下関市にある心霊廃墟です。「くじらかん(きゅうしものせきしりつすいぞくかん)」と読みます。この場所では男性の幽霊が現れるといった噂があるため心霊スポットと呼ばれています。",
    "comment": "魚が逃げた、トドが行方不明になったとは聞いたが、何故ここが、心霊スポットなのか分からない。",
    "imageUrl": "https://ghostmap.jp/img/spot/display/20170911070946935.jpg",
    "sourceUrl": "https://ghostmap.jp/spotdetail.php?spotcd=1322"
   }
  },
  {
   "type": "Feature",
   "geometry": {
    "type": "Point",
    "coordinates": [
     140.097287,
     37.419595
    ]
   },
   "properties": {
    "spotcd": 884,
    "name": "猪苗代湖",
    "kana": "いなわしろこ",
    "address": "〒963-1411 福島県郡山市湖南町舟津 県道376号線",
    "prefecture": "福島県",
    "city": "郡山市",
    "genre": "湖（池）・ダム",
    "status": "現存",
    "phenomena": [
     "男性の霊"
    ],
    "features": [],
    "totalScore": 18392,
    "nationalRank": 358,
    "prefRank": 8,
    "fearRating": 3.36,
    "ratingCount": 104,
    "outline": "猪苗代湖とは、福島県郡山市にある湖（池）・ダムの心霊スポットです。「いなわしろこ」と読みます。この場所では男性の幽霊が現れるといった噂があるため心霊スポットと呼ばれています。",
    "comment": "猪苗代湖は自殺の名所 水温が冷たすぎて溺死した遺体が上がってこないんだとか 水面からいくつもの白い手が伸びていたという噂もある",
    "imageUrl": null,
    "sourceUrl": "https://ghostmap.jp/spotdetail.php?spotcd=884"
   }
  },
  {
   "type": "Feature",
   "geometry": {
    "type": "Point",
    "coordinates": [
     134.443639,
     34.19204
    ]
   },
   "properties": {
    "spotcd": 372,
    "name": "大坂峠",
    "kana": "おおさかとうげ",
    "address": "〒779-0101 徳島県板野郡板野町大坂ハリ",
    "prefecture": "徳島県",
    "city": "板野町",
    "genre": "道・峠",
    "status": "現存",
    "phenomena": [
     "女性の霊"
    ],
    "features": [],
    "totalScore": 18388,
    "nationalRank": 359,
    "prefRank": 3,
    "fearRating": 3.59,
    "ratingCount": 97,
    "outline": "大坂峠とは、徳島県板野町にある道・峠の心霊スポットです。「おおさかとうげ」と読みます。この場所では女性の幽霊が現れるといった噂があるため心霊スポットと呼ばれています。",
    "comment": "ここはずいぶん前、展望台のところ（ハンググライダー場）で死体遺棄事件がありましたね。",
    "imageUrl": "https://ghostmap.jp/img/spot/display/20230730181214474.JPG",
    "sourceUrl": "https://ghostmap.jp/spotdetail.php?spotcd=372"
   }
  },
  {
   "type": "Feature",
   "geometry": {
    "type": "Point",
    "coordinates": [
     139.034418,
     37.888669
    ]
   },
   "properties": {
    "spotcd": 749,
    "name": "神明公園",
    "kana": "しんめいこうえん",
    "address": "〒950-0941 新潟県新潟市中央区女池８丁目 県道16号線",
    "prefecture": "新潟県",
    "city": "新潟市",
    "genre": "公園・城跡",
    "status": "現存",
    "phenomena": [
     "女性の霊",
     "心霊写真"
    ],
    "features": [
     "処刑場"
    ],
    "totalScore": 18381,
    "nationalRank": 363,
    "prefRank": 12,
    "fearRating": 3.93,
    "ratingCount": 88,
    "outline": "神明公園とは、新潟県新潟市にある公園・城跡の心霊スポットです。「しんめいこうえん」と読みます。この場所では女性の幽霊が現れるといった噂があるため心霊スポットと呼ばれています。",
    "comment": "近所なり",
    "imageUrl": "https://ghostmap.jp/img/spot/display/20240822234618487.jpeg",
    "sourceUrl": "https://ghostmap.jp/spotdetail.php?spotcd=749"
   }
  },
  {
   "type": "Feature",
   "geometry": {
    "type": "Point",
    "coordinates": [
     132.33703,
     34.427183
    ]
   },
   "properties": {
    "spotcd": 3328,
    "name": "マディソン郡の橋",
    "kana": "までぃそんぐんのはし",
    "address": "〒731-5151 広島県広島市佐伯区五日市町大字上河内１００４ ※関係者以外は立ち入り禁止、無断で入ると不法侵入になります",
    "prefecture": "広島県",
    "city": "広島市",
    "genre": "ホテル・旅館",
    "status": "現存",
    "phenomena": [
     "男性の霊"
    ],
    "features": [
     "廃墟",
     "広島県の廃墟"
    ],
    "totalScore": 18371,
    "nationalRank": 365,
    "prefRank": 11,
    "fearRating": 4.01,
    "ratingCount": 84,
    "outline": "マディソン郡の橋とは、広島県広島市にある心霊廃墟です。「までぃそんぐんのはし」と読みます。この場所では男性の幽霊が現れるといった噂があるため心霊スポットと呼ばれています。",
    "comment": "項目名だけちらっと見ると、映画にもなったアメリカの「マディソン郡の橋」が、観光スポットとしてのみならず心霊スポットとしても有名なのかと一瞬思ってしまった。",
    "imageUrl": "https://ghostmap.jp/img/spot/display/20211028095146910.jpeg",
    "sourceUrl": "https://ghostmap.jp/spotdetail.php?spotcd=3328"
   }
  },
  {
   "type": "Feature",
   "geometry": {
    "type": "Point",
    "coordinates": [
     130.281633,
     33.474462
    ]
   },
   "properties": {
    "spotcd": 379,
    "name": "三瀬峠",
    "kana": "みつせとうげ",
    "address": "佐賀県佐賀市三瀬村三瀬国道263号線",
    "prefecture": "佐賀県",
    "city": "佐賀市",
    "genre": "道・峠",
    "status": "現存",
    "phenomena": [
     "女性の霊"
    ],
    "features": [],
    "totalScore": 18370,
    "nationalRank": 366,
    "prefRank": 2,
    "fearRating": 3.19,
    "ratingCount": 103,
    "outline": "三瀬峠とは、佐賀県佐賀市にある道・峠の心霊スポットです。「みつせとうげ」と読みます。この場所では女性の幽霊が現れるといった噂があるため心霊スポットと呼ばれています。",
    "comment": "月に何度もトンネル代ケチるために通っています。深夜でも何も見てませんが雨の日の霧のほうが怖いです。",
    "imageUrl": "https://ghostmap.jp/img/spot/display/201410222242170.JPG",
    "sourceUrl": "https://ghostmap.jp/spotdetail.php?spotcd=379"
   }
  },
  {
   "type": "Feature",
   "geometry": {
    "type": "Point",
    "coordinates": [
     139.242488,
     36.474345
    ]
   },
   "properties": {
    "spotcd": 1745,
    "name": "赤城ロマンド",
    "kana": "あかぎろまんど",
    "address": "〒376-0104 群馬県みどり市大間々町上神梅６５９ ※関係者以外は立ち入り禁止、無断で入ると不法侵入になります",
    "prefecture": "群馬県",
    "city": "みどり市",
    "genre": "商業施設",
    "status": "現存",
    "phenomena": [
     "男性の霊",
     "足音",
     "心霊写真"
    ],
    "features": [
     "廃墟",
     "群馬県の廃墟"
    ],
    "totalScore": 18367,
    "nationalRank": 367,
    "prefRank": 14,
    "fearRating": 3.63,
    "ratingCount": 91,
    "outline": "赤城ロマンドとは、群馬県みどり市にある心霊廃墟です。「あかぎろまんど」と読みます。この場所では男性の幽霊が現れるといった噂があるため心霊スポットと呼ばれています。",
    "comment": "事件の嘘真はともかく看板のフォントがダサすぎな上にミスマッチでワロタ。 こりゃ客呼べねぇよ",
    "imageUrl": "https://ghostmap.jp/img/spot/display/20180807140015257.jpg",
    "sourceUrl": "https://ghostmap.jp/spotdetail.php?spotcd=1745"
   }
  },
  {
   "type": "Feature",
   "geometry": {
    "type": "Point",
    "coordinates": [
     136.066575,
     34.809248
    ]
   },
   "properties": {
    "spotcd": 523,
    "name": "多羅尾処刑場跡",
    "kana": "たらおしょけいじょうあと",
    "address": "〒529-1821 滋賀県甲賀市信楽町多羅尾",
    "prefecture": "滋賀県",
    "city": "甲賀市",
    "genre": "墓地・慰霊碑",
    "status": "現存",
    "phenomena": [
     "男性の霊"
    ],
    "features": [
     "処刑場"
    ],
    "totalScore": 18366,
    "nationalRank": 368,
    "prefRank": 4,
    "fearRating": 4.01,
    "ratingCount": 83,
    "outline": "多羅尾処刑場跡とは、滋賀県甲賀市にある墓地・慰霊碑の心霊スポットです。「たらおしょけいじょうあと」と読みます。この場所では男性の幽霊が現れるといった噂があるため心霊スポットと呼ばれています。",
    "comment": "柵の前まで行けたんですが、とにかく頑丈すぎて侵入不可能。 誰かドローン飛ばしてください(笑)",
    "imageUrl": null,
    "sourceUrl": "https://ghostmap.jp/spotdetail.php?spotcd=523"
   }
  },
  {
   "type": "Feature",
   "geometry": {
    "type": "Point",
    "coordinates": [
     138.647627,
     35.414265
    ]
   },
   "properties": {
    "spotcd": 1737,
    "name": "富士ガリバー王国跡地",
    "kana": "ふじがりばーおうこくあとち",
    "address": "〒401-0338 山梨県南都留郡富士河口湖町富士ヶ嶺２−２ ※関係者以外は立ち入り禁止、無断で入ると不法侵入になります",
    "prefecture": "山梨県",
    "city": "富士河口湖町",
    "genre": "商業施設",
    "status": "現存",
    "phenomena": [
     "男性の霊"
    ],
    "features": [
     "廃墟",
     "山梨県の廃墟"
    ],
    "totalScore": 18363,
    "nationalRank": 369,
    "prefRank": 7,
    "fearRating": 4.18,
    "ratingCount": 79,
    "outline": "富士ガリバー王国跡地とは、山梨県富士河口湖町にある心霊廃墟です。「ふじがりばーおうこくあとち」と読みます。この場所では男性の幽霊が現れるといった噂があるため心霊スポットと呼ばれています。",
    "comment": "「富士ヶ嶺」は、❌ふじがみね → ○ふじがね です。 近くに別荘地があるので、面白がってうろうろしないこと！通報されます！地元民より。",
    "imageUrl": "https://ghostmap.jp/img/spot/display/20180802225204503.jpg",
    "sourceUrl": "https://ghostmap.jp/spotdetail.php?spotcd=1737"
   }
  },
  {
   "type": "Feature",
   "geometry": {
    "type": "Point",
    "coordinates": [
     139.46903,
     36.726888
    ]
   },
   "properties": {
    "spotcd": 1775,
    "name": "中禅寺湖",
    "kana": "ちゅうぜんじこ",
    "address": "〒321-1661 栃木県日光市中宮祠２５７６",
    "prefecture": "栃木県",
    "city": "日光市",
    "genre": "湖（池）・ダム",
    "status": "現存",
    "phenomena": [
     "少女の霊",
     "心霊写真"
    ],
    "features": [],
    "totalScore": 18361,
    "nationalRank": 370,
    "prefRank": 9,
    "fearRating": 3.65,
    "ratingCount": 89,
    "outline": "中禅寺湖とは、栃木県日光市にある湖（池）・ダムの心霊スポットです。「ちゅうぜんじこ」と読みます。この場所では少女の幽霊が現れるといった噂があるため心霊スポットと呼ばれています。",
    "comment": "中禅寺湖畔では、最近廃墟が多くなっている。",
    "imageUrl": "https://ghostmap.jp/img/spot/display/20180826195902326.jpg",
    "sourceUrl": "https://ghostmap.jp/spotdetail.php?spotcd=1775"
   }
  },
  {
   "type": "Feature",
   "geometry": {
    "type": "Point",
    "coordinates": [
     141.056608,
     39.454887
    ]
   },
   "properties": {
    "spotcd": 2321,
    "name": "ホテル花仁",
    "kana": "ほてるはなじん",
    "address": "〒025-0305 岩手県花巻市台第１地割１９２−２ ※関係者以外は立ち入り禁止、無断で入ると不法侵入になります",
    "prefecture": "岩手県",
    "city": "花巻市",
    "genre": "ホテル・旅館",
    "status": "現存",
    "phenomena": [
     "女性の霊",
     "声",
     "ラップ音",
     "心霊写真"
    ],
    "features": [
     "廃墟",
     "岩手県の廃墟"
    ],
    "totalScore": 18352,
    "nationalRank": 372,
    "prefRank": 5,
    "fearRating": 4.05,
    "ratingCount": 79,
    "outline": "ホテル花仁とは、岩手県花巻市にある心霊廃墟です。「ほてるはなじん」と読みます。この場所では女性の幽霊が現れるといった噂があるため心霊スポットと呼ばれています。",
    "comment": "ホテル花仁ですが、場所がちょっと違いますね。もう少し花巻寄りです。地図で県道297号線がループになっていますが、そのループの入口あたりです。座標だと39.454887, 141.056608",
    "imageUrl": "https://ghostmap.jp/img/spot/display/20190409225920586.jpg",
    "sourceUrl": "https://ghostmap.jp/spotdetail.php?spotcd=2321"
   }
  },
  {
   "type": "Feature",
   "geometry": {
    "type": "Point",
    "coordinates": [
     134.884933,
     35.400149
    ]
   },
   "properties": {
    "spotcd": 1526,
    "name": "朝日牧場",
    "kana": "あさひぼくじょう",
    "address": "〒669-5238 兵庫県朝来市和田山町朝日５６１ ※関係者以外は立ち入り禁止、無断で入ると不法侵入になります",
    "prefecture": "兵庫県",
    "city": "朝来市",
    "genre": "その他",
    "status": "現存",
    "phenomena": [
     "動物の霊"
    ],
    "features": [
     "廃墟",
     "兵庫県の廃墟"
    ],
    "totalScore": 18348,
    "nationalRank": 373,
    "prefRank": 14,
    "fearRating": 3.5,
    "ratingCount": 89,
    "outline": "朝日牧場とは、兵庫県朝来市にある心霊廃墟です。「あさひぼくじょう」と読みます。この場所では動物の幽霊が現れるといった噂があるため心霊スポットと呼ばれています。",
    "comment": "「朝日夕日のさすところ云々」という話があるから、この近くに金銀財宝が眠ってるかもね！",
    "imageUrl": "https://ghostmap.jp/img/spot/display/20230112181257760.jpg",
    "sourceUrl": "https://ghostmap.jp/spotdetail.php?spotcd=1526"
   }
  },
  {
   "type": "Feature",
   "geometry": {
    "type": "Point",
    "coordinates": [
     143.11954,
     43.272768
    ]
   },
   "properties": {
    "spotcd": 376,
    "name": "然別湖",
    "kana": "しかりべつこ",
    "address": "〒081-0344 北海道河東郡鹿追町北瓜幕 パールスカイライン",
    "prefecture": "北海道",
    "city": "鹿追町",
    "genre": "湖（池）・ダム",
    "status": "現存",
    "phenomena": [
     "女性の霊"
    ],
    "features": [
     "自殺の名所"
    ],
    "totalScore": 18347,
    "nationalRank": 374,
    "prefRank": 13,
    "fearRating": 3.58,
    "ratingCount": 87,
    "outline": "然別湖とは、北海道鹿追町にある湖（池）・ダムの心霊スポットです。「しかりべつこ」と読みます。この場所では女性の幽霊が現れるといった噂があるため心霊スポットと呼ばれています。",
    "comment": "風水に泊まった時に湖側から女の呻き声が……一緒に泊まった人はすやすや寝てましたが呻き声に驚いて飛び起き時計も確認したから夢じゃない...",
    "imageUrl": "https://ghostmap.jp/img/spot/display/201410202142480.jpg",
    "sourceUrl": "https://ghostmap.jp/spotdetail.php?spotcd=376"
   }
  },
  {
   "type": "Feature",
   "geometry": {
    "type": "Point",
    "coordinates": [
     137.308377,
     36.607064
    ]
   },
   "properties": {
    "spotcd": 1048,
    "name": "大川寺遊園地",
    "kana": "だいせんじゆうえんち",
    "address": "〒930-1321 富山県富山市大山上野７２５ ※関係者以外は立ち入り禁止、無断で入ると不法侵入になります",
    "prefecture": "富山県",
    "city": "富山市",
    "genre": "遊園地",
    "status": "現存",
    "phenomena": [
     "少女の霊",
     "声"
    ],
    "features": [
     "廃墟",
     "富山県の廃墟"
    ],
    "totalScore": 18334,
    "nationalRank": 376,
    "prefRank": 2,
    "fearRating": 3.57,
    "ratingCount": 84,
    "outline": "大川寺遊園地とは、富山県富山市にある心霊廃墟です。「だいせんじゆうえんち」と読みます。この場所では少女の幽霊が現れるといった噂があるため心霊スポットと呼ばれています。",
    "comment": "川辺の廃墟は出るよ。",
    "imageUrl": "https://ghostmap.jp/img/spot/display/20170721170015614.JPG",
    "sourceUrl": "https://ghostmap.jp/spotdetail.php?spotcd=1048"
   }
  },
  {
   "type": "Feature",
   "geometry": {
    "type": "Point",
    "coordinates": [
     143.176953,
     42.931818
    ]
   },
   "properties": {
    "spotcd": 117,
    "name": "チョマトー",
    "kana": "ちょまとー",
    "address": "〒080-0045 北海道帯広市西１５条北１丁目１−３",
    "prefecture": "北海道",
    "city": "帯広市",
    "genre": "湖（池）・ダム",
    "status": "現存",
    "phenomena": [
     "男性の霊"
    ],
    "features": [],
    "totalScore": 18332,
    "nationalRank": 377,
    "prefRank": 14,
    "fearRating": 3.17,
    "ratingCount": 93,
    "outline": "チョマトーとは、北海道帯広市にある湖（池）・ダムの心霊スポットです。「ちょまとー」と読みます。この場所では男性の幽霊が現れるといった噂があるため心霊スポットと呼ばれています。",
    "comment": "私も帯広市民だけど、たしかにいろんなサイトで不慮の事故だとか呪いだとか言われてるかもしれないけど、ほとんどがデマだよ。知ったかぶりはやめたほうがいいと思うな。",
    "imageUrl": null,
    "sourceUrl": "https://ghostmap.jp/spotdetail.php?spotcd=117"
   }
  },
  {
   "type": "Feature",
   "geometry": {
    "type": "Point",
    "coordinates": [
     138.791431,
     37.72263
    ]
   },
   "properties": {
    "spotcd": 636,
    "name": "たのうら燕",
    "kana": "たのうらつばめ",
    "address": "〒953-0105 新潟県新潟市西蒲区間瀬６８８４ ※関係者以外は立ち入り禁止、無断で入ると不法侵入になります",
    "prefecture": "新潟県",
    "city": "新潟市",
    "genre": "商業施設",
    "status": "現存",
    "phenomena": [
     "女性の霊",
     "心霊写真"
    ],
    "features": [
     "廃墟",
     "新潟県の廃墟"
    ],
    "totalScore": 18331,
    "nationalRank": 378,
    "prefRank": 13,
    "fearRating": 4.06,
    "ratingCount": 74,
    "outline": "たのうら燕とは、新潟県新潟市にある心霊廃墟です。「たのうらつばめ」と読みます。この場所では女性の幽霊が現れるといった噂があるため心霊スポットと呼ばれています。",
    "comment": "専門の研修で行ってきました。 一歩入るとauだけ圏外になります。部屋はカメムシだらけでした。",
    "imageUrl": "https://ghostmap.jp/img/spot/display/20160211170241122.JPG",
    "sourceUrl": "https://ghostmap.jp/spotdetail.php?spotcd=636"
   }
  },
  {
   "type": "Feature",
   "geometry": {
    "type": "Point",
    "coordinates": [
     140.635192,
     39.714186
    ]
   },
   "properties": {
    "spotcd": 419,
    "name": "田沢湖",
    "kana": "たざわこ",
    "address": "〒014-0511 秋田県仙北市西木町西明寺 県道247号線",
    "prefecture": "秋田県",
    "city": "仙北市",
    "genre": "湖（池）・ダム",
    "status": "現存",
    "phenomena": [
     "男性の霊"
    ],
    "features": [],
    "totalScore": 18330,
    "nationalRank": 380,
    "prefRank": 4,
    "fearRating": 3.48,
    "ratingCount": 85,
    "outline": "田沢湖とは、秋田県仙北市にある湖（池）・ダムの心霊スポットです。「たざわこ」と読みます。この場所では男性の幽霊が現れるといった噂があるため心霊スポットと呼ばれています。",
    "comment": "遺体は揚がってきませんね。 田沢湖マラソン中に失踪された話しも聞きます。 たつこさんの反対側？の御座の石も何かうわさありますよ。",
    "imageUrl": "https://ghostmap.jp/img/spot/display/20250815202404078.JPG",
    "sourceUrl": "https://ghostmap.jp/spotdetail.php?spotcd=419"
   }
  },
  {
   "type": "Feature",
   "geometry": {
    "type": "Point",
    "coordinates": [
     140.310324,
     38.74071
    ]
   },
   "properties": {
    "spotcd": 11,
    "name": "新庄厚生病院",
    "kana": "しんじょうこうせいびょういん",
    "address": "〒996-0041 山形県新庄市鳥越６０３ ※関係者以外は立ち入り禁止、無断で入ると不法侵入になります",
    "prefecture": "山形県",
    "city": "新庄市",
    "genre": "病院",
    "status": "現存",
    "phenomena": [
     "女性の霊"
    ],
    "features": [
     "廃墟",
     "山形県の廃墟"
    ],
    "totalScore": 18329,
    "nationalRank": 381,
    "prefRank": 3,
    "fearRating": 3.66,
    "ratingCount": 81,
    "outline": "新庄厚生病院とは、山形県新庄市にある心霊廃墟です。「しんじょうこうせいびょういん」と読みます。この場所では女性の幽霊が現れるといった噂があるため心霊スポットと呼ばれています。",
    "comment": "セコムついてるから入れない",
    "imageUrl": "https://ghostmap.jp/img/spot/display/20260621155333875.jpg",
    "sourceUrl": "https://ghostmap.jp/spotdetail.php?spotcd=11"
   }
  },
  {
   "type": "Feature",
   "geometry": {
    "type": "Point",
    "coordinates": [
     138.911362,
     37.163595
    ]
   },
   "properties": {
    "spotcd": 653,
    "name": "浦佐スキー場",
    "kana": "うらさすきーじょう",
    "address": "〒949-7302 新潟県南魚沼市浦佐３２６７ ※関係者以外は立ち入り禁止、無断で入ると不法侵入になります",
    "prefecture": "新潟県",
    "city": "魚沼市",
    "genre": "商業施設",
    "status": "現存",
    "phenomena": [
     "女性の霊"
    ],
    "features": [
     "廃墟",
     "新潟県の廃墟"
    ],
    "totalScore": 18318,
    "nationalRank": 385,
    "prefRank": 14,
    "fearRating": 4.14,
    "ratingCount": 70,
    "outline": "浦佐スキー場とは、新潟県魚沼市にある心霊廃墟です。「うらさすきーじょう」と読みます。この場所では女性の幽霊が現れるといった噂があるため心霊スポットと呼ばれています。",
    "comment": "近所だけど心霊スポットだなんて聞いたことないよ",
    "imageUrl": "https://ghostmap.jp/img/spot/display/20160213092834502.jpg",
    "sourceUrl": "https://ghostmap.jp/spotdetail.php?spotcd=653"
   }
  },
  {
   "type": "Feature",
   "geometry": {
    "type": "Point",
    "coordinates": [
     139.710022,
     36.773378
    ]
   },
   "properties": {
    "spotcd": 1428,
    "name": "ウエスタン村",
    "kana": "うえすたんむら",
    "address": "〒321-2421 栃木県日光市栗原３１５−１ ※関係者以外は立ち入り禁止、無断で入ると不法侵入になります",
    "prefecture": "栃木県",
    "city": "日光市",
    "genre": "遊園地",
    "status": "現存",
    "phenomena": [
     "少年の霊"
    ],
    "features": [
     "廃墟",
     "栃木県の廃墟"
    ],
    "totalScore": 18309,
    "nationalRank": 386,
    "prefRank": 10,
    "fearRating": 3.61,
    "ratingCount": 77,
    "outline": "ウエスタン村とは、栃木県日光市にある心霊廃墟です。「うえすたんむら」と読みます。この場所では少年の幽霊が現れるといった噂があるため心霊スポットと呼ばれています。",
    "comment": "おそらく野良犬に顔を舐められたのを寝ぼけていて子供の幽霊と勘違いしたのでしょう。 そうでなければ、カウボーイの幽霊と一緒に来日した牛の霊が顔を舐めたのでしょう。",
    "imageUrl": "https://ghostmap.jp/img/spot/display/20190617210056613.jpg",
    "sourceUrl": "https://ghostmap.jp/spotdetail.php?spotcd=1428"
   }
  },
  {
   "type": "Feature",
   "geometry": {
    "type": "Point",
    "coordinates": [
     141.958101,
     39.88864
    ]
   },
   "properties": {
    "spotcd": 1504,
    "name": "鵜の巣断崖",
    "kana": "うのすだんがい",
    "address": "〒028-8405 岩手県下閉伊郡田野畑村真木沢",
    "prefecture": "岩手県",
    "city": "田野畑村",
    "genre": "海",
    "status": "現存",
    "phenomena": [
     "男性の霊",
     "声",
     "人影"
    ],
    "features": [
     "自殺の名所"
    ],
    "totalScore": 18306,
    "nationalRank": 387,
    "prefRank": 6,
    "fearRating": 3.84,
    "ratingCount": 72,
    "outline": "鵜の巣断崖とは、岩手県田野畑村にある海の心霊スポットです。「うのすだんがい」と読みます。この場所では男性の幽霊が現れるといった噂があるため心霊スポットと呼ばれています。",
    "comment": "よくよく調べるとすげえ事件じゃねえか 黒木昭雄の死にも関わってるとか岩手県警何してる",
    "imageUrl": "https://ghostmap.jp/img/spot/display/20210728120435465.jpg",
    "sourceUrl": "https://ghostmap.jp/spotdetail.php?spotcd=1504"
   }
  },
  {
   "type": "Feature",
   "geometry": {
    "type": "Point",
    "coordinates": [
     141.126424,
     39.732699
    ]
   },
   "properties": {
    "spotcd": 1845,
    "name": "サニーランド蛇ノ島",
    "kana": "さにーらんどじゃのしま",
    "address": "〒020-0125 岩手県盛岡市上堂４丁目５−４５ ※関係者以外は立ち入り禁止、無断で入ると不法侵入になります",
    "prefecture": "岩手県",
    "city": "盛岡市",
    "genre": "遊園地",
    "status": "現存",
    "phenomena": [
     "少女の霊",
     "声"
    ],
    "features": [
     "廃墟",
     "岩手県の廃墟"
    ],
    "totalScore": 18306,
    "nationalRank": 388,
    "prefRank": 7,
    "fearRating": 4.02,
    "ratingCount": 69,
    "outline": "サニーランド蛇ノ島とは、岩手県盛岡市にある心霊廃墟です。「さにーらんどじゃのしま」と読みます。この場所では少女の幽霊が現れるといった噂があるため心霊スポットと呼ばれています。",
    "comment": "子どもが亡くなって閉園になったって噂はネット上であるね〜",
    "imageUrl": "https://ghostmap.jp/img/spot/display/20240731141952134.jpeg",
    "sourceUrl": "https://ghostmap.jp/spotdetail.php?spotcd=1845"
   }
  },
  {
   "type": "Feature",
   "geometry": {
    "type": "Point",
    "coordinates": [
     134.693786,
     34.838545
    ]
   },
   "properties": {
    "spotcd": 1155,
    "name": "お菊井戸",
    "kana": "おきくいど",
    "address": "〒670-0012 兵庫県姫路市本町６８",
    "prefecture": "兵庫県",
    "city": "姫路市",
    "genre": "その他",
    "status": "現存",
    "phenomena": [
     "女性の霊"
    ],
    "features": [],
    "totalScore": 18305,
    "nationalRank": 389,
    "prefRank": 15,
    "fearRating": 3.55,
    "ratingCount": 77,
    "outline": "お菊井戸とは、兵庫県姫路市にあるその他の心霊スポットです。「おきくいど」と読みます。この場所では女性の幽霊が現れるといった噂があるため心霊スポットと呼ばれています。",
    "comment": "ふざけて井戸に唾を吐いていたDQNの同級生が、バイク事故で顔面崩壊して学校を辞めた。その後どうなったのだろうか。",
    "imageUrl": null,
    "sourceUrl": "https://ghostmap.jp/spotdetail.php?spotcd=1155"
   }
  },
  {
   "type": "Feature",
   "geometry": {
    "type": "Point",
    "coordinates": [
     133.385031,
     34.538167
    ]
   },
   "properties": {
    "spotcd": 5276,
    "name": "神辺城跡",
    "kana": "かんなべじょうあと",
    "address": "〒720-2123 広島県福山市神辺町川北６−３",
    "prefecture": "広島県",
    "city": "福山市",
    "genre": "公園・城跡",
    "status": "現存",
    "phenomena": [
     "女性の霊",
     "足音",
     "声"
    ],
    "features": [
     "処刑場"
    ],
    "totalScore": 18301,
    "nationalRank": 393,
    "prefRank": 12,
    "fearRating": 4.29,
    "ratingCount": 64,
    "outline": "神辺城跡 とは、広島県福山市にある公園・城跡の心霊スポットです。「かんなべじょうあと」と読みます。この場所では女性の幽霊が現れるといった噂があるため心霊スポットと呼ばれています。",
    "comment": "1人だと やばい",
    "imageUrl": "https://ghostmap.jp/img/spot/display/20230318140918933.jpeg",
    "sourceUrl": "https://ghostmap.jp/spotdetail.php?spotcd=5276"
   }
  },
  {
   "type": "Feature",
   "geometry": {
    "type": "Point",
    "coordinates": [
     133.020715,
     32.723317
    ]
   },
   "properties": {
    "spotcd": 45,
    "name": "足摺岬",
    "kana": "あしずりみさき",
    "address": "〒787-0315 高知県土佐清水市足摺岬２１４−１３",
    "prefecture": "高知県",
    "city": "土佐清水市",
    "genre": "海",
    "status": "現存",
    "phenomena": [
     "男性の霊"
    ],
    "features": [
     "自殺の名所"
    ],
    "totalScore": 18301,
    "nationalRank": 392,
    "prefRank": 2,
    "fearRating": 3.9,
    "ratingCount": 70,
    "outline": "足摺岬とは、高知県土佐清水市にある海の心霊スポットです。「あしずりみさき」と読みます。この場所では男性の幽霊が現れるといった噂があるため心霊スポットと呼ばれています。",
    "comment": ">>8 その時の写真をアップしてみた おわかりいただけただろうか",
    "imageUrl": "https://ghostmap.jp/img/spot/display/20250630134054137.jpeg",
    "sourceUrl": "https://ghostmap.jp/spotdetail.php?spotcd=45"
   }
  },
  {
   "type": "Feature",
   "geometry": {
    "type": "Point",
    "coordinates": [
     132.993031,
     34.31028
    ]
   },
   "properties": {
    "spotcd": 767,
    "name": "大久野島",
    "kana": "おおくのしま",
    "address": "〒729-2311 広島県竹原市忠海町 ※関係者以外は立ち入り禁止、無断で入ると不法侵入になります",
    "prefecture": "広島県",
    "city": "竹原市",
    "genre": "その他",
    "status": "現存",
    "phenomena": [
     "男性の霊",
     "心霊写真"
    ],
    "features": [
     "廃墟",
     "広島県の廃墟"
    ],
    "totalScore": 18277,
    "nationalRank": 394,
    "prefRank": 13,
    "fearRating": 3.55,
    "ratingCount": 70,
    "outline": "大久野島とは、広島県竹原市にある心霊廃墟です。「おおくのしま」と読みます。この場所では男性の幽霊が現れるといった噂があるため心霊スポットと呼ばれています。",
    "comment": "この島はどの場所に行っても、必ずウサギがいる。 確かに怖い感じの戦争遺跡もあるけど、そんな場所にもフワフワのウサギがいて、人間の足元に寄ってくるの。 なので怖さがどうしてもなくなってしまう。",
    "imageUrl": "https://ghostmap.jp/img/spot/display/20170922172512823.jpg",
    "sourceUrl": "https://ghostmap.jp/spotdetail.php?spotcd=767"
   }
  },
  {
   "type": "Feature",
   "geometry": {
    "type": "Point",
    "coordinates": [
     133.665526,
     34.210294
    ]
   },
   "properties": {
    "spotcd": 747,
    "name": "加嶺隧道",
    "kana": "かれいずいどう",
    "address": "香川県三豊市 県道21号線",
    "prefecture": "香川県",
    "city": "三豊市",
    "genre": "トンネル",
    "status": "現存",
    "phenomena": [
     "女性の霊"
    ],
    "features": [],
    "totalScore": 18248,
    "nationalRank": 395,
    "prefRank": 6,
    "fearRating": 3.73,
    "ratingCount": 60,
    "outline": "加嶺隧道とは、香川県三豊市にあるお化けトンネルです。「かれいずいどう」と読みます。この場所では女性の幽霊が現れるといった噂があるため心霊スポットと呼ばれています。",
    "comment": "女の幽霊見た",
    "imageUrl": "https://ghostmap.jp/img/spot/display/20221105232231932.jpeg",
    "sourceUrl": "https://ghostmap.jp/spotdetail.php?spotcd=747"
   }
  },
  {
   "type": "Feature",
   "geometry": {
    "type": "Point",
    "coordinates": [
     140.756772,
     41.796928
    ]
   },
   "properties": {
    "spotcd": 7661,
    "name": "五稜郭跡",
    "kana": "ごりょうかくあと",
    "address": "〒040-0001 北海道函館市五稜郭町４４４４",
    "prefecture": "北海道",
    "city": "函館市",
    "genre": "公園・城跡",
    "status": "現存",
    "phenomena": [
     "男性の霊"
    ],
    "features": [],
    "totalScore": 17841,
    "nationalRank": 399,
    "prefRank": 15,
    "fearRating": 4.69,
    "ratingCount": 165,
    "outline": "五稜郭跡とは、北海道函館市にある公園・城跡の心霊スポットです。「ごりょうかくあと」と読みます。この場所では男性の幽霊が現れるといった噂があるため心霊スポットと呼ばれています。",
    "comment": "土方歳三の霊とかも出たりするんだろうか？",
    "imageUrl": null,
    "sourceUrl": "https://ghostmap.jp/spotdetail.php?spotcd=7661"
   }
  },
  {
   "type": "Feature",
   "geometry": {
    "type": "Point",
    "coordinates": [
     140.817594,
     38.274942
    ]
   },
   "properties": {
    "spotcd": 879,
    "name": "葛岡霊園",
    "kana": "くずおかれいえん",
    "address": "〒989-3121 宮城県仙台市青葉区郷六葛岡５７−３",
    "prefecture": "宮城県",
    "city": "仙台市",
    "genre": "墓地・慰霊碑",
    "status": "現存",
    "phenomena": [
     "女性の霊",
     "声",
     "心霊写真"
    ],
    "features": [],
    "totalScore": 17835,
    "nationalRank": 401,
    "prefRank": 8,
    "fearRating": 4.45,
    "ratingCount": 172,
    "outline": "葛岡霊園とは、宮城県仙台市にある墓地・慰霊碑の心霊スポットです。「くずおかれいえん」と読みます。この場所では女性の幽霊が現れるといった噂があるため心霊スポットと呼ばれています。",
    "comment": "行ったとき、霧凄かった。",
    "imageUrl": "https://ghostmap.jp/img/spot/display/20260623190724493.jpg",
    "sourceUrl": "https://ghostmap.jp/spotdetail.php?spotcd=879"
   }
  },
  {
   "type": "Feature",
   "geometry": {
    "type": "Point",
    "coordinates": [
     139.502544,
     36.737861
    ]
   },
   "properties": {
    "spotcd": 506,
    "name": "華厳の滝",
    "kana": "けごんのたき",
    "address": "〒321-1661 栃木県日光市中宮祠２４７９−２",
    "prefecture": "栃木県",
    "city": "日光市",
    "genre": "川・滝",
    "status": "現存",
    "phenomena": [
     "少年の霊"
    ],
    "features": [],
    "totalScore": 17791,
    "nationalRank": 403,
    "prefRank": 11,
    "fearRating": 3.59,
    "ratingCount": 198,
    "outline": "華厳の滝とは、栃木県日光市にあるオバケ川（幽霊滝）です。「けごんのたき」と読みます。この場所では少年の幽霊が現れるといった噂があるため心霊スポットと呼ばれています。",
    "comment": "子供の時、旅行で華厳の滝行って写真撮ったけど、幽霊写ってなかった(´･ω･`)",
    "imageUrl": "https://ghostmap.jp/img/spot/display/201506061346470.jpg",
    "sourceUrl": "https://ghostmap.jp/spotdetail.php?spotcd=506"
   }
  },
  {
   "type": "Feature",
   "geometry": {
    "type": "Point",
    "coordinates": [
     135.066471,
     34.273619
    ]
   },
   "properties": {
    "spotcd": 97,
    "name": "淡嶋神社",
    "kana": "あわしまじんじゃ",
    "address": "〒640-0103 和歌山県和歌山市加太 淡嶋神社",
    "prefecture": "和歌山県",
    "city": "和歌山市",
    "genre": "神社・寺",
    "status": "現存",
    "phenomena": [
     "正体不明の霊"
    ],
    "features": [],
    "totalScore": 17788,
    "nationalRank": 404,
    "prefRank": 3,
    "fearRating": 3.74,
    "ratingCount": 190,
    "outline": "淡嶋神社とは、和歌山県和歌山市にある幽霊神社（幽霊寺）です。「あわしまじんじゃ」と読みます。この場所では正体不明の幽霊が現れるといった噂があるため心霊スポットと呼ばれています。",
    "comment": "古い話しだけど、結婚した頃 山口百恵と三浦友和が来たそうです。たぶん、安産祈願だったと思います。",
    "imageUrl": "https://ghostmap.jp/img/spot/display/20230113001458790.jpg",
    "sourceUrl": "https://ghostmap.jp/spotdetail.php?spotcd=97"
   }
  },
  {
   "type": "Feature",
   "geometry": {
    "type": "Point",
    "coordinates": [
     131.461114,
     34.238444
    ]
   },
   "properties": {
    "spotcd": 27,
    "name": "21世紀の森",
    "kana": "にじゅういっせいきのもり",
    "address": "〒753-0101 山口県萩市佐々並 萩往還",
    "prefecture": "山口県",
    "city": "萩市",
    "genre": "山・森",
    "status": "現存",
    "phenomena": [
     "女性の霊"
    ],
    "features": [],
    "totalScore": 17772,
    "nationalRank": 406,
    "prefRank": 6,
    "fearRating": 3.6,
    "ratingCount": 193,
    "outline": "21世紀の森とは、山口県萩市にある山・森の心霊スポットです。「にじゅういっせいきのもり」と読みます。この場所では女性の幽霊が現れるといった噂があるため心霊スポットと呼ばれています。",
    "comment": "日本の自殺者は毎年２〜3万人、変死者も含めると毎年10万人以上なのでいちいち心霊スポットにしてたら日本全体が心霊スポットになってしまう。",
    "imageUrl": "https://ghostmap.jp/img/spot/display/20190622081504886.jpg",
    "sourceUrl": "https://ghostmap.jp/spotdetail.php?spotcd=27"
   }
  },
  {
   "type": "Feature",
   "geometry": {
    "type": "Point",
    "coordinates": [
     135.389316,
     34.338584
    ]
   },
   "properties": {
    "spotcd": 1382,
    "name": "犬鳴山トンネル",
    "kana": "いぬなきやまとんねる",
    "address": "〒598-0023 大阪府泉佐野市",
    "prefecture": "大阪府",
    "city": "泉佐野市",
    "genre": "トンネル",
    "status": "現存",
    "phenomena": [
     "少女の霊",
     "声"
    ],
    "features": [],
    "totalScore": 17730,
    "nationalRank": 411,
    "prefRank": 15,
    "fearRating": 3.79,
    "ratingCount": 174,
    "outline": "犬鳴山トンネルとは、大阪府泉佐野市にあるお化けトンネルです。「いぬなきやまとんねる」と読みます。この場所では少女の幽霊が現れるといった噂があるため心霊スポットと呼ばれています。",
    "comment": "犬鳴って二ヶ所あるから",
    "imageUrl": "https://ghostmap.jp/img/spot/display/20221101140920203.jpg",
    "sourceUrl": "https://ghostmap.jp/spotdetail.php?spotcd=1382"
   }
  },
  {
   "type": "Feature",
   "geometry": {
    "type": "Point",
    "coordinates": [
     127.764257,
     26.154497
    ]
   },
   "properties": {
    "spotcd": 107,
    "name": "糸数壕（アブチラガマ）",
    "kana": "いとかずごう（あぶちらがま）",
    "address": "〒901-1400 沖縄県南城市玉城糸数６６７−１ 南部観光総合案内センター",
    "prefecture": "沖縄県",
    "city": "南城市",
    "genre": "その他",
    "status": "現存",
    "phenomena": [
     "男性の霊"
    ],
    "features": [],
    "totalScore": 17724,
    "nationalRank": 412,
    "prefRank": 8,
    "fearRating": 3.75,
    "ratingCount": 174,
    "outline": "糸数壕（アブチラガマ）とは、沖縄県南城市にあるその他の心霊スポットです。「いとかずごう（あぶちらがま）」と読みます。この場所では男性の幽霊が現れるといった噂があるため心霊スポットと呼ばれています。",
    "comment": "観光気分、ふざけ半分の気分では行けませんし、行きません。",
    "imageUrl": "https://ghostmap.jp/img/spot/display/20251119123401417.jpeg",
    "sourceUrl": "https://ghostmap.jp/spotdetail.php?spotcd=107"
   }
  },
  {
   "type": "Feature",
   "geometry": {
    "type": "Point",
    "coordinates": [
     135.079061,
     34.649467
    ]
   },
   "properties": {
    "spotcd": 1411,
    "name": "下畑トンネル",
    "kana": "しもはたとんねる",
    "address": "〒655-0861 兵庫県神戸市垂水区下畑町",
    "prefecture": "兵庫県",
    "city": "神戸市",
    "genre": "トンネル",
    "status": "現存",
    "phenomena": [
     "少年の霊"
    ],
    "features": [],
    "totalScore": 17702,
    "nationalRank": 416,
    "prefRank": 16,
    "fearRating": 3.23,
    "ratingCount": 193,
    "outline": "下畑トンネルとは、兵庫県神戸市にあるお化けトンネルです。「しもはたとんねる」と読みます。この場所では少年の幽霊が現れるといった噂があるため心霊スポットと呼ばれています。",
    "comment": "いやもおここマジのやつやん！ 血だらけの女が3人横並びで向かい側から歩いて来たの見たっていうのいっぱいおったし！",
    "imageUrl": null,
    "sourceUrl": "https://ghostmap.jp/spotdetail.php?spotcd=1411"
   }
  },
  {
   "type": "Feature",
   "geometry": {
    "type": "Point",
    "coordinates": [
     139.055427,
     34.785851
    ]
   },
   "properties": {
    "spotcd": 255,
    "name": "稲取廃隔離病棟",
    "kana": "いなとりはいかくりびょうとう",
    "address": "〒413-0411 静岡県賀茂郡東伊豆町稲取 東伊豆道路 ※関係者以外は立ち入り禁止、無断で入ると不法侵入になります",
    "prefecture": "静岡県",
    "city": "東伊豆町",
    "genre": "病院",
    "status": "現存",
    "phenomena": [
     "女性の霊",
     "声",
     "人影",
     "心霊写真"
    ],
    "features": [
     "廃墟",
     "静岡県の廃墟"
    ],
    "totalScore": 17696,
    "nationalRank": 417,
    "prefRank": 10,
    "fearRating": 3.76,
    "ratingCount": 167,
    "outline": "稲取廃隔離病棟とは、静岡県東伊豆町にある心霊廃墟です。「いなとりはいかくりびょうとう」と読みます。この場所では女性の幽霊が現れるといった噂があるため心霊スポットと呼ばれています。",
    "comment": "昔、心霊番組で見た。道路のすぐわきから入るんだな。「ふ・・・ふ・・・ふ・・・」",
    "imageUrl": "https://ghostmap.jp/img/spot/display/201508232308010.JPG",
    "sourceUrl": "https://ghostmap.jp/spotdetail.php?spotcd=255"
   }
  },
  {
   "type": "Feature",
   "geometry": {
    "type": "Point",
    "coordinates": [
     140.97904,
     37.007402
    ]
   },
   "properties": {
    "spotcd": 1078,
    "name": "いわき賽の河原",
    "kana": "いわきさいのかわら",
    "address": "〒970-0223 福島県いわき市平薄磯北ノ作３５２",
    "prefecture": "福島県",
    "city": "いわき市",
    "genre": "海",
    "status": "現存",
    "phenomena": [
     "少年の霊",
     "祟り"
    ],
    "features": [],
    "totalScore": 17680,
    "nationalRank": 420,
    "prefRank": 9,
    "fearRating": 4.13,
    "ratingCount": 150,
    "outline": "いわき賽の河原とは、福島県いわき市にある海の心霊スポットです。「いわきさいのかわら」と読みます。この場所では少年の幽霊が現れるといった噂があるため心霊スポットと呼ばれています。",
    "comment": "洞窟の中がヤバい感じがする。",
    "imageUrl": "https://ghostmap.jp/img/spot/display/20260623191444335.jpg",
    "sourceUrl": "https://ghostmap.jp/spotdetail.php?spotcd=1078"
   }
  },
  {
   "type": "Feature",
   "geometry": {
    "type": "Point",
    "coordinates": [
     135.686475,
     35.020809
    ]
   },
   "properties": {
    "spotcd": 218,
    "name": "メタボ広沢",
    "kana": "めたぼひろさわ",
    "address": "〒616-8355 京都府京都市右京区嵯峨新宮町７−１ メタボ広沢",
    "prefecture": "京都府",
    "city": "京都市",
    "genre": "住居",
    "status": "現存",
    "phenomena": [
     "女性の霊"
    ],
    "features": [],
    "totalScore": 17680,
    "nationalRank": 419,
    "prefRank": 7,
    "fearRating": 3.6,
    "ratingCount": 170,
    "outline": "メタボ広沢とは、京都府京都市にある幽霊屋敷です。「めたぼひろさわ」と読みます。この場所では女性の幽霊が現れるといった噂があるため心霊スポットと呼ばれています。",
    "comment": "色塗り替えて名前もシーズン嵐山になってるらしい",
    "imageUrl": "https://ghostmap.jp/img/spot/display/201310201740122.jpg",
    "sourceUrl": "https://ghostmap.jp/spotdetail.php?spotcd=218"
   }
  },
  {
   "type": "Feature",
   "geometry": {
    "type": "Point",
    "coordinates": [
     133.128971,
     35.539036
    ]
   },
   "properties": {
    "spotcd": 251,
    "name": "枕木山廃ラブホテル（ホテルシャモニー）",
    "kana": "まくらぎさんはいらぶほてる（ほてるしゃもにー）",
    "address": "〒690-1111 島根県松江市枕木町 県道252号線 ※関係者以外は立ち入り禁止、無断で入ると不法侵入になります",
    "prefecture": "島根県",
    "city": "松江市",
    "genre": "ホテル・旅館",
    "status": "現存",
    "phenomena": [
     "正体不明の霊"
    ],
    "features": [
     "廃墟",
     "島根県の廃墟"
    ],
    "totalScore": 17676,
    "nationalRank": 421,
    "prefRank": 3,
    "fearRating": 2.77,
    "ratingCount": 213,
    "outline": "枕木山廃ラブホテル（ホテルシャモニー）とは、島根県松江市にある心霊廃墟です。「まくらぎさんはいらぶほてる（ほてるしゃもにー）」と読みます。この場所では正体不明の幽霊が現れるといった噂があるため心霊スポットと呼ばれています。",
    "comment": "もう1つあるよね廃ラブホ。すごく分かりずらいから見つけるの大変だけど。",
    "imageUrl": "https://ghostmap.jp/img/spot/display/20221213180659991.jpg",
    "sourceUrl": "https://ghostmap.jp/spotdetail.php?spotcd=251"
   }
  },
  {
   "type": "Feature",
   "geometry": {
    "type": "Point",
    "coordinates": [
     137.242153,
     36.560103
    ]
   },
   "properties": {
    "spotcd": 350,
    "name": "寺家トンネル",
    "kana": "じけとんねる",
    "address": "〒939-2214 富山県富山市寺家 県道67号線",
    "prefecture": "富山県",
    "city": "富山市",
    "genre": "トンネル",
    "status": "現存",
    "phenomena": [
     "女性の霊",
     "声"
    ],
    "features": [],
    "totalScore": 17625,
    "nationalRank": 425,
    "prefRank": 3,
    "fearRating": 4.13,
    "ratingCount": 138,
    "outline": "寺家トンネルとは、富山県富山市にあるお化けトンネルです。「じけとんねる」と読みます。この場所では女性の幽霊が現れるといった噂があるため心霊スポットと呼ばれています。",
    "comment": "トンネルの中で落書きすんなよ。。",
    "imageUrl": "https://ghostmap.jp/img/spot/display/20210925111101132.jpeg",
    "sourceUrl": "https://ghostmap.jp/spotdetail.php?spotcd=350"
   }
  },
  {
   "type": "Feature",
   "geometry": {
    "type": "Point",
    "coordinates": [
     133.79062,
     34.547483
    ]
   },
   "properties": {
    "spotcd": 84,
    "name": "種松山山頂公園",
    "kana": "たねまつやまさんちょうこうえん",
    "address": "〒710-0034 岡山県倉敷市粒江",
    "prefecture": "岡山県",
    "city": "倉敷市",
    "genre": "公園・城跡",
    "status": "現存",
    "phenomena": [
     "女性の霊"
    ],
    "features": [],
    "totalScore": 17623,
    "nationalRank": 426,
    "prefRank": 6,
    "fearRating": 3.67,
    "ratingCount": 153,
    "outline": "種松山山頂公園とは、岡山県倉敷市にある公園・城跡の心霊スポットです。「たねまつやまさんちょうこうえん」と読みます。この場所では女性の幽霊が現れるといった噂があるため心霊スポットと呼ばれています。",
    "comment": "霊感のある知り合いは二度とここに来たくないと言ってますよ。 すぐ下に火葬場もあり、霊魂の通り道とも言われてます。",
    "imageUrl": "https://ghostmap.jp/img/spot/display/20230604173304388.jpeg",
    "sourceUrl": "https://ghostmap.jp/spotdetail.php?spotcd=84"
   }
  },
  {
   "type": "Feature",
   "geometry": {
    "type": "Point",
    "coordinates": [
     131.277974,
     32.112583
    ]
   },
   "properties": {
    "spotcd": 2024,
    "name": "寒川集落",
    "kana": "さぶかわしゅうらく",
    "address": "〒881-0116 宮崎県西都市寒川 ※関係者以外は立ち入り禁止、無断で入ると不法侵入になります",
    "prefecture": "宮崎県",
    "city": "西都市",
    "genre": "村・集落",
    "status": "現存",
    "phenomena": [
     "老婆の霊"
    ],
    "features": [
     "廃墟",
     "宮崎県の廃墟"
    ],
    "totalScore": 17618,
    "nationalRank": 427,
    "prefRank": 2,
    "fearRating": 3.77,
    "ratingCount": 148,
    "outline": "寒川集落とは、宮崎県西都市にある心霊廃墟です。「さぶかわしゅうらく」と読みます。この場所では老婆の幽霊が現れるといった噂があるため心霊スポットと呼ばれています。",
    "comment": "定期的に手入れがされているので心霊スポットらしさはありません ただふとした瞬間に誰もいない村なんだと考えると少し不気味に感じてしまいます",
    "imageUrl": null,
    "sourceUrl": "https://ghostmap.jp/spotdetail.php?spotcd=2024"
   }
  },
  {
   "type": "Feature",
   "geometry": {
    "type": "Point",
    "coordinates": [
     141.13362,
     42.473385
    ]
   },
   "properties": {
    "spotcd": 547,
    "name": "新登別大橋",
    "kana": "しんのぼりべつおおはし",
    "address": "北海道登別市 道道782号線",
    "prefecture": "北海道",
    "city": "登別市",
    "genre": "橋",
    "status": "現存",
    "phenomena": [
     "男性の霊"
    ],
    "features": [],
    "totalScore": 17617,
    "nationalRank": 428,
    "prefRank": 16,
    "fearRating": 3.73,
    "ratingCount": 149,
    "outline": "新登別大橋とは、北海道登別市にある幽霊橋です。「しんのぼりべつおおはし」と読みます。この場所では男性の幽霊が現れるといった噂があるため心霊スポットと呼ばれています。",
    "comment": "わざわざ遠方からきて自殺する人もいるようだから本当に何かが引き寄せているのかもね ちなみに近くの公衆トイレでも焼身自殺があった",
    "imageUrl": "https://ghostmap.jp/img/spot/display/20190205225438074.JPG",
    "sourceUrl": "https://ghostmap.jp/spotdetail.php?spotcd=547"
   }
  },
  {
   "type": "Feature",
   "geometry": {
    "type": "Point",
    "coordinates": [
     140.190415,
     37.397458
    ]
   },
   "properties": {
    "spotcd": 447,
    "name": "旧三森トンネル",
    "kana": "きゅうさんもりとんねる",
    "address": "〒963-0213 福島県郡山市逢瀬町多田野 県道6号線",
    "prefecture": "福島県",
    "city": "郡山市",
    "genre": "トンネル",
    "status": "現存",
    "phenomena": [
     "女性の霊",
     "声"
    ],
    "features": [],
    "totalScore": 17579,
    "nationalRank": 432,
    "prefRank": 10,
    "fearRating": 3.82,
    "ratingCount": 137,
    "outline": "旧三森トンネルとは、福島県郡山市にあるお化けトンネルです。「きゅうさんもりとんねる」と読みます。この場所では女性の幽霊が現れるといった噂があるため心霊スポットと呼ばれています。",
    "comment": "もうトンネル埋められちゃったんだよなー。トンネル脇の廃墟ももうないらしい。",
    "imageUrl": "https://ghostmap.jp/img/spot/display/20260319182325117.jpeg",
    "sourceUrl": "https://ghostmap.jp/spotdetail.php?spotcd=447"
   }
  },
  {
   "type": "Feature",
   "geometry": {
    "type": "Point",
    "coordinates": [
     127.989092,
     26.643
    ]
   },
   "properties": {
    "spotcd": 1193,
    "name": "嵐山展望台",
    "kana": "あらしやまてんぼうだい",
    "address": "〒905-1154 沖縄県名護市呉我１４６０−２ 嵐山展望休憩所 ※関係者以外は立ち入り禁止、無断で入ると不法侵入になります",
    "prefecture": "沖縄県",
    "city": "名護市",
    "genre": "公園・城跡",
    "status": "現存",
    "phenomena": [
     "女性の霊"
    ],
    "features": [
     "廃墟",
     "沖縄県の廃墟"
    ],
    "totalScore": 17575,
    "nationalRank": 434,
    "prefRank": 9,
    "fearRating": 3.85,
    "ratingCount": 135,
    "outline": "嵐山展望台とは、沖縄県名護市にある心霊廃墟です。「あらしやまてんぼうだい」と読みます。この場所では女性の幽霊が現れるといった噂があるため心霊スポットと呼ばれています。",
    "comment": "フィシャーズがやってたな",
    "imageUrl": "https://ghostmap.jp/img/spot/display/20251101213538359.jpeg",
    "sourceUrl": "https://ghostmap.jp/spotdetail.php?spotcd=1193"
   }
  },
  {
   "type": "Feature",
   "geometry": {
    "type": "Point",
    "coordinates": [
     135.604023,
     34.842998
    ]
   },
   "properties": {
    "spotcd": 1404,
    "name": "アジャリの森（歩人山神社）",
    "kana": "あじゃりのもり（ぶにやまじんじゃ）",
    "address": "〒569-0811 大阪府高槻市東五百住町１丁目２２−４",
    "prefecture": "大阪府",
    "city": "高槻市",
    "genre": "山・森",
    "status": "現存",
    "phenomena": [
     "少年の霊",
     "心霊写真"
    ],
    "features": [],
    "totalScore": 17572,
    "nationalRank": 435,
    "prefRank": 16,
    "fearRating": 3.29,
    "ratingCount": 155,
    "outline": "アジャリの森（歩人山神社）とは、大阪府高槻市にある山・森の心霊スポットです。「あじゃりのもり（ぶにやまじんじゃ）」と読みます。この場所では少年の幽霊が現れるといった噂があるため心霊スポットと呼ばれています。",
    "comment": "森の横で育ちました。 昔からワラ人形が木に打ち付けられていたり、森で遊んでいると、友達の声がたくさん聞こえたりと怖い場所で学校でも有名でした",
    "imageUrl": "https://ghostmap.jp/img/spot/display/20200102100452269.jpeg",
    "sourceUrl": "https://ghostmap.jp/spotdetail.php?spotcd=1404"
   }
  },
  {
   "type": "Feature",
   "geometry": {
    "type": "Point",
    "coordinates": [
     135.663353,
     34.541277
    ]
   },
   "properties": {
    "spotcd": 542,
    "name": "屯鶴峯防空壕",
    "kana": "どんずるぼうぼうくうごう",
    "address": "〒639-0252 奈良県香芝市穴虫 県道703号線",
    "prefecture": "奈良県",
    "city": "香芝市",
    "genre": "その他",
    "status": "現存",
    "phenomena": [
     "男性の霊"
    ],
    "features": [],
    "totalScore": 17572,
    "nationalRank": 437,
    "prefRank": 5,
    "fearRating": 4.1,
    "ratingCount": 127,
    "outline": "屯鶴峯防空壕とは、奈良県香芝市にあるその他の心霊スポットです。「どんずるぼうぼうくうごう」と読みます。この場所では男性の幽霊が現れるといった噂があるため心霊スポットと呼ばれています。",
    "comment": "5、6年前に行った時はずっと爆竹みたいな音が響いてた。帰る時にカメラの電源も勝手におちたし。",
    "imageUrl": null,
    "sourceUrl": "https://ghostmap.jp/spotdetail.php?spotcd=542"
   }
  },
  {
   "type": "Feature",
   "geometry": {
    "type": "Point",
    "coordinates": [
     132.788143,
     33.869187
    ]
   },
   "properties": {
    "spotcd": 4548,
    "name": "レストホテル道後城",
    "kana": "れすとほてるどうごじょう",
    "address": "〒791-0112 愛媛県松山市下伊台町２８３ ※関係者以外は立ち入り禁止、無断で入ると不法侵入になります",
    "prefecture": "愛媛県",
    "city": "松山市",
    "genre": "ホテル・旅館",
    "status": "現存",
    "phenomena": [
     "正体不明の霊"
    ],
    "features": [
     "廃墟",
     "愛媛県の廃墟"
    ],
    "totalScore": 17572,
    "nationalRank": 436,
    "prefRank": 3,
    "fearRating": 4.28,
    "ratingCount": 122,
    "outline": "レストホテル道後城 とは、愛媛県松山市にある心霊廃墟です。「れすとほてるどうごじょう」と読みます。この場所では正体不明の幽霊が現れるといった噂があるため心霊スポットと呼ばれています。",
    "comment": "買い手も付かないまま放置しておくぐらいだったら、いっそ、少子化対策も兼ねて、県営ラブホとして再オープンしてみてはどうだろう。",
    "imageUrl": "https://ghostmap.jp/img/spot/display/20240916101458743.jpeg",
    "sourceUrl": "https://ghostmap.jp/spotdetail.php?spotcd=4548"
   }
  },
  {
   "type": "Feature",
   "geometry": {
    "type": "Point",
    "coordinates": [
     130.490675,
     32.32266
    ]
   },
   "properties": {
    "spotcd": 391,
    "name": "旧佐敷トンネル",
    "kana": "きゅうさしきとんねる",
    "address": "〒869-5304 熊本県葦北郡芦北町海浦 薩摩街道・鹿児島街道",
    "prefecture": "熊本県",
    "city": "芦北町",
    "genre": "トンネル",
    "status": "現存",
    "phenomena": [
     "男性の霊"
    ],
    "features": [],
    "totalScore": 17570,
    "nationalRank": 438,
    "prefRank": 5,
    "fearRating": 3.82,
    "ratingCount": 135,
    "outline": "旧佐敷トンネルとは、熊本県芦北町にあるお化けトンネルです。「きゅうさしきとんねる」と読みます。この場所では男性の幽霊が現れるといった噂があるため心霊スポットと呼ばれています。",
    "comment": "トンネル抜けた先に地蔵がたってて頭はあるんだけど顔がないわけよ 目や鼻や口がないの あれがすげー不気味だったな 10年前くらいの話だから今もあるかは分からん",
    "imageUrl": "https://ghostmap.jp/img/spot/display/20240409215705073.jpeg",
    "sourceUrl": "https://ghostmap.jp/spotdetail.php?spotcd=391"
   }
  },
  {
   "type": "Feature",
   "geometry": {
    "type": "Point",
    "coordinates": [
     140.173022,
     36.053283
    ]
   },
   "properties": {
    "spotcd": 2234,
    "name": "終わらない葬式の家（権東の家）",
    "kana": "おわらないそうしきのいえ（ごんどうのいえ）",
    "address": "〒300-0841 茨城県土浦市中８７５ ※関係者以外は立ち入り禁止、無断で入ると不法侵入になります",
    "prefecture": "茨城県",
    "city": "土浦市",
    "genre": "住居",
    "status": "現存",
    "phenomena": [
     "女性の霊"
    ],
    "features": [
     "廃墟",
     "茨城県の廃墟"
    ],
    "totalScore": 17556,
    "nationalRank": 442,
    "prefRank": 7,
    "fearRating": 3.74,
    "ratingCount": 134,
    "outline": "終わらない葬式の家（権東の家）とは、茨城県土浦市にある心霊廃墟です。「おわらないそうしきのいえ（ごんどうのいえ）」と読みます。この場所では女性の幽霊が現れるといった噂があるため心霊スポットと呼ばれています。",
    "comment": "遺影とかが残ってるのは確かにおかしい。何らかの事情で家を放置するにしても、普通は親族が持っていくよね？",
    "imageUrl": null,
    "sourceUrl": "https://ghostmap.jp/spotdetail.php?spotcd=2234"
   }
  },
  {
   "type": "Feature",
   "geometry": {
    "type": "Point",
    "coordinates": [
     139.050658,
     36.836731
    ]
   },
   "properties": {
    "spotcd": 1761,
    "name": "ホテル藤原郷",
    "kana": "ほてるふじわらごう",
    "address": "〒379-1721 群馬県利根郡みなかみ町藤原２５０４ ※関係者以外は立ち入り禁止、無断で入ると不法侵入になります",
    "prefecture": "群馬県",
    "city": "みなかみ町",
    "genre": "ホテル・旅館",
    "status": "現存",
    "phenomena": [
     "女性の霊"
    ],
    "features": [
     "廃墟",
     "群馬県の廃墟"
    ],
    "totalScore": 17555,
    "nationalRank": 444,
    "prefRank": 15,
    "fearRating": 4.07,
    "ratingCount": 124,
    "outline": "ホテル藤原郷とは、群馬県みなかみ町にある心霊廃墟です。「ほてるふじわらごう」と読みます。この場所では女性の幽霊が現れるといった噂があるため心霊スポットと呼ばれています。",
    "comment": "ココは昔、高校のスキー教室で泊まったことあるなぁ。カレーが美味かった。",
    "imageUrl": "https://ghostmap.jp/img/spot/display/20260829181153305.jpeg",
    "sourceUrl": "https://ghostmap.jp/spotdetail.php?spotcd=1761"
   }
  },
  {
   "type": "Feature",
   "geometry": {
    "type": "Point",
    "coordinates": [
     135.872295,
     34.448346
    ]
   },
   "properties": {
    "spotcd": 1033,
    "name": "旧鹿路トンネル",
    "kana": "きゅうろくろとんねる",
    "address": "〒633-0027 奈良県桜井市鹿路３１７",
    "prefecture": "奈良県",
    "city": "桜井市",
    "genre": "トンネル",
    "status": "現存",
    "phenomena": [
     "女性の霊"
    ],
    "features": [],
    "totalScore": 17543,
    "nationalRank": 447,
    "prefRank": 6,
    "fearRating": 3.97,
    "ratingCount": 124,
    "outline": "旧鹿路トンネルとは、奈良県桜井市にあるお化けトンネルです。「きゅうろくろとんねる」と読みます。この場所では女性の幽霊が現れるといった噂があるため心霊スポットと呼ばれています。",
    "comment": "ストリートビュー怖い・・トンネル内暗すぎ・・絶対通りたくない",
    "imageUrl": "https://ghostmap.jp/img/spot/display/20250913171656087.jpg",
    "sourceUrl": "https://ghostmap.jp/spotdetail.php?spotcd=1033"
   }
  },
  {
   "type": "Feature",
   "geometry": {
    "type": "Point",
    "coordinates": [
     139.196931,
     36.341802
    ]
   },
   "properties": {
    "spotcd": 2434,
    "name": "華蔵寺公園",
    "kana": "けぞうじこうえん",
    "address": "〒372-0003 群馬県伊勢崎市華蔵寺町１−１",
    "prefecture": "群馬県",
    "city": "伊勢崎市",
    "genre": "公園・城跡",
    "status": "現存",
    "phenomena": [
     "少女の霊"
    ],
    "features": [],
    "totalScore": 17540,
    "nationalRank": 448,
    "prefRank": 16,
    "fearRating": 3.68,
    "ratingCount": 132,
    "outline": "華蔵寺公園とは、群馬県伊勢崎市にある公園・城跡の心霊スポットです。「けぞうじこうえん」と読みます。この場所では少女の幽霊が現れるといった噂があるため心霊スポットと呼ばれています。",
    "comment": "ジェットコースターのある池は華蔵寺沼というらしい",
    "imageUrl": "https://ghostmap.jp/img/spot/display/20221114095725591.jpg",
    "sourceUrl": "https://ghostmap.jp/spotdetail.php?spotcd=2434"
   }
  },
  {
   "type": "Feature",
   "geometry": {
    "type": "Point",
    "coordinates": [
     135.94338,
     34.187062
    ]
   },
   "properties": {
    "spotcd": 553,
    "name": "行者還トンネル",
    "kana": "ぎょうじゃがえりとんねる",
    "address": "〒638-0303 奈良県吉野郡天川村北角",
    "prefecture": "奈良県",
    "city": "天川村",
    "genre": "トンネル",
    "status": "現存",
    "phenomena": [
     "老婆の霊"
    ],
    "features": [],
    "totalScore": 17537,
    "nationalRank": 449,
    "prefRank": 7,
    "fearRating": 4.26,
    "ratingCount": 115,
    "outline": "行者還トンネルとは、奈良県天川村にあるお化けトンネルです。「ぎょうじゃがえりとんねる」と読みます。この場所では老婆の幽霊が現れるといった噂があるため心霊スポットと呼ばれています。",
    "comment": "『トンネル内で、叫ぶと、エンジンが、故障し、車が壊れる。』 読点の使い方おかしくない？",
    "imageUrl": "https://ghostmap.jp/img/spot/display/20250726200826979.jpeg",
    "sourceUrl": "https://ghostmap.jp/spotdetail.php?spotcd=553"
   }
  },
  {
   "type": "Feature",
   "geometry": {
    "type": "Point",
    "coordinates": [
     140.825629,
     40.650342
    ]
   },
   "properties": {
    "spotcd": 404,
    "name": "城ヶ倉大橋",
    "kana": "じょうがくらおおはし",
    "address": "〒030-0111 青森県青森市荒川 国道394号線",
    "prefecture": "青森県",
    "city": "青森市",
    "genre": "橋",
    "status": "現存",
    "phenomena": [
     "男性の霊"
    ],
    "features": [],
    "totalScore": 17533,
    "nationalRank": 450,
    "prefRank": 8,
    "fearRating": 3.96,
    "ratingCount": 122,
    "outline": "城ヶ倉大橋とは、青森県青森市にある幽霊橋です。「じょうがくらおおはし」と読みます。この場所では男性の幽霊が現れるといった噂があるため心霊スポットと呼ばれています。",
    "comment": "ここ、投身だけじゃなく実は首吊りも多い。フェンスよく見てみると何箇所か痕跡あるよ。",
    "imageUrl": "https://ghostmap.jp/img/spot/display/20180502220543988.jpg",
    "sourceUrl": "https://ghostmap.jp/spotdetail.php?spotcd=404"
   }
  },
  {
   "type": "Feature",
   "geometry": {
    "type": "Point",
    "coordinates": [
     139.95595,
     37.503734
    ]
   },
   "properties": {
    "spotcd": 1613,
    "name": "飯盛山",
    "kana": "いいもりやま",
    "address": "〒965-0003 福島県会津若松市一箕町大字八幡弁天下１４０４−４",
    "prefecture": "福島県",
    "city": "会津若松市",
    "genre": "山・森",
    "status": "現存",
    "phenomena": [
     "少年の霊",
     "足音",
     "声",
     "心霊写真"
    ],
    "features": [],
    "totalScore": 17531,
    "nationalRank": 452,
    "prefRank": 11,
    "fearRating": 3.95,
    "ratingCount": 122,
    "outline": "飯盛山とは、福島県会津若松市にある山・森の心霊スポットです。「いいもりやま」と読みます。この場所では少年の幽霊が現れるといった噂があるため心霊スポットと呼ばれています。",
    "comment": "近所に住んでいたので、白虎隊のお墓は遊び場でした。 たまに転んで擦りむいたりしましたが、大きな怪我などはした事が無かったですし、、、。 怖い思いをした事は無かったですよ？",
    "imageUrl": "https://ghostmap.jp/img/spot/display/20180826194321460.jpg",
    "sourceUrl": "https://ghostmap.jp/spotdetail.php?spotcd=1613"
   }
  },
  {
   "type": "Feature",
   "geometry": {
    "type": "Point",
    "coordinates": [
     133.632498,
     34.502445
    ]
   },
   "properties": {
    "spotcd": 301,
    "name": "沙美海岸",
    "kana": "さみかいがん",
    "address": "〒713-8126 岡山県倉敷市玉島黒崎６０６１",
    "prefecture": "岡山県",
    "city": "倉敷市",
    "genre": "海",
    "status": "現存",
    "phenomena": [
     "女性の霊",
     "心霊写真"
    ],
    "features": [],
    "totalScore": 17529,
    "nationalRank": 453,
    "prefRank": 7,
    "fearRating": 3.86,
    "ratingCount": 124,
    "outline": "沙美海岸とは、岡山県倉敷市にある海の心霊スポットです。「さみかいがん」と読みます。この場所では女性の幽霊が現れるといった噂があるため心霊スポットと呼ばれています。",
    "comment": "地元民だけど何にも無いよw 昼間綺麗で夏は夜にチンピラが湧くから注意って位だなw",
    "imageUrl": "https://ghostmap.jp/img/spot/display/20250706021238621.jpeg",
    "sourceUrl": "https://ghostmap.jp/spotdetail.php?spotcd=301"
   }
  },
  {
   "type": "Feature",
   "geometry": {
    "type": "Point",
    "coordinates": [
     136.716208,
     34.48341
    ]
   },
   "properties": {
    "spotcd": 600,
    "name": "ニャロメの塔",
    "kana": "にゃろめのとう",
    "address": "〒516-0031 三重県伊勢市尾上町８−２８",
    "prefecture": "三重県",
    "city": "伊勢市",
    "genre": "墓地・慰霊碑",
    "status": "現存",
    "phenomena": [
     "少女の霊"
    ],
    "features": [],
    "totalScore": 17523,
    "nationalRank": 454,
    "prefRank": 6,
    "fearRating": 3.25,
    "ratingCount": 143,
    "outline": "ニャロメの塔とは、三重県伊勢市にある墓地・慰霊碑の心霊スポットです。「にゃろめのとう」と読みます。この場所では少女の幽霊が現れるといった噂があるため心霊スポットと呼ばれています。",
    "comment": "地元民です、心霊現象聞いたことないですが去年高校生の殺人事件がありました、見晴らしも良く小さい頃塔の中から上に登ったりして良く遊びました今わ訪れる人少ないんじやないですかね～",
    "imageUrl": "https://ghostmap.jp/img/spot/display/20240707221028980.jpeg",
    "sourceUrl": "https://ghostmap.jp/spotdetail.php?spotcd=600"
   }
  },
  {
   "type": "Feature",
   "geometry": {
    "type": "Point",
    "coordinates": [
     140.861541,
     40.893105
    ]
   },
   "properties": {
    "spotcd": 6313,
    "name": "ホテル松園",
    "kana": "ほてるしょうえん",
    "address": "〒039-3501 青森県青森市浅虫蛍谷３２２ ※関係者以外は立ち入り禁止、無断で入ると不法侵入になります",
    "prefecture": "青森県",
    "city": "青森市",
    "genre": "ホテル・旅館",
    "status": "現存",
    "phenomena": [
     "正体不明の霊"
    ],
    "features": [
     "廃墟",
     "青森県の廃墟"
    ],
    "totalScore": 17522,
    "nationalRank": 455,
    "prefRank": 9,
    "fearRating": 4.34,
    "ratingCount": 110,
    "outline": "ホテル松園とは、青森県青森市にある心霊廃墟です。「ほてるしょうえん」と読みます。この場所では正体不明の幽霊が現れるといった噂があるため心霊スポットと呼ばれています。",
    "comment": "ここは幽霊よりホームレスとか管理人などの人がおる。",
    "imageUrl": "https://ghostmap.jp/img/spot/display/20241027123353138.png",
    "sourceUrl": "https://ghostmap.jp/spotdetail.php?spotcd=6313"
   }
  },
  {
   "type": "Feature",
   "geometry": {
    "type": "Point",
    "coordinates": [
     136.845479,
     36.584037
    ]
   },
   "properties": {
    "spotcd": 349,
    "name": "旧蔵原トンネル",
    "kana": "きゅうくらはらとんねる",
    "address": "〒939-1614 富山県南砺市蔵原 県道42号線",
    "prefecture": "富山県",
    "city": "南砺市",
    "genre": "トンネル",
    "status": "現存",
    "phenomena": [
     "少女の霊",
     "声"
    ],
    "features": [],
    "totalScore": 17513,
    "nationalRank": 457,
    "prefRank": 4,
    "fearRating": 3.73,
    "ratingCount": 124,
    "outline": "旧蔵原トンネルとは、富山県南砺市にあるお化けトンネルです。「きゅうくらはらとんねる」と読みます。この場所では少女の幽霊が現れるといった噂があるため心霊スポットと呼ばれています。",
    "comment": "2018/7/30付近の奴、ぜったいはじめんの動画から来た",
    "imageUrl": "https://ghostmap.jp/img/spot/display/201409151355500.jpg",
    "sourceUrl": "https://ghostmap.jp/spotdetail.php?spotcd=349"
   }
  },
  {
   "type": "Feature",
   "geometry": {
    "type": "Point",
    "coordinates": [
     131.777181,
     33.176739
    ]
   },
   "properties": {
    "spotcd": 160,
    "name": "六ヶ迫トンネル",
    "kana": "ろっかさことんねる",
    "address": "大分県臼杵市岳谷１８２７",
    "prefecture": "大分県",
    "city": "臼杵市",
    "genre": "トンネル",
    "status": "現存",
    "phenomena": [
     "女性の霊",
     "声"
    ],
    "features": [],
    "totalScore": 17512,
    "nationalRank": 458,
    "prefRank": 2,
    "fearRating": 3.66,
    "ratingCount": 126,
    "outline": "六ヶ迫トンネルとは、大分県臼杵市にあるお化けトンネルです。「ろっかさことんねる」と読みます。この場所では女性の幽霊が現れるといった噂があるため心霊スポットと呼ばれています。",
    "comment": "過去に白骨死体が見つかったらしいね",
    "imageUrl": "https://ghostmap.jp/img/spot/display/20241026185416252.jpg",
    "sourceUrl": "https://ghostmap.jp/spotdetail.php?spotcd=160"
   }
  },
  {
   "type": "Feature",
   "geometry": {
    "type": "Point",
    "coordinates": [
     138.48315,
     35.519159
    ]
   },
   "properties": {
    "spotcd": 478,
    "name": "旧割石トンネル",
    "kana": "きゅうわりいしとんねる",
    "address": "山梨県西八代郡市川三郷町 県道9号線",
    "prefecture": "山梨県",
    "city": "市川三郷町",
    "genre": "トンネル",
    "status": "現存",
    "phenomena": [
     "老婆の霊"
    ],
    "features": [],
    "totalScore": 17504,
    "nationalRank": 460,
    "prefRank": 8,
    "fearRating": 3.9,
    "ratingCount": 117,
    "outline": "旧割石トンネルとは、山梨県市川三郷町にあるお化けトンネルです。「きゅうわりいしとんねる」と読みます。この場所では老婆の幽霊が現れるといった噂があるため心霊スポットと呼ばれています。",
    "comment": "オバァちゃんの家行くとき通ったら足を何かなにかに掴まれたのをおぼえてる",
    "imageUrl": "https://ghostmap.jp/img/spot/display/20240821062449642.jpg",
    "sourceUrl": "https://ghostmap.jp/spotdetail.php?spotcd=478"
   }
  },
  {
   "type": "Feature",
   "geometry": {
    "type": "Point",
    "coordinates": [
     136.266699,
     34.669414
    ]
   },
   "properties": {
    "spotcd": 284,
    "name": "青山トンネル前の電話ボックス",
    "kana": "あおやまとんねるまえのでんわぼっくす",
    "address": "三重県伊賀市 国道165号線",
    "prefecture": "三重県",
    "city": "伊賀市",
    "genre": "その他",
    "status": "現存",
    "phenomena": [
     "男性の霊",
     "声"
    ],
    "features": [],
    "totalScore": 17501,
    "nationalRank": 462,
    "prefRank": 7,
    "fearRating": 3.54,
    "ratingCount": 127,
    "outline": "青山トンネル前の電話ボックスとは、三重県伊賀市にあるその他の心霊スポットです。「あおやまとんねるまえのでんわぼっくす」と読みます。この場所では男性の幽霊が現れるといった噂があるため心霊スポットと呼ばれています。",
    "comment": "真相は、ホットドッグ屋の、おじさんが客引きの為、制服を着て電話ボックスに（爆笑） 警察に見つかり。その場で職質。その後、二度と幽霊騒ぎはない。",
    "imageUrl": "https://ghostmap.jp/img/spot/display/20180902124559989.jpg",
    "sourceUrl": "https://ghostmap.jp/spotdetail.php?spotcd=284"
   }
  },
  {
   "type": "Feature",
   "geometry": {
    "type": "Point",
    "coordinates": [
     139.079638,
     35.083783
    ]
   },
   "properties": {
    "spotcd": 327,
    "name": "錦ヶ浦",
    "kana": "にしきがうら",
    "address": "〒413-0033 静岡県熱海市熱海１９９３−６５",
    "prefecture": "静岡県",
    "city": "熱海市",
    "genre": "海",
    "status": "現存",
    "phenomena": [
     "女性の霊",
     "心霊写真"
    ],
    "features": [
     "自殺の名所"
    ],
    "totalScore": 17491,
    "nationalRank": 469,
    "prefRank": 11,
    "fearRating": 3.98,
    "ratingCount": 112,
    "outline": "錦ヶ浦とは、静岡県熱海市にある海の心霊スポットです。「にしきがうら」と読みます。この場所では女性の幽霊が現れるといった噂があるため心霊スポットと呼ばれています。",
    "comment": "伊豆大島の三原山、日光華厳の滝と並び伝統のある自殺の名所です。昭和恐慌時（1930年代ころ）には食い詰めた人たちの投身自殺が多く、少なくともこの頃から自殺の名所だったらしい。",
    "imageUrl": "https://ghostmap.jp/img/spot/display/20260820202423900.jpg",
    "sourceUrl": "https://ghostmap.jp/spotdetail.php?spotcd=327"
   }
  },
  {
   "type": "Feature",
   "geometry": {
    "type": "Point",
    "coordinates": [
     134.231858,
     35.52633
    ]
   },
   "properties": {
    "spotcd": 89,
    "name": "静山荘",
    "kana": "せいざんそう",
    "address": "鳥取県鳥取市 山陰道 ※関係者以外は立ち入り禁止、無断で入ると不法侵入になります",
    "prefecture": "鳥取県",
    "city": "鳥取市",
    "genre": "ホテル・旅館",
    "status": "現存",
    "phenomena": [
     "女性の霊"
    ],
    "features": [
     "廃墟",
     "鳥取県の廃墟"
    ],
    "totalScore": 17485,
    "nationalRank": 473,
    "prefRank": 2,
    "fearRating": 2.78,
    "ratingCount": 152,
    "outline": "静山荘とは、鳥取県鳥取市にある心霊廃墟です。「せいざんそう」と読みます。この場所では女性の幽霊が現れるといった噂があるため心霊スポットと呼ばれています。",
    "comment": "あかんて。ここ行ったらあかんとこやて。頭痛なったわ。",
    "imageUrl": null,
    "sourceUrl": "https://ghostmap.jp/spotdetail.php?spotcd=89"
   }
  },
  {
   "type": "Feature",
   "geometry": {
    "type": "Point",
    "coordinates": [
     135.74221,
     35.039518
    ]
   },
   "properties": {
    "spotcd": 57,
    "name": "船岡山",
    "kana": "ふなおかやま",
    "address": "〒603-8227 京都府京都市北区紫野北舟岡町",
    "prefecture": "京都府",
    "city": "京都市",
    "genre": "山・森",
    "status": "現存",
    "phenomena": [
     "男性の霊",
     "足音"
    ],
    "features": [],
    "totalScore": 17483,
    "nationalRank": 475,
    "prefRank": 8,
    "fearRating": 3.91,
    "ratingCount": 112,
    "outline": "船岡山とは、京都府京都市にある山・森の心霊スポットです。「ふなおかやま」と読みます。この場所では男性の幽霊が現れるといった噂があるため心霊スポットと呼ばれています。",
    "comment": "昔、この近くの大学に通ってました。 先輩から聞いた話ですが、昔ここで鬼ごっこしてたらドッペルゲンガーに遭遇したそうです。 あと、頂上付近の焼却炉には近づくなとも言われたことはあります。",
    "imageUrl": "https://ghostmap.jp/img/spot/display/20230607081625046.JPG",
    "sourceUrl": "https://ghostmap.jp/spotdetail.php?spotcd=57"
   }
  },
  {
   "type": "Feature",
   "geometry": {
    "type": "Point",
    "coordinates": [
     139.887336,
     36.571239
    ]
   },
   "properties": {
    "spotcd": 2462,
    "name": "八幡山公園（ひょうたん池）",
    "kana": "はちまんやまこうえん（ひょうたんいけ）",
    "address": "〒320-0014 栃木県宇都宮市大曽２丁目-９",
    "prefecture": "栃木県",
    "city": "宇都宮市",
    "genre": "公園・城跡",
    "status": "現存",
    "phenomena": [
     "男性の霊"
    ],
    "features": [],
    "totalScore": 17472,
    "nationalRank": 482,
    "prefRank": 12,
    "fearRating": 3.7,
    "ratingCount": 115,
    "outline": "八幡山公園（ひょうたん池）とは、栃木県宇都宮市にある公園・城跡の心霊スポットです。「はちまんやまこうえん（ひょうたんいけ）」と読みます。この場所では男性の幽霊が現れるといった噂があるため心霊スポットと呼ばれています。",
    "comment": "宇都宮タワーからはギョウザ電波が出ている",
    "imageUrl": null,
    "sourceUrl": "https://ghostmap.jp/spotdetail.php?spotcd=2462"
   }
  },
  {
   "type": "Feature",
   "geometry": {
    "type": "Point",
    "coordinates": [
     135.828502,
     34.877878
    ]
   },
   "properties": {
    "spotcd": 144,
    "name": "宇治川ライン",
    "kana": "うじがわらいん",
    "address": "京都府宇治市槇島町六石山府道3号線",
    "prefecture": "京都府",
    "city": "宇治市",
    "genre": "道・峠",
    "status": "現存",
    "phenomena": [
     "男性の霊"
    ],
    "features": [],
    "totalScore": 17472,
    "nationalRank": 481,
    "prefRank": 9,
    "fearRating": 3.89,
    "ratingCount": 110,
    "outline": "宇治川ラインとは、京都府宇治市にある道・峠の心霊スポットです。「うじがわらいん」と読みます。この場所では男性の幽霊が現れるといった噂があるため心霊スポットと呼ばれています。",
    "comment": "増えているよー！",
    "imageUrl": null,
    "sourceUrl": "https://ghostmap.jp/spotdetail.php?spotcd=144"
   }
  },
  {
   "type": "Feature",
   "geometry": {
    "type": "Point",
    "coordinates": [
     131.988916,
     33.952614
    ]
   },
   "properties": {
    "spotcd": 4178,
    "name": "ホテル雪舟",
    "kana": "ほてるせっしゅう",
    "address": "〒742-1515 山口県熊毛郡田布施町上田布施２８８７ ※関係者以外は立ち入り禁止、無断で入ると不法侵入になります",
    "prefecture": "山口県",
    "city": "田布施町",
    "genre": "ホテル・旅館",
    "status": "現存",
    "phenomena": [
     "男性の霊",
     "人影"
    ],
    "features": [
     "廃墟",
     "山口県の廃墟"
    ],
    "totalScore": 17461,
    "nationalRank": 486,
    "prefRank": 7,
    "fearRating": 4.02,
    "ratingCount": 104,
    "outline": "ホテル雪舟とは、山口県田布施町にある心霊廃墟です。「ほてるせっしゅう」と読みます。この場所では男性の幽霊が現れるといった噂があるため心霊スポットと呼ばれています。",
    "comment": "オーナー部屋の上に住居用フロアがあるけど、人がいる",
    "imageUrl": "https://ghostmap.jp/img/spot/display/20220517155847787.jpeg",
    "sourceUrl": "https://ghostmap.jp/spotdetail.php?spotcd=4178"
   }
  },
  {
   "type": "Feature",
   "geometry": {
    "type": "Point",
    "coordinates": [
     138.323778,
     36.351331
    ]
   },
   "properties": {
    "spotcd": 462,
    "name": "ホテル2001",
    "kana": "ほてる2001",
    "address": "〒389-0407 長野県東御市羽毛山１１０６ ※関係者以外は立ち入り禁止、無断で入ると不法侵入になります",
    "prefecture": "長野県",
    "city": "東御市",
    "genre": "ホテル・旅館",
    "status": "現存",
    "phenomena": [
     "女性の霊"
    ],
    "features": [
     "廃墟",
     "長野県の廃墟"
    ],
    "totalScore": 17450,
    "nationalRank": 489,
    "prefRank": 6,
    "fearRating": 3.92,
    "ratingCount": 104,
    "outline": "ホテル2001とは、長野県東御市にある心霊廃墟です。「ほてる2001」と読みます。この場所では女性の幽霊が現れるといった噂があるため心霊スポットと呼ばれています。",
    "comment": "2001です",
    "imageUrl": "https://ghostmap.jp/img/spot/display/20170124150632979.JPG",
    "sourceUrl": "https://ghostmap.jp/spotdetail.php?spotcd=462"
   }
  },
  {
   "type": "Feature",
   "geometry": {
    "type": "Point",
    "coordinates": [
     135.768449,
     35.057716
    ]
   },
   "properties": {
    "spotcd": 56,
    "name": "深泥池",
    "kana": "みぞろがいけ",
    "address": "〒603-8043 京都府京都市北区上賀茂池端町６",
    "prefecture": "京都府",
    "city": "京都市",
    "genre": "湖（池）・ダム",
    "status": "現存",
    "phenomena": [
     "女性の霊"
    ],
    "features": [
     "何だコレ！？"
    ],
    "totalScore": 17448,
    "nationalRank": 490,
    "prefRank": 10,
    "fearRating": 3.95,
    "ratingCount": 103,
    "outline": "深泥池とは、京都府京都市にある湖（池）・ダムの心霊スポットです。「みぞろがいけ」と読みます。この場所では女性の幽霊が現れるといった噂があるため心霊スポットと呼ばれています。",
    "comment": "戦前に結核患者用の隔離病棟が池のほとりにあったらしい。当時、結核は不治の病であったので、病気を苦に池に身を投げた患者も少なくなかったという。",
    "imageUrl": null,
    "sourceUrl": "https://ghostmap.jp/spotdetail.php?spotcd=56"
   }
  },
  {
   "type": "Feature",
   "geometry": {
    "type": "Point",
    "coordinates": [
     141.606325,
     39.361345
    ]
   },
   "properties": {
    "spotcd": 414,
    "name": "デンデラ野",
    "kana": "でんでらの",
    "address": "〒028-0552 岩手県遠野市土淵町山口３地割３１",
    "prefecture": "岩手県",
    "city": "遠野市",
    "genre": "公園・城跡",
    "status": "現存",
    "phenomena": [
     "男性の霊",
     "声",
     "心霊写真"
    ],
    "features": [],
    "totalScore": 17442,
    "nationalRank": 491,
    "prefRank": 8,
    "fearRating": 3.93,
    "ratingCount": 102,
    "outline": "デンデラ野とは、岩手県遠野市にある公園・城跡の心霊スポットです。「でんでらの」と読みます。この場所では男性の幽霊が現れるといった噂があるため心霊スポットと呼ばれています。",
    "comment": "子供の頃、入口の木で沢山のカブトムシ・クワガタを捕りました。デンデラで遊んでいたら、骨を見つけた記憶があります。",
    "imageUrl": "https://ghostmap.jp/img/spot/display/20180826182738257.jpg",
    "sourceUrl": "https://ghostmap.jp/spotdetail.php?spotcd=414"
   }
  },
  {
   "type": "Feature",
   "geometry": {
    "type": "Point",
    "coordinates": [
     141.161485,
     39.713162
    ]
   },
   "properties": {
    "spotcd": 1782,
    "name": "愛宕山の裏山",
    "kana": "あたごやまのうらやま",
    "address": "〒020-0014 岩手県盛岡市愛宕下１４ ※関係者以外は立ち入り禁止、無断で入ると不法侵入になります",
    "prefecture": "岩手県",
    "city": "盛岡市",
    "genre": "山・森",
    "status": "現存",
    "phenomena": [
     "少年の霊",
     "声"
    ],
    "features": [
     "廃墟",
     "岩手県の廃墟"
    ],
    "totalScore": 17438,
    "nationalRank": 493,
    "prefRank": 9,
    "fearRating": 4.02,
    "ratingCount": 99,
    "outline": "愛宕山の裏山とは、岩手県盛岡市にある心霊廃墟です。「あたごやまのうらやま」と読みます。この場所では少年の幽霊が現れるといった噂があるため心霊スポットと呼ばれています。",
    "comment": "男の子の変死事件があって、少年の霊が親を探している姿が目撃されているらしい。",
    "imageUrl": null,
    "sourceUrl": "https://ghostmap.jp/spotdetail.php?spotcd=1782"
   }
  },
  {
   "type": "Feature",
   "geometry": {
    "type": "Point",
    "coordinates": [
     136.097525,
     35.652809
    ]
   },
   "properties": {
    "spotcd": 829,
    "name": "北陸トンネル",
    "kana": "ほくりくとんねる",
    "address": "〒914-0005 福井県敦賀市樫曲２０",
    "prefecture": "福井県",
    "city": "敦賀市",
    "genre": "トンネル",
    "status": "現存",
    "phenomena": [
     "男性の霊"
    ],
    "features": [],
    "totalScore": 17429,
    "nationalRank": 494,
    "prefRank": 4,
    "fearRating": 4.07,
    "ratingCount": 96,
    "outline": "北陸トンネルとは、福井県敦賀市にあるお化けトンネルです。「ほくりくとんねる」と読みます。この場所では男性の幽霊が現れるといった噂があるため心霊スポットと呼ばれています。",
    "comment": "死亡事故の３年前はにも火災があったけど その時は職員の機転で死傷者ゼロ その職員を国鉄はルール違反だとして処罰 国鉄による殺人といって過言ではない",
    "imageUrl": "https://ghostmap.jp/img/spot/display/20200712124647894.jpeg",
    "sourceUrl": "https://ghostmap.jp/spotdetail.php?spotcd=829"
   }
  },
  {
   "type": "Feature",
   "geometry": {
    "type": "Point",
    "coordinates": [
     140.931353,
     39.934307
    ]
   },
   "properties": {
    "spotcd": 261,
    "name": "松尾鉱山跡に残された廃墟アパート",
    "kana": "まつおこうざんあとにのこされたはいきょあぱーと",
    "address": "〒028-7100 岩手県八幡平市（その他） ※関係者以外は立ち入り禁止、無断で入ると不法侵入になります",
    "prefecture": "岩手県",
    "city": "八幡平市",
    "genre": "住居",
    "status": "現存",
    "phenomena": [
     "女性の霊",
     "足音"
    ],
    "features": [
     "廃墟",
     "岩手県の廃墟"
    ],
    "totalScore": 17422,
    "nationalRank": 496,
    "prefRank": 10,
    "fearRating": 3.73,
    "ratingCount": 102,
    "outline": "松尾鉱山跡に残された廃墟アパートとは、岩手県八幡平市にある心霊廃墟です。「まつおこうざんあとにのこされたはいきょあぱーと」と読みます。この場所では女性の幽霊が現れるといった噂があるため心霊スポットと呼ばれています。",
    "comment": "ふむ…体育館は鉱山事故で亡くなった方の遺体安置所としても使われていたとか。ならば学校にも出る可能性はあるね。幽霊たちも現役鉱山だったあの頃を懐かしんでいるのかも。",
    "imageUrl": "https://ghostmap.jp/img/spot/display/20180901144715473.JPG",
    "sourceUrl": "https://ghostmap.jp/spotdetail.php?spotcd=261"
   }
  },
  {
   "type": "Feature",
   "geometry": {
    "type": "Point",
    "coordinates": [
     132.729844,
     33.745316
    ]
   },
   "properties": {
    "spotcd": 460,
    "name": "谷上山第二展望台",
    "kana": "たがみさんだいにてんぼうだい",
    "address": "愛媛県伊予市上吾川",
    "prefecture": "愛媛県",
    "city": "伊予市",
    "genre": "公園・城跡",
    "status": "現存",
    "phenomena": [
     "女性の霊"
    ],
    "features": [
     "デートスポット",
     "自殺の名所"
    ],
    "totalScore": 17422,
    "nationalRank": 498,
    "prefRank": 4,
    "fearRating": 3.85,
    "ratingCount": 99,
    "outline": "谷上山第二展望台とは、愛媛県伊予市にある公園・城跡の心霊スポットです。「たがみさんだいにてんぼうだい」と読みます。この場所では女性の幽霊が現れるといった噂があるため心霊スポットと呼ばれています。",
    "comment": "昼間に行くとたいへん景色のいい場所です。が、この近辺は心霊的に何かと有名な場所ですから…夜中には近づかないほうがいい場所です。きっと何かを体験する羽目になります。。。",
    "imageUrl": "https://ghostmap.jp/img/spot/display/201503212132270.jpg",
    "sourceUrl": "https://ghostmap.jp/spotdetail.php?spotcd=460"
   }
  },
  {
   "type": "Feature",
   "geometry": {
    "type": "Point",
    "coordinates": [
     130.460698,
     32.610408
    ]
   },
   "properties": {
    "spotcd": 392,
    "name": "天草パールラインホテル",
    "kana": "あまくさぱーるらいんほてる",
    "address": "〒869-3207 熊本県宇城市三角町三角浦 天草パールライン ※関係者以外は立ち入り禁止、無断で入ると不法侵入になります",
    "prefecture": "熊本県",
    "city": "宇城市",
    "genre": "ホテル・旅館",
    "status": "現存",
    "phenomena": [
     "女性の霊"
    ],
    "features": [
     "廃墟",
     "熊本県の廃墟"
    ],
    "totalScore": 17422,
    "nationalRank": 497,
    "prefRank": 6,
    "fearRating": 4.08,
    "ratingCount": 94,
    "outline": "天草パールラインホテルとは、熊本県宇城市にある心霊廃墟です。「あまくさぱーるらいんほてる」と読みます。この場所では女性の幽霊が現れるといった噂があるため心霊スポットと呼ばれています。",
    "comment": "廃墟になってから一回放火された事があるんよ そのせいで外壁も内壁も焼け焦げて異様な雰囲気を放っている 普通の廃墟ホテルとはまた一味違った空気を感じ取れる",
    "imageUrl": "https://ghostmap.jp/img/spot/display/201411072214510.jpg",
    "sourceUrl": "https://ghostmap.jp/spotdetail.php?spotcd=392"
   }
  },
  {
   "type": "Feature",
   "geometry": {
    "type": "Point",
    "coordinates": [
     138.180885,
     37.143727
    ]
   },
   "properties": {
    "spotcd": 895,
    "name": "正善寺ダム",
    "kana": "しょうぜんじだむ",
    "address": "〒943-0811 新潟県上越市上正善寺 県道200号線",
    "prefecture": "新潟県",
    "city": "上越市",
    "genre": "湖（池）・ダム",
    "status": "現存",
    "phenomena": [
     "女性の霊",
     "心霊写真"
    ],
    "features": [],
    "totalScore": 17419,
    "nationalRank": 499,
    "prefRank": 15,
    "fearRating": 3.87,
    "ratingCount": 98,
    "outline": "正善寺ダムとは、新潟県上越市にある湖（池）・ダムの心霊スポットです。「しょうぜんじだむ」と読みます。この場所では女性の幽霊が現れるといった噂があるため心霊スポットと呼ばれています。",
    "comment": "地元の小さい記事にしか載らんが毎年１人はダムで死んでる 今年も既に１人亡くなってる 心霊関連だと奥の赤い橋の下にたくさんの手が出る、トイレに首吊った親子が出るとか",
    "imageUrl": null,
    "sourceUrl": "https://ghostmap.jp/spotdetail.php?spotcd=895"
   }
  },
  {
   "type": "Feature",
   "geometry": {
    "type": "Point",
    "coordinates": [
     134.229513,
     35.538303
    ]
   },
   "properties": {
    "spotcd": 525,
    "name": "鳥取砂丘",
    "kana": "とっとりさきゅう",
    "address": "〒680-0001 鳥取県鳥取市浜坂 山陰道",
    "prefecture": "鳥取県",
    "city": "鳥取市",
    "genre": "その他",
    "status": "現存",
    "phenomena": [
     "男性の霊"
    ],
    "features": [],
    "totalScore": 17414,
    "nationalRank": 501,
    "prefRank": 3,
    "fearRating": 2.18,
    "ratingCount": 160,
    "outline": "鳥取砂丘とは、鳥取県鳥取市にあるその他の心霊スポットです。「とっとりさきゅう」と読みます。この場所では男性の幽霊が現れるといった噂があるため心霊スポットと呼ばれています。",
    "comment": "鳥取砂丘が心スポ扱いされてる時点で、このサイトの信憑性は大いに疑問",
    "imageUrl": "https://ghostmap.jp/img/spot/display/20171121173139645.jpg",
    "sourceUrl": "https://ghostmap.jp/spotdetail.php?spotcd=525"
   }
  },
  {
   "type": "Feature",
   "geometry": {
    "type": "Point",
    "coordinates": [
     139.91055,
     36.575017
    ]
   },
   "properties": {
    "spotcd": 2535,
    "name": "第二今泉踏切",
    "kana": "だいにいまいずみふみきり",
    "address": "〒321-0961 栃木県宇都宮市今泉新町５２−１６",
    "prefecture": "栃木県",
    "city": "宇都宮市",
    "genre": "駅・踏切",
    "status": "現存",
    "phenomena": [
     "少女の霊",
     "声"
    ],
    "features": [],
    "totalScore": 17413,
    "nationalRank": 502,
    "prefRank": 13,
    "fearRating": 4.4,
    "ratingCount": 86,
    "outline": "第二今泉踏切とは、栃木県宇都宮市にあるお化け駅（お化け踏切）です。「だいにいまいずみふみきり」と読みます。この場所では少女の幽霊が現れるといった噂があるため心霊スポットと呼ばれています。",
    "comment": "少女は線路に足を挟まれたというより、地縛霊に足をつかまれていた。観音様にはぬいぐるみを供えられている。",
    "imageUrl": "https://ghostmap.jp/img/spot/display/20230105014317136.jpg",
    "sourceUrl": "https://ghostmap.jp/spotdetail.php?spotcd=2535"
   }
  },
  {
   "type": "Feature",
   "geometry": {
    "type": "Point",
    "coordinates": [
     138.948943,
     35.281975
    ]
   },
   "properties": {
    "spotcd": 329,
    "name": "二ノ岡神社",
    "kana": "にのおかじんじゃ",
    "address": "〒412-0026 静岡県御殿場市東田中１９３９ 二岡神社",
    "prefecture": "静岡県",
    "city": "御殿場市",
    "genre": "神社・寺",
    "status": "現存",
    "phenomena": [
     "男性の霊",
     "声"
    ],
    "features": [
     "神隠し"
    ],
    "totalScore": 17406,
    "nationalRank": 504,
    "prefRank": 12,
    "fearRating": 4.11,
    "ratingCount": 90,
    "outline": "二ノ岡神社とは、静岡県御殿場市にある幽霊神社（幽霊寺）です。「にのおかじんじゃ」と読みます。この場所では男性の幽霊が現れるといった噂があるため心霊スポットと呼ばれています。",
    "comment": "アメリカ兵なんていなかったぞ。 自殺した幽霊らしきものはなんかいた",
    "imageUrl": "https://ghostmap.jp/img/spot/display/20231119144046228.jpeg",
    "sourceUrl": "https://ghostmap.jp/spotdetail.php?spotcd=329"
   }
  },
  {
   "type": "Feature",
   "geometry": {
    "type": "Point",
    "coordinates": [
     137.249398,
     34.865097
    ]
   },
   "properties": {
    "spotcd": 3095,
    "name": "鉢地坂トンネル",
    "kana": "はつちざかとんねる",
    "address": "〒444-3512 愛知県岡崎市鉢地町小出ノ入 国道473号",
    "prefecture": "愛知県",
    "city": "岡崎市",
    "genre": "トンネル",
    "status": "現存",
    "phenomena": [
     "女性の霊"
    ],
    "features": [],
    "totalScore": 17404,
    "nationalRank": 508,
    "prefRank": 13,
    "fearRating": 3.55,
    "ratingCount": 102,
    "outline": "鉢地坂トンネルとは、愛知県岡崎市にあるお化けトンネルです。「はつちざかとんねる」と読みます。この場所では女性の幽霊が現れるといった噂があるため心霊スポットと呼ばれています。",
    "comment": "私も霊感がある方ですが、この場所は毎日、通勤で朝晩通っています。悪い霊は感じられませんので 安心して通行してください。",
    "imageUrl": "https://ghostmap.jp/img/spot/display/20200512184121114.jpeg",
    "sourceUrl": "https://ghostmap.jp/spotdetail.php?spotcd=3095"
   }
  },
  {
   "type": "Feature",
   "geometry": {
    "type": "Point",
    "coordinates": [
     130.928621,
     33.314481
    ]
   },
   "properties": {
    "spotcd": 1808,
    "name": "亀山公園（日隈神社）",
    "kana": "きざんこうえん（ひのくまじんじゃ）",
    "address": "〒877-0000 大分県日田市庄手６０１",
    "prefecture": "大分県",
    "city": "日田市",
    "genre": "公園・城跡",
    "status": "現存",
    "phenomena": [
     "老婆の霊"
    ],
    "features": [],
    "totalScore": 17404,
    "nationalRank": 506,
    "prefRank": 3,
    "fearRating": 3.55,
    "ratingCount": 102,
    "outline": "亀山公園（日隈神社）とは、大分県日田市にある公園・城跡の心霊スポットです。「きざんこうえん（ひのくまじんじゃ）」と読みます。この場所では老婆の幽霊が現れるといった噂があるため心霊スポットと呼ばれています。",
    "comment": "前々から噂はあったが、ついに心霊スポットとして認定されたか...",
    "imageUrl": "https://ghostmap.jp/img/spot/display/20180911051126630.jpeg",
    "sourceUrl": "https://ghostmap.jp/spotdetail.php?spotcd=1808"
   }
  },
  {
   "type": "Feature",
   "geometry": {
    "type": "Point",
    "coordinates": [
     140.201179,
     39.911662
    ]
   },
   "properties": {
    "spotcd": 830,
    "name": "保呂瀬トンネル",
    "kana": "ほろせとんねる",
    "address": "〒018-1713 秋田県南秋田郡五城目町馬場目 県道15号線",
    "prefecture": "秋田県",
    "city": "五城目町",
    "genre": "トンネル",
    "status": "現存",
    "phenomena": [
     "少年の霊"
    ],
    "features": [
     "自殺の名所"
    ],
    "totalScore": 17402,
    "nationalRank": 509,
    "prefRank": 5,
    "fearRating": 4.44,
    "ratingCount": 83,
    "outline": "保呂瀬トンネルとは、秋田県五城目町にあるお化けトンネルです。「ほろせとんねる」と読みます。この場所では少年の幽霊が現れるといった噂があるため心霊スポットと呼ばれています。",
    "comment": "もと地元民だけどなんもねえから はじめてしったわ ガセですよ",
    "imageUrl": null,
    "sourceUrl": "https://ghostmap.jp/spotdetail.php?spotcd=830"
   }
  },
  {
   "type": "Feature",
   "geometry": {
    "type": "Point",
    "coordinates": [
     129.920247,
     32.752858
    ]
   },
   "properties": {
    "spotcd": 381,
    "name": "旧日見トンネル",
    "kana": "きゅうひみとんねる",
    "address": "長崎県長崎市 県道116号線",
    "prefecture": "長崎県",
    "city": "長崎市",
    "genre": "トンネル",
    "status": "現存",
    "phenomena": [
     "女性の霊"
    ],
    "features": [],
    "totalScore": 17393,
    "nationalRank": 511,
    "prefRank": 4,
    "fearRating": 3.53,
    "ratingCount": 100,
    "outline": "旧日見トンネルとは、長崎県長崎市にあるお化けトンネルです。「きゅうひみとんねる」と読みます。この場所では女性の幽霊が現れるといった噂があるため心霊スポットと呼ばれています。",
    "comment": "毎日通勤で通ってますが完全なガセですな！ 過去にそんな大事故起こってまテン！ ちゃんと調べてからにしてほしいですなぁ、 ヒジョーに迷惑。以上！",
    "imageUrl": "https://ghostmap.jp/img/spot/display/201410251545170.jpg",
    "sourceUrl": "https://ghostmap.jp/spotdetail.php?spotcd=381"
   }
  },
  {
   "type": "Feature",
   "geometry": {
    "type": "Point",
    "coordinates": [
     138.424993,
     35.735485
    ]
   },
   "properties": {
    "spotcd": 485,
    "name": "新府城跡",
    "kana": "しんぷじょうせき",
    "address": "〒407-0262 山梨県韮崎市中田町中條４７８７",
    "prefecture": "山梨県",
    "city": "韮崎市",
    "genre": "公園・城跡",
    "status": "現存",
    "phenomena": [
     "男性の霊",
     "心霊写真"
    ],
    "features": [],
    "totalScore": 17392,
    "nationalRank": 513,
    "prefRank": 9,
    "fearRating": 4.05,
    "ratingCount": 88,
    "outline": "新府城跡とは、山梨県韮崎市にある公園・城跡の心霊スポットです。「しんぷじょうせき」と読みます。この場所では男性の幽霊が現れるといった噂があるため心霊スポットと呼ばれています。",
    "comment": "甲州名物ほうとうが良いそうです。 ほうとう(本当)だよ。",
    "imageUrl": "https://ghostmap.jp/img/spot/display/20220608011357984.jpeg",
    "sourceUrl": "https://ghostmap.jp/spotdetail.php?spotcd=485"
   }
  },
  {
   "type": "Feature",
   "geometry": {
    "type": "Point",
    "coordinates": [
     138.696276,
     37.068642
    ]
   },
   "properties": {
    "spotcd": 95,
    "name": "宮中（鷹ノ巣）ダムの上のトンネル",
    "kana": "みやなか（たかのす）だむのうえのとんねる",
    "address": "〒949-8505 新潟県十日町市宮中 国道353号線",
    "prefecture": "新潟県",
    "city": "十日町市",
    "genre": "トンネル",
    "status": "現存",
    "phenomena": [
     "男性の霊"
    ],
    "features": [],
    "totalScore": 17392,
    "nationalRank": 514,
    "prefRank": 16,
    "fearRating": 3.81,
    "ratingCount": 93,
    "outline": "宮中（鷹ノ巣）ダムの上のトンネルとは、新潟県十日町市にあるお化けトンネルです。「みやなか（たかのす）だむのうえのとんねる」と読みます。この場所では男性の幽霊が現れるといった噂があるため心霊スポットと呼ばれています。",
    "comment": "親族が阿寺の出身で廃村後にも何度か入ったことはあるが、特に何もない。朝鮮人労働者はここの話ではなかったと記憶している。",
    "imageUrl": "https://ghostmap.jp/img/spot/display/201409031505520.jpg",
    "sourceUrl": "https://ghostmap.jp/spotdetail.php?spotcd=95"
   }
  },
  {
   "type": "Feature",
   "geometry": {
    "type": "Point",
    "coordinates": [
     138.974596,
     35.332816
    ]
   },
   "properties": {
    "spotcd": 94,
    "name": "新宿区立足柄学園",
    "kana": "しんじゅくくりつあしがらがくえん",
    "address": "〒410-1313 静岡県駿東郡小山町竹之下５９９−１",
    "prefecture": "静岡県",
    "city": "小山町",
    "genre": "学校",
    "status": "現存",
    "phenomena": [
     "女性の霊"
    ],
    "features": [],
    "totalScore": 17390,
    "nationalRank": 515,
    "prefRank": 13,
    "fearRating": 3.66,
    "ratingCount": 96,
    "outline": "新宿区立足柄学園とは、静岡県小山町にある幽霊学校です。「しんじゅくくりつあしがらがくえん」と読みます。この場所では女性の幽霊が現れるといった噂があるため心霊スポットと呼ばれています。",
    "comment": "小中学校で行った足柄学園がこんなことになってたのね",
    "imageUrl": null,
    "sourceUrl": "https://ghostmap.jp/spotdetail.php?spotcd=94"
   }
  },
  {
   "type": "Feature",
   "geometry": {
    "type": "Point",
    "coordinates": [
     132.93719,
     34.390389
    ]
   },
   "properties": {
    "spotcd": 4213,
    "name": "シャンテ本郷",
    "kana": "しゃんてほんごう",
    "address": "〒729-0413 広島県三原市本郷町南方８８８３−２ ※関係者以外は立ち入り禁止、無断で入ると不法侵入になります",
    "prefecture": "広島県",
    "city": "三原市",
    "genre": "ホテル・旅館",
    "status": "現存",
    "phenomena": [
     "男性の霊",
     "声"
    ],
    "features": [
     "廃墟",
     "広島県の廃墟"
    ],
    "totalScore": 17385,
    "nationalRank": 518,
    "prefRank": 14,
    "fearRating": 3.87,
    "ratingCount": 90,
    "outline": "シャンテ本郷とは、広島県三原市にある心霊廃墟です。「しゃんてほんごう」と読みます。この場所では男性の幽霊が現れるといった噂があるため心霊スポットと呼ばれています。",
    "comment": "書き忘れましたが、裏手の中国モーテルは2014～2017年あたりに火災で焼失しています。",
    "imageUrl": "https://ghostmap.jp/img/spot/display/20250903230539047.jpeg",
    "sourceUrl": "https://ghostmap.jp/spotdetail.php?spotcd=4213"
   }
  },
  {
   "type": "Feature",
   "geometry": {
    "type": "Point",
    "coordinates": [
     129.93302,
     33.549073
    ]
   },
   "properties": {
    "spotcd": 31,
    "name": "七ツ釜",
    "kana": "ななつがま",
    "address": "〒847-0135 佐賀県唐津市屋形石３６１８−１４３",
    "prefecture": "佐賀県",
    "city": "唐津市",
    "genre": "海",
    "status": "現存",
    "phenomena": [
     "女性の霊"
    ],
    "features": [],
    "totalScore": 17385,
    "nationalRank": 517,
    "prefRank": 3,
    "fearRating": 3.65,
    "ratingCount": 95,
    "outline": "七ツ釜とは、佐賀県唐津市にある海の心霊スポットです。「ななつがま」と読みます。この場所では女性の幽霊が現れるといった噂があるため心霊スポットと呼ばれています。",
    "comment": "飛び込むにしては高さが低すぎるよな。",
    "imageUrl": null,
    "sourceUrl": "https://ghostmap.jp/spotdetail.php?spotcd=31"
   }
  },
  {
   "type": "Feature",
   "geometry": {
    "type": "Point",
    "coordinates": [
     137.025466,
     35.01361
    ]
   },
   "properties": {
    "spotcd": 607,
    "name": "一ツ木駅",
    "kana": "ひとつぎえき",
    "address": "〒448-0003 愛知県刈谷市一ツ木町５丁目５−２",
    "prefecture": "愛知県",
    "city": "刈谷市",
    "genre": "駅・踏切",
    "status": "現存",
    "phenomena": [
     "男性の霊"
    ],
    "features": [],
    "totalScore": 17380,
    "nationalRank": 521,
    "prefRank": 14,
    "fearRating": 3.22,
    "ratingCount": 105,
    "outline": "一ツ木駅とは、愛知県刈谷市にあるお化け駅（お化け踏切）です。「ひとつぎえき」と読みます。この場所では男性の幽霊が現れるといった噂があるため心霊スポットと呼ばれています。",
    "comment": "市内在住の者だけどここが自殺の名所とは初耳。 富士松駅と洲原池は自殺・心霊スポットと聞いたことがある。",
    "imageUrl": "https://ghostmap.jp/img/spot/display/20260420171656672.jpg",
    "sourceUrl": "https://ghostmap.jp/spotdetail.php?spotcd=607"
   }
  },
  {
   "type": "Feature",
   "geometry": {
    "type": "Point",
    "coordinates": [
     130.254128,
     32.628919
    ]
   },
   "properties": {
    "spotcd": 229,
    "name": "原城跡",
    "kana": "はらじょうあと",
    "address": "〒859-2412 長崎県南島原市南有馬町乙４８９",
    "prefecture": "長崎県",
    "city": "島原市",
    "genre": "公園・城跡",
    "status": "現存",
    "phenomena": [
     "男性の霊"
    ],
    "features": [],
    "totalScore": 17380,
    "nationalRank": 520,
    "prefRank": 5,
    "fearRating": 3.32,
    "ratingCount": 102,
    "outline": "原城跡とは、長崎県島原市にある公園・城跡の心霊スポットです。「はらじょうあと」と読みます。この場所では男性の幽霊が現れるといった噂があるため心霊スポットと呼ばれています。",
    "comment": "ここは今でも人の骨がたくさん埋まっているらしい 霊感のない人でもここにくると肩が重くなったり、金縛りにあって動けなくなることがある まだまだ成仏できない霊が彷徨っているんだろう",
    "imageUrl": "https://ghostmap.jp/img/spot/display/20250120071650553.jpeg",
    "sourceUrl": "https://ghostmap.jp/spotdetail.php?spotcd=229"
   }
  },
  {
   "type": "Feature",
   "geometry": {
    "type": "Point",
    "coordinates": [
     136.661958,
     36.612198
    ]
   },
   "properties": {
    "spotcd": 631,
    "name": "天狗の森（八坂神社）",
    "kana": "てんぐのもり（やさかじんじゃ）",
    "address": "〒920-0204 石川県金沢市千田町イ−３５",
    "prefecture": "石川県",
    "city": "金沢市",
    "genre": "神社・寺",
    "status": "現存",
    "phenomena": [
     "女性の霊",
     "足音",
     "声"
    ],
    "features": [],
    "totalScore": 17379,
    "nationalRank": 522,
    "prefRank": 3,
    "fearRating": 3.71,
    "ratingCount": 92,
    "outline": "天狗の森（八坂神社）とは、石川県金沢市にある幽霊神社（幽霊寺）です。「てんぐのもり（やさかじんじゃ）」と読みます。この場所では女性の幽霊が現れるといった噂があるため心霊スポットと呼ばれています。",
    "comment": "ここ散歩した後、毎回肩が痛くなってました。霊の仕業だったのかな。",
    "imageUrl": "https://ghostmap.jp/img/spot/display/20251005022811125.jpg",
    "sourceUrl": "https://ghostmap.jp/spotdetail.php?spotcd=631"
   }
  },
  {
   "type": "Feature",
   "geometry": {
    "type": "Point",
    "coordinates": [
     135.802205,
     34.991006
    ]
   },
   "properties": {
    "spotcd": 116,
    "name": "厨子奥トンネル",
    "kana": "ずしおくとんねる",
    "address": "〒607-8429 京都府京都市山科区御陵荒巻町２７−７",
    "prefecture": "京都府",
    "city": "京都市",
    "genre": "トンネル",
    "status": "現存",
    "phenomena": [
     "正体不明の霊",
     "祟り"
    ],
    "features": [],
    "totalScore": 17378,
    "nationalRank": 525,
    "prefRank": 11,
    "fearRating": 4.27,
    "ratingCount": 81,
    "outline": "厨子奥トンネルとは、京都府京都市にあるお化けトンネルです。「ずしおくとんねる」と読みます。この場所では正体不明の幽霊が現れるといった噂があるため心霊スポットと呼ばれています。",
    "comment": "壁に描かれた観音様は狩野芳崖の作と言われています。",
    "imageUrl": "https://ghostmap.jp/img/spot/display/20230420232459808.jpg",
    "sourceUrl": "https://ghostmap.jp/spotdetail.php?spotcd=116"
   }
  },
  {
   "type": "Feature",
   "geometry": {
    "type": "Point",
    "coordinates": [
     136.967529,
     34.87309
    ]
   },
   "properties": {
    "spotcd": 3308,
    "name": "衣浦トンネル(衣浦海底トンネル)",
    "kana": "きぬうらとんねる(きぬうらかいていとんねる)",
    "address": "〒447-0844 愛知県碧南市港本町",
    "prefecture": "愛知県",
    "city": "碧南市",
    "genre": "トンネル",
    "status": "現存",
    "phenomena": [
     "少女の霊"
    ],
    "features": [],
    "totalScore": 17375,
    "nationalRank": 527,
    "prefRank": 15,
    "fearRating": 3.42,
    "ratingCount": 98,
    "outline": "衣浦トンネル(衣浦海底トンネル) とは、愛知県碧南市にあるお化けトンネルです。「きぬうらとんねる(きぬうらかいていとんねる) 」と読みます。この場所では少女の幽霊が現れるといった噂があるため心霊スポットと呼ばれています。",
    "comment": "9月に通ったことがありますが、エアコンが異常に効いてて寒いほどでした。常にラジオが流れていますので足音とかは聞こえません",
    "imageUrl": "https://ghostmap.jp/img/spot/display/20230129001814154.jpeg",
    "sourceUrl": "https://ghostmap.jp/spotdetail.php?spotcd=3308"
   }
  },
  {
   "type": "Feature",
   "geometry": {
    "type": "Point",
    "coordinates": [
     139.423561,
     36.415621
    ]
   },
   "properties": {
    "spotcd": 508,
    "name": "猪子トンネル",
    "kana": "いのことんねる",
    "address": "栃木県足利市 県道218号線",
    "prefecture": "栃木県",
    "city": "足利市",
    "genre": "トンネル",
    "status": "現存",
    "phenomena": [
     "女性の霊"
    ],
    "features": [],
    "totalScore": 17373,
    "nationalRank": 529,
    "prefRank": 14,
    "fearRating": 4.03,
    "ratingCount": 84,
    "outline": "猪子トンネルとは、栃木県足利市にあるお化けトンネルです。「いのことんねる」と読みます。この場所では女性の幽霊が現れるといった噂があるため心霊スポットと呼ばれています。",
    "comment": "猪子トンネルが載ってるなら、松田ダムも載っててもいいような…",
    "imageUrl": "https://ghostmap.jp/img/spot/display/20170327225011402.jpg",
    "sourceUrl": "https://ghostmap.jp/spotdetail.php?spotcd=508"
   }
  },
  {
   "type": "Feature",
   "geometry": {
    "type": "Point",
    "coordinates": [
     136.773483,
     35.419513
    ]
   },
   "properties": {
    "spotcd": 322,
    "name": "鶯谷トンネル",
    "kana": "うぐいすだにとんねる",
    "address": "〒500-8121 岐阜県岐阜市上加納山 県道152号線",
    "prefecture": "岐阜県",
    "city": "岐阜市",
    "genre": "トンネル",
    "status": "現存",
    "phenomena": [
     "女性の霊"
    ],
    "features": [],
    "totalScore": 17373,
    "nationalRank": 528,
    "prefRank": 8,
    "fearRating": 3.36,
    "ratingCount": 99,
    "outline": "鶯谷トンネルとは、岐阜県岐阜市にあるお化けトンネルです。「うぐいすだにとんねる」と読みます。この場所では女性の幽霊が現れるといった噂があるため心霊スポットと呼ばれています。",
    "comment": "よく通るが、古いトンネルなのでそれらしい雰囲気があるだけ。改修して近代化すれば、そんな噂も無くなるでしょうね。地元では便利なトンネル。",
    "imageUrl": "https://ghostmap.jp/img/spot/display/20170709010543215.JPG",
    "sourceUrl": "https://ghostmap.jp/spotdetail.php?spotcd=322"
   }
  },
  {
   "type": "Feature",
   "geometry": {
    "type": "Point",
    "coordinates": [
     140.406421,
     36.755764
    ]
   },
   "properties": {
    "spotcd": 2645,
    "name": "月居隧道(旧月居トンネル)",
    "kana": "つきおれずいどう(きゅうつきおれとんねる)",
    "address": "〒319-3523 茨城県久慈郡大子町大字袋田１０７４",
    "prefecture": "茨城県",
    "city": "大子町",
    "genre": "トンネル",
    "status": "現存",
    "phenomena": [
     "少年の霊",
     "足音"
    ],
    "features": [],
    "totalScore": 17369,
    "nationalRank": 533,
    "prefRank": 8,
    "fearRating": 4.21,
    "ratingCount": 80,
    "outline": "月居隧道(旧月居トンネル)とは、茨城県大子町にあるお化けトンネルです。「つきおれずいどう(きゅうつきおれとんねる)」と読みます。この場所では少年の幽霊が現れるといった噂があるため心霊スポットと呼ばれています。",
    "comment": "順位や注目度は低いですが、夜に行ってみるとかなり雰囲気がある場所です",
    "imageUrl": "https://ghostmap.jp/img/spot/display/20241215204124099.png",
    "sourceUrl": "https://ghostmap.jp/spotdetail.php?spotcd=2645"
   }
  },
  {
   "type": "Feature",
   "geometry": {
    "type": "Point",
    "coordinates": [
     138.848721,
     35.094093
    ]
   },
   "properties": {
    "spotcd": 555,
    "name": "千本浜の首塚",
    "kana": "せんぼんはまのくびづか",
    "address": "〒410-0867 静岡県沼津市本１９１０−１８５",
    "prefecture": "静岡県",
    "city": "沼津市",
    "genre": "墓地・慰霊碑",
    "status": "現存",
    "phenomena": [
     "男性の霊"
    ],
    "features": [],
    "totalScore": 17368,
    "nationalRank": 534,
    "prefRank": 14,
    "fearRating": 3.78,
    "ratingCount": 88,
    "outline": "千本浜の首塚とは、静岡県沼津市にある墓地・慰霊碑の心霊スポットです。「せんぼんはまのくびづか」と読みます。この場所では男性の幽霊が現れるといった噂があるため心霊スポットと呼ばれています。",
    "comment": "千本浜公園から眺める富士山は綺麗だという話です。",
    "imageUrl": "https://ghostmap.jp/img/spot/display/201508211144030.jpg",
    "sourceUrl": "https://ghostmap.jp/spotdetail.php?spotcd=555"
   }
  },
  {
   "type": "Feature",
   "geometry": {
    "type": "Point",
    "coordinates": [
     138.340847,
     34.908907
    ]
   },
   "properties": {
    "spotcd": 948,
    "name": "日本坂トンネル",
    "kana": "にほんざかとんねる",
    "address": "静岡県焼津市東名高速道路上り右ルート",
    "prefecture": "静岡県",
    "city": "焼津市",
    "genre": "トンネル",
    "status": "現存",
    "phenomena": [
     "男性の霊"
    ],
    "features": [],
    "totalScore": 17365,
    "nationalRank": 535,
    "prefRank": 15,
    "fearRating": 3.65,
    "ratingCount": 90,
    "outline": "日本坂トンネルとは、静岡県焼津市にあるお化けトンネルです。「にほんざかとんねる」と読みます。この場所では男性の幽霊が現れるといった噂があるため心霊スポットと呼ばれています。",
    "comment": "うちのおじいさんが昔、消防士でこの現場に駆けつけたそうですが 火が強すぎて、救助が大変だったそうです。",
    "imageUrl": null,
    "sourceUrl": "https://ghostmap.jp/spotdetail.php?spotcd=948"
   }
  },
  {
   "type": "Feature",
   "geometry": {
    "type": "Point",
    "coordinates": [
     133.987632,
     35.099064
    ]
   },
   "properties": {
    "spotcd": 4697,
    "name": "作州街道一家心中の家",
    "kana": "さくしゅうかいどういっかしんじゅうのいえ",
    "address": "〒708-0815 岡山県津山市一宮７５８−９ ※関係者以外は立ち入り禁止、無断で入ると不法侵入になります",
    "prefecture": "岡山県",
    "city": "津山市",
    "genre": "住居",
    "status": "現存",
    "phenomena": [
     "正体不明の霊",
     "人影"
    ],
    "features": [
     "廃墟",
     "岡山県の廃墟"
    ],
    "totalScore": 17364,
    "nationalRank": 536,
    "prefRank": 8,
    "fearRating": 3.64,
    "ratingCount": 90,
    "outline": "作州街道一家心中の家とは、岡山県津山市にある心霊廃墟です。「さくしゅうかいどういっかしんじゅうのいえ」と読みます。この場所では正体不明の幽霊が現れるといった噂があるため心霊スポットと呼ばれています。",
    "comment": "ここは建築途中で施主に不正が発覚し、計画は頓挫し誰も住むことなく廃墟になった。心中など当然起きていない。見た目と立地の悪さだけで心霊スポットに上り詰めた実力派です。",
    "imageUrl": "https://ghostmap.jp/img/spot/display/20241027213605174.jpg",
    "sourceUrl": "https://ghostmap.jp/spotdetail.php?spotcd=4697"
   }
  },
  {
   "type": "Feature",
   "geometry": {
    "type": "Point",
    "coordinates": [
     132.462738,
     34.34044
    ]
   },
   "properties": {
    "spotcd": 1329,
    "name": "元宇品灯台",
    "kana": "もとうじなとうだい",
    "address": "〒734-0012 広島県広島市南区元宇品町２４ 宇品燈台 ※関係者以外は立ち入り禁止、無断で入ると不法侵入になります",
    "prefecture": "広島県",
    "city": "広島市",
    "genre": "公園・城跡",
    "status": "現存",
    "phenomena": [
     "女性の霊"
    ],
    "features": [
     "廃墟",
     "広島県の廃墟"
    ],
    "totalScore": 17364,
    "nationalRank": 537,
    "prefRank": 15,
    "fearRating": 3.64,
    "ratingCount": 90,
    "outline": "元宇品灯台とは、広島県広島市にある心霊廃墟です。「もとうじなとうだい」と読みます。この場所では女性の幽霊が現れるといった噂があるため心霊スポットと呼ばれています。",
    "comment": "山にいるのに海の音が聞こえる不思議な場所。 この大木とはちょっと離れた場所に南無阿弥陀仏と掘られた木がある。",
    "imageUrl": "https://ghostmap.jp/img/spot/display/20170916104515881.JPG",
    "sourceUrl": "https://ghostmap.jp/spotdetail.php?spotcd=1329"
   }
  },
  {
   "type": "Feature",
   "geometry": {
    "type": "Point",
    "coordinates": [
     138.310522,
     35.873603
    ]
   },
   "properties": {
    "spotcd": 476,
    "name": "すずらん池",
    "kana": "すずらんいけ",
    "address": "〒408-0044 山梨県北杜市小淵沢町２７５３",
    "prefecture": "山梨県",
    "city": "北杜市",
    "genre": "湖（池）・ダム",
    "status": "現存",
    "phenomena": [
     "老婆の霊"
    ],
    "features": [
     "稲川淳二"
    ],
    "totalScore": 17361,
    "nationalRank": 540,
    "prefRank": 10,
    "fearRating": 4.06,
    "ratingCount": 81,
    "outline": "すずらん池とは、山梨県北杜市にある湖（池）・ダムの心霊スポットです。「すずらんいけ」と読みます。この場所では老婆の幽霊が現れるといった噂があるため心霊スポットと呼ばれています。",
    "comment": "そういえば、稲川淳二の話にそんなのあったな。ここは昔、今みたいにきれいに整備されていなくて、鬱蒼とした沼だったとか。",
    "imageUrl": "https://ghostmap.jp/img/spot/display/201504052131000.jpg",
    "sourceUrl": "https://ghostmap.jp/spotdetail.php?spotcd=476"
   }
  },
  {
   "type": "Feature",
   "geometry": {
    "type": "Point",
    "coordinates": [
     140.891571,
     39.106237
    ]
   },
   "properties": {
    "spotcd": 1157,
    "name": "猿岩隧道",
    "kana": "さるいわずいどう",
    "address": "岩手県奥州市 栗駒焼石ほっとライン",
    "prefecture": "岩手県",
    "city": "奥州市",
    "genre": "トンネル",
    "status": "現存",
    "phenomena": [
     "女性の霊",
     "声"
    ],
    "features": [],
    "totalScore": 17359,
    "nationalRank": 547,
    "prefRank": 11,
    "fearRating": 4.32,
    "ratingCount": 76,
    "outline": "猿岩隧道とは、岩手県奥州市にあるお化けトンネルです。「さるいわずいどう」と読みます。この場所では女性の幽霊が現れるといった噂があるため心霊スポットと呼ばれています。",
    "comment": "管理人殿、お疲れ様です。 検索でヒットしたサイトに載っている水没前の遠景写真とストリートビュー(山の形等)から 地図上の位置でほぼ合っている(幽霊くんの場所はトンネルの中ほど)と思われます。",
    "imageUrl": "https://ghostmap.jp/img/spot/display/20200329145228207.gif",
    "sourceUrl": "https://ghostmap.jp/spotdetail.php?spotcd=1157"
   }
  },
  {
   "type": "Feature",
   "geometry": {
    "type": "Point",
    "coordinates": [
     140.504716,
     37.971163
    ]
   },
   "properties": {
    "spotcd": 7,
    "name": "七ヶ宿ダム",
    "kana": "しちかしゅくだむ",
    "address": "〒989-0535 宮城県刈田郡七ヶ宿町野沢倉山２",
    "prefecture": "宮城県",
    "city": "七ヶ宿町",
    "genre": "湖（池）・ダム",
    "status": "現存",
    "phenomena": [
     "女性の霊",
     "声"
    ],
    "features": [],
    "totalScore": 17359,
    "nationalRank": 546,
    "prefRank": 9,
    "fearRating": 3.54,
    "ratingCount": 91,
    "outline": "七ヶ宿ダムとは、宮城県七ヶ宿町にある湖（池）・ダムの心霊スポットです。「しちかしゅくだむ」と読みます。この場所では女性の幽霊が現れるといった噂があるため心霊スポットと呼ばれています。",
    "comment": "水面から手が伸びているって話もあるね あの世に引きずりこもうとしているんだろう",
    "imageUrl": null,
    "sourceUrl": "https://ghostmap.jp/spotdetail.php?spotcd=7"
   }
  },
  {
   "type": "Feature",
   "geometry": {
    "type": "Point",
    "coordinates": [
     136.971008,
     35.141349
    ]
   },
   "properties": {
    "spotcd": 298,
    "name": "八事霊園",
    "kana": "やごとれいえん",
    "address": "〒468-0071 愛知県名古屋市天白区天白町大字八事裏山６９",
    "prefecture": "愛知県",
    "city": "名古屋市",
    "genre": "墓地・慰霊碑",
    "status": "現存",
    "phenomena": [
     "老婆の霊",
     "足音"
    ],
    "features": [],
    "totalScore": 17359,
    "nationalRank": 544,
    "prefRank": 16,
    "fearRating": 3.46,
    "ratingCount": 93,
    "outline": "八事霊園とは、愛知県名古屋市にある墓地・慰霊碑の心霊スポットです。「やごとれいえん」と読みます。この場所では老婆の幽霊が現れるといった噂があるため心霊スポットと呼ばれています。",
    "comment": "入り口にある花屋でコイツが いつも寝てるイメージしかないわ 民家も近いし、あまり出るイメージないわ",
    "imageUrl": "https://ghostmap.jp/img/spot/display/201406141810550.jpg",
    "sourceUrl": "https://ghostmap.jp/spotdetail.php?spotcd=298"
   }
  },
  {
   "type": "Feature",
   "geometry": {
    "type": "Point",
    "coordinates": [
     134.033065,
     34.32985
    ]
   },
   "properties": {
    "spotcd": 368,
    "name": "栗林トンネル",
    "kana": "りつりんとんねる",
    "address": "香川県高松市 県道172号線",
    "prefecture": "香川県",
    "city": "高松市",
    "genre": "トンネル",
    "status": "現存",
    "phenomena": [
     "女性の霊"
    ],
    "features": [],
    "totalScore": 17359,
    "nationalRank": 541,
    "prefRank": 7,
    "fearRating": 3.5,
    "ratingCount": 92,
    "outline": "栗林トンネルとは、香川県高松市にあるお化けトンネルです。「りつりんとんねる」と読みます。この場所では女性の幽霊が現れるといった噂があるため心霊スポットと呼ばれています。",
    "comment": "紫雲山の墓地群の写真を投稿しました。トンネルの北から下降する道があります。",
    "imageUrl": "https://ghostmap.jp/img/spot/display/20160628101320267.JPG",
    "sourceUrl": "https://ghostmap.jp/spotdetail.php?spotcd=368"
   }
  },
  {
   "type": "Feature",
   "geometry": {
    "type": "Point",
    "coordinates": [
     139.069898,
     34.818009
    ]
   },
   "properties": {
    "spotcd": 340,
    "name": "ホテル浜山（廃旅館H）",
    "kana": "ほてるはまやま（はいりょかんH）",
    "address": "〒413-0302 静岡県賀茂郡東伊豆町奈良本１２４７−５６ ※関係者以外は立ち入り禁止、無断で入ると不法侵入になります",
    "prefecture": "静岡県",
    "city": "東伊豆町",
    "genre": "ホテル・旅館",
    "status": "現存",
    "phenomena": [
     "男性の霊",
     "心霊写真"
    ],
    "features": [
     "廃墟",
     "静岡県の廃墟"
    ],
    "totalScore": 17352,
    "nationalRank": 549,
    "prefRank": 16,
    "fearRating": 3.64,
    "ratingCount": 87,
    "outline": "ホテル浜山（廃旅館H）とは、静岡県東伊豆町にある心霊廃墟です。「ほてるはまやま（はいりょかんH）」と読みます。この場所では男性の幽霊が現れるといった噂があるため心霊スポットと呼ばれています。",
    "comment": "ここ行ってきたけど さつまゴキブリいたよ！ 怖いより気持ち悪い場所やった お風呂場狭いしそりゃー潰れるよ 2020年３月に行ったんですが まだ存在しますよ。",
    "imageUrl": "https://ghostmap.jp/img/spot/display/201408092321470.jpg",
    "sourceUrl": "https://ghostmap.jp/spotdetail.php?spotcd=340"
   }
  },
  {
   "type": "Feature",
   "geometry": {
    "type": "Point",
    "coordinates": [
     133.912176,
     34.661074
    ]
   },
   "properties": {
    "spotcd": 2865,
    "name": "島田地下道",
    "kana": "しまだちかどう",
    "address": "〒700-0982 岡山県岡山市北区中島田町１丁目２−１",
    "prefecture": "岡山県",
    "city": "岡山市",
    "genre": "駅・踏切",
    "status": "現存",
    "phenomena": [
     "女性の霊"
    ],
    "features": [],
    "totalScore": 17351,
    "nationalRank": 550,
    "prefRank": 9,
    "fearRating": 3.59,
    "ratingCount": 88,
    "outline": "島田地下道とは、岡山県岡山市にあるお化け駅（お化け踏切）です。「しまだちかどう」と読みます。この場所では女性の幽霊が現れるといった噂があるため心霊スポットと呼ばれています。",
    "comment": "明るいし何も無かった。 有名心霊ユーチューバーも取り上げてて、怖い場所みたいなサムネや内容にしてるから夜中に行ってみたが、そうでもなかった。 普通に交通量が多いし人も歩いてる。",
    "imageUrl": "https://ghostmap.jp/img/spot/display/20240516155438785.JPG",
    "sourceUrl": "https://ghostmap.jp/spotdetail.php?spotcd=2865"
   }
  },
  {
   "type": "Feature",
   "geometry": {
    "type": "Point",
    "coordinates": [
     132.633557,
     34.283702
    ]
   },
   "properties": {
    "spotcd": 1081,
    "name": "黒瀬トンネル（旧二級峡トンネル）",
    "kana": "くろせとんねる（きゅうにきゅうきょうとんねる）",
    "address": "〒737-0161 広島県呉市郷原町２４６０",
    "prefecture": "広島県",
    "city": "呉市",
    "genre": "トンネル",
    "status": "現存",
    "phenomena": [
     "男性の霊",
     "心霊写真"
    ],
    "features": [],
    "totalScore": 17337,
    "nationalRank": 555,
    "prefRank": 16,
    "fearRating": 3.47,
    "ratingCount": 87,
    "outline": "黒瀬トンネル（旧二級峡トンネル）とは、広島県呉市にあるお化けトンネルです。「くろせとんねる（きゅうにきゅうきょうとんねる）」と読みます。この場所では男性の幽霊が現れるといった噂があるため心霊スポットと呼ばれています。",
    "comment": "近くに墓場もあるから出そうではある。",
    "imageUrl": "https://ghostmap.jp/img/spot/display/20211122175340525.jpeg",
    "sourceUrl": "https://ghostmap.jp/spotdetail.php?spotcd=1081"
   }
  },
  {
   "type": "Feature",
   "geometry": {
    "type": "Point",
    "coordinates": [
     140.852949,
     38.113503
    ]
   },
   "properties": {
    "spotcd": 3712,
    "name": "朝日山公園",
    "kana": "あさひやまこうえん",
    "address": "〒989-2456 宮城県岩沼市松ケ丘４丁目１−１３",
    "prefecture": "宮城県",
    "city": "岩沼市",
    "genre": "公園・城跡",
    "status": "現存",
    "phenomena": [
     "正体不明の霊",
     "声"
    ],
    "features": [],
    "totalScore": 17330,
    "nationalRank": 559,
    "prefRank": 10,
    "fearRating": 3.39,
    "ratingCount": 87,
    "outline": "朝日山公園とは、宮城県岩沼市にある公園・城跡の心霊スポットです。「あさひやまこうえん」と読みます。この場所では正体不明の幽霊が現れるといった噂があるため心霊スポットと呼ばれています。",
    "comment": "藤棚の下でくびつり自殺してるよ。",
    "imageUrl": "https://ghostmap.jp/img/spot/display/20250312151342340.jpeg",
    "sourceUrl": "https://ghostmap.jp/spotdetail.php?spotcd=3712"
   }
  },
  {
   "type": "Feature",
   "geometry": {
    "type": "Point",
    "coordinates": [
     136.445782,
     35.015445
    ]
   },
   "properties": {
    "spotcd": 4273,
    "name": "杉屋（湯の山温泉）",
    "kana": "すぎや（ゆのやまおんせん）",
    "address": "〒510-1233 三重県三重郡菰野町菰野８５４１−１６ ※関係者以外は立ち入り禁止、無断で入ると不法侵入になります",
    "prefecture": "三重県",
    "city": "菰野町",
    "genre": "ホテル・旅館",
    "status": "現存",
    "phenomena": [
     "正体不明の霊"
    ],
    "features": [
     "廃墟",
     "三重県の廃墟"
    ],
    "totalScore": 17328,
    "nationalRank": 561,
    "prefRank": 8,
    "fearRating": 4.09,
    "ratingCount": 73,
    "outline": "杉屋（湯の山温泉）とは、三重県菰野町にある心霊廃墟です。「すぎや（ゆのやまおんせん）」と読みます。この場所では正体不明の幽霊が現れるといった噂があるため心霊スポットと呼ばれています。",
    "comment": "廃旅館ですが、旅館の割に上下左右に入り組んでいて迷う可能性が大です 地下2階に行くルートがあるようで、そこにある仏壇の間でお経が聞こえるという噂があります",
    "imageUrl": "https://ghostmap.jp/img/spot/display/20240429102753287.jpeg",
    "sourceUrl": "https://ghostmap.jp/spotdetail.php?spotcd=4273"
   }
  },
  {
   "type": "Feature",
   "geometry": {
    "type": "Point",
    "coordinates": [
     141.404899,
     38.790402
    ]
   },
   "properties": {
    "spotcd": 1268,
    "name": "大籠地区の隠れキリシタン関連遺跡",
    "kana": "おおかごちくのかくれきりしたんかんれんいせき",
    "address": "〒029-3522 岩手県一関市藤沢町大籠 県道295号線",
    "prefecture": "岩手県",
    "city": "一関市",
    "genre": "その他",
    "status": "現存",
    "phenomena": [
     "男性の霊"
    ],
    "features": [],
    "totalScore": 17325,
    "nationalRank": 562,
    "prefRank": 12,
    "fearRating": 4.3,
    "ratingCount": 69,
    "outline": "大籠地区の隠れキリシタン関連遺跡とは、岩手県一関市にあるその他の心霊スポットです。「おおかごちくのかくれきりしたんかんれんいせき」と読みます。この場所では女性の幽霊が現れるといった噂があるため心霊スポットと呼ばれています。",
    "comment": "観光スポットにも亡霊が出るんですね。",
    "imageUrl": "https://ghostmap.jp/img/spot/display/20240706031345711.jpeg",
    "sourceUrl": "https://ghostmap.jp/spotdetail.php?spotcd=1268"
   }
  },
  {
   "type": "Feature",
   "geometry": {
    "type": "Point",
    "coordinates": [
     136.66677,
     36.532493
    ]
   },
   "properties": {
    "spotcd": 716,
    "name": "野田山墓地（前田家の墓）",
    "kana": "のだやまぼち（まえだけのはか）",
    "address": "〒921-8104 石川県金沢市野田町 山側環状",
    "prefecture": "石川県",
    "city": "金沢市",
    "genre": "墓地・慰霊碑",
    "status": "現存",
    "phenomena": [
     "女性の霊"
    ],
    "features": [],
    "totalScore": 17321,
    "nationalRank": 565,
    "prefRank": 4,
    "fearRating": 3.51,
    "ratingCount": 82,
    "outline": "野田山墓地（前田家の墓）とは、石川県金沢市にある墓地・慰霊碑の心霊スポットです。「のだやまぼち（まえだけのはか）」と読みます。この場所では女性の幽霊が現れるといった噂があるため心霊スポットと呼ばれています。",
    "comment": "夜中に訪れたら五十がらみの男女が車の中でことにおよんでた。ある意味、心霊よりも恐ろしかった。",
    "imageUrl": null,
    "sourceUrl": "https://ghostmap.jp/spotdetail.php?spotcd=716"
   }
  },
  {
   "type": "Feature",
   "geometry": {
    "type": "Point",
    "coordinates": [
     138.17526,
     36.670725
    ]
   },
   "properties": {
    "spotcd": 466,
    "name": "七曲りにある一本松",
    "kana": "ななまがりにあるいっぽんまつ",
    "address": "長野県長野市浅川一ノ瀬",
    "prefecture": "長野県",
    "city": "長野市",
    "genre": "樹木",
    "status": "現存",
    "phenomena": [
     "男性の霊"
    ],
    "features": [],
    "totalScore": 17320,
    "nationalRank": 566,
    "prefRank": 7,
    "fearRating": 3.45,
    "ratingCount": 83,
    "outline": "七曲りにある一本松とは、長野県長野市にある樹木の心霊スポットです。「ななまがりにあるいっぽんまつ」と読みます。この場所では男性の幽霊が現れるといった噂があるため心霊スポットと呼ばれています。",
    "comment": "この界隈は長野市随一のオカルト地帯だね。 近間にスポットが多いから散策が捗る。",
    "imageUrl": "https://ghostmap.jp/img/spot/display/20160726194119521.jpeg",
    "sourceUrl": "https://ghostmap.jp/spotdetail.php?spotcd=466"
   }
  },
  {
   "type": "Feature",
   "geometry": {
    "type": "Point",
    "coordinates": [
     130.432347,
     31.65226
    ]
   },
   "properties": {
    "spotcd": 4555,
    "name": "麦生田のコンビニ跡(幽霊コンビニ跡地)",
    "kana": "むぎうだのこんびにあと(ゆうれいこんびにあとち)",
    "address": "〒899-2513 鹿児島県日置市伊集院町麦生田５３５−１ ※関係者以外は立ち入り禁止、無断で入ると不法侵入になります",
    "prefecture": "鹿児島県",
    "city": "日置市",
    "genre": "商業施設",
    "status": "現存",
    "phenomena": [
     "男性の霊",
     "人影"
    ],
    "features": [
     "廃墟",
     "鹿児島県の廃墟",
     "処刑場"
    ],
    "totalScore": 17314,
    "nationalRank": 568,
    "prefRank": 7,
    "fearRating": 3.01,
    "ratingCount": 92,
    "outline": "麦生田のコンビニ跡(幽霊コンビニ跡地)とは、鹿児島県日置市にある心霊廃墟です。「むぎうだのこんびにあと(ゆうれいこんびにあとち)」と読みます。この場所では男性の幽霊が現れるといった噂があるため心霊スポットと呼ばれています。",
    "comment": "和洋食レストラン チ◯◯トでしたね。",
    "imageUrl": "https://ghostmap.jp/img/spot/display/20240622055407805.png",
    "sourceUrl": "https://ghostmap.jp/spotdetail.php?spotcd=4555"
   }
  },
  {
   "type": "Feature",
   "geometry": {
    "type": "Point",
    "coordinates": [
     134.240019,
     35.507405
    ]
   },
   "properties": {
    "spotcd": 310,
    "name": "鳥取城跡",
    "kana": "とっとりじょうせき",
    "address": "〒680-0011 鳥取県鳥取市東町２丁目１０４",
    "prefecture": "鳥取県",
    "city": "鳥取市",
    "genre": "公園・城跡",
    "status": "現存",
    "phenomena": [
     "女性の霊",
     "声"
    ],
    "features": [],
    "totalScore": 17313,
    "nationalRank": 570,
    "prefRank": 4,
    "fearRating": 2.73,
    "ratingCount": 100,
    "outline": "鳥取城跡とは、鳥取県鳥取市にある公園・城跡の心霊スポットです。「とっとりじょうせき」と読みます。この場所では女性の幽霊が現れるといった噂があるため心霊スポットと呼ばれています。",
    "comment": "映っちゃったでしてるよ‼",
    "imageUrl": "https://ghostmap.jp/img/spot/display/201407022202210.jpg",
    "sourceUrl": "https://ghostmap.jp/spotdetail.php?spotcd=310"
   }
  },
  {
   "type": "Feature",
   "geometry": {
    "type": "Point",
    "coordinates": [
     136.854348,
     34.477364
    ]
   },
   "properties": {
    "spotcd": 1474,
    "name": "鳥羽ロイヤルホテル",
    "kana": "とばろいやるほてる",
    "address": "〒517-0021 三重県鳥羽市安楽島町１０７５−７３ ※関係者以外は立ち入り禁止、無断で入ると不法侵入になります",
    "prefecture": "三重県",
    "city": "鳥羽市",
    "genre": "ホテル・旅館",
    "status": "現存",
    "phenomena": [
     "男性の霊"
    ],
    "features": [
     "廃墟",
     "三重県の廃墟"
    ],
    "totalScore": 17308,
    "nationalRank": 572,
    "prefRank": 9,
    "fearRating": 3.58,
    "ratingCount": 80,
    "outline": "鳥羽ロイヤルホテルとは、三重県鳥羽市にある心霊廃墟です。「とばろいやるほてる」と読みます。この場所では男性の幽霊が現れるといった噂があるため心霊スポットと呼ばれています。",
    "comment": "作業員が転落死したくらいで霊になってたら今頃全国の死亡労災事故現場は全部心霊スポットだな",
    "imageUrl": "https://ghostmap.jp/img/spot/display/20210523002023242.jpeg",
    "sourceUrl": "https://ghostmap.jp/spotdetail.php?spotcd=1474"
   }
  },
  {
   "type": "Feature",
   "geometry": {
    "type": "Point",
    "coordinates": [
     135.28546,
     34.204695
    ]
   },
   "properties": {
    "spotcd": 517,
    "name": "大池遊園駅",
    "kana": "おいけゆうえんえき",
    "address": "〒640-0416 和歌山県紀の川市貴志川町長山１２８１",
    "prefecture": "和歌山県",
    "city": "紀の川市",
    "genre": "駅・踏切",
    "status": "現存",
    "phenomena": [
     "正体不明の霊",
     "心霊写真"
    ],
    "features": [],
    "totalScore": 17308,
    "nationalRank": 573,
    "prefRank": 4,
    "fearRating": 3.55,
    "ratingCount": 78,
    "outline": "大池遊園駅とは、和歌山県紀の川市にあるお化け駅（お化け踏切）です。「おいけゆうえんえき」と読みます。この場所では正体不明の幽霊が現れるといった噂があるため心霊スポットと呼ばれています。",
    "comment": "動画の赤い三角ポチッと押す右横に両手をお祈りスタイルで？男の人がイスに？座ってませんか？気のせいかしら？",
    "imageUrl": null,
    "sourceUrl": "https://ghostmap.jp/spotdetail.php?spotcd=517"
   }
  },
  {
   "type": "Feature",
   "geometry": {
    "type": "Point",
    "coordinates": [
     130.905334,
     33.874366
    ]
   },
   "properties": {
    "spotcd": 3319,
    "name": "足立山メモリアルクロスと首なし地蔵",
    "kana": "あだちやまめもりあるくろすとくびなしじぞう",
    "address": "〒802-0037 福岡県北九州市小倉北区小文字２丁目９−３１",
    "prefecture": "福岡県",
    "city": "北九州市",
    "genre": "墓地・慰霊碑",
    "status": "現存",
    "phenomena": [
     "女性の霊",
     "声"
    ],
    "features": [],
    "totalScore": 17306,
    "nationalRank": 575,
    "prefRank": 8,
    "fearRating": 3.42,
    "ratingCount": 80,
    "outline": "足立山メモリアルクロスと首なし地蔵とは、福岡県北九州市にある墓地・慰霊碑の心霊スポットです。「あだちやまめもりあるくろすとくびなしじぞう」と読みます。この場所では女性の幽霊が現れるといった噂があるため心霊スポットと呼ばれています。",
    "comment": "夜のドライブデートでどこに行くか知らされず、着いてみれば首なし地蔵だったことがある。 もちろんその彼とはお別れしました。 本当に怖かった！",
    "imageUrl": "https://ghostmap.jp/img/spot/display/20200723151254489.jpeg",
    "sourceUrl": "https://ghostmap.jp/spotdetail.php?spotcd=3319"
   }
  },
  {
   "type": "Feature",
   "geometry": {
    "type": "Point",
    "coordinates": [
     141.074388,
     38.415384
    ]
   },
   "properties": {
    "spotcd": 324,
    "name": "旧品井沼トンネル（根廻トンネル）",
    "kana": "きゅうしないぬまとんねる（ねまわりとんねる）",
    "address": "〒981-0203 宮城県宮城郡松島町根廻蒜沢４４",
    "prefecture": "宮城県",
    "city": "松島町",
    "genre": "トンネル",
    "status": "現存",
    "phenomena": [
     "女性の霊"
    ],
    "features": [],
    "totalScore": 17303,
    "nationalRank": 579,
    "prefRank": 11,
    "fearRating": 3.25,
    "ratingCount": 83,
    "outline": "旧品井沼トンネル（根廻トンネル）とは、宮城県松島町にあるお化けトンネルです。「きゅうしないぬまとんねる（ねまわりとんねる）」と読みます。この場所では女性の幽霊が現れるといった噂があるため心霊スポットと呼ばれています。",
    "comment": "品井沼地区に住んでる人の常用トンネルです。 交通量は普通にあるし確かに古いけど何か出てきたことはない。",
    "imageUrl": "https://ghostmap.jp/img/spot/display/201409231445070.jpg",
    "sourceUrl": "https://ghostmap.jp/spotdetail.php?spotcd=324"
   }
  },
  {
   "type": "Feature",
   "geometry": {
    "type": "Point",
    "coordinates": [
     135.810179,
     35.071051
    ]
   },
   "properties": {
    "spotcd": 4400,
    "name": "八瀬の皆殺しの館(八瀬一家心中の家)",
    "kana": "やせのみなごろしのかん(やせいっかしんじゅうのいえ)",
    "address": "〒601-1254 京都府京都市左京区八瀬野瀬町八瀬甲ヶ渕（バス） ※関係者以外は立ち入り禁止、無断で入ると不法侵入になります",
    "prefecture": "京都府",
    "city": "京都市",
    "genre": "住居",
    "status": "現存",
    "phenomena": [
     "少年の霊"
    ],
    "features": [
     "廃墟",
     "京都府の廃墟"
    ],
    "totalScore": 17303,
    "nationalRank": 578,
    "prefRank": 12,
    "fearRating": 4.32,
    "ratingCount": 64,
    "outline": "八瀬の皆殺しの館(八瀬一家心中の家)とは、京都府京都市にある心霊廃墟です。「やせのみなごろしのかん(やせいっかしんじゅうのいえ)」と読みます。この場所では少年の幽霊が現れるといった噂があるため心霊スポットと呼ばれています。",
    "comment": "八瀬かあ。 大原に行った時、ここでいったんバスを下車して、料亭で昼飯食ったなあ。 近くにこんな場所があったとは。",
    "imageUrl": "https://ghostmap.jp/img/spot/display/20220225082237533.jpg",
    "sourceUrl": "https://ghostmap.jp/spotdetail.php?spotcd=4400"
   }
  },
  {
   "type": "Feature",
   "geometry": {
    "type": "Point",
    "coordinates": [
     136.119512,
     34.976939
    ]
   },
   "properties": {
    "spotcd": 831,
    "name": "三雲トンネルと電話ボックス",
    "kana": "みくもとんねるとでんわぼっくす",
    "address": "〒520-3221 滋賀県湖南市三雲 県道4号線",
    "prefecture": "滋賀県",
    "city": "湖南市",
    "genre": "トンネル",
    "status": "現存",
    "phenomena": [
     "老婆の霊",
     "心霊写真"
    ],
    "features": [],
    "totalScore": 17301,
    "nationalRank": 580,
    "prefRank": 5,
    "fearRating": 3.72,
    "ratingCount": 73,
    "outline": "三雲トンネルと電話ボックスとは、滋賀県湖南市にあるお化けトンネルです。「みくもとんねるとでんわぼっくす」と読みます。この場所では老婆の幽霊が現れるといった噂があるため心霊スポットと呼ばれています。",
    "comment": "三雲側の電話ボックスがまた交通事故でぐちゃぐちゃになっています。 電気は通っていて、伝統がぼんやりと点いていて不気味です。",
    "imageUrl": "https://ghostmap.jp/img/spot/display/20230928023200086.jpeg",
    "sourceUrl": "https://ghostmap.jp/spotdetail.php?spotcd=831"
   }
  },
  {
   "type": "Feature",
   "geometry": {
    "type": "Point",
    "coordinates": [
     127.713732,
     26.44068
    ]
   },
   "properties": {
    "spotcd": 2575,
    "name": "残波岬",
    "kana": "ざんぱみさき",
    "address": "〒904-0328 沖縄県中頭郡読谷村字宇座",
    "prefecture": "沖縄県",
    "city": "読谷村",
    "genre": "海",
    "status": "現存",
    "phenomena": [
     "女性の霊"
    ],
    "features": [
     "自殺の名所"
    ],
    "totalScore": 17297,
    "nationalRank": 581,
    "prefRank": 10,
    "fearRating": 4.02,
    "ratingCount": 67,
    "outline": "残波岬とは、沖縄県読谷村にある海の心霊スポットです。「ざんぱみさき」と読みます。この場所では女性の幽霊が現れるといった噂があるため心霊スポットと呼ばれています。",
    "comment": "自殺者よりも酔っ払って溺死する人のほうが多いかも",
    "imageUrl": null,
    "sourceUrl": "https://ghostmap.jp/spotdetail.php?spotcd=2575"
   }
  },
  {
   "type": "Feature",
   "geometry": {
    "type": "Point",
    "coordinates": [
     131.124252,
     34.239267
    ]
   },
   "properties": {
    "spotcd": 316,
    "name": "豊田湖",
    "kana": "とよたこ",
    "address": "〒750-0432 山口県下関市豊田町大字地吉１２２ ※関係者以外は立ち入り禁止、無断で入ると不法侵入になります",
    "prefecture": "山口県",
    "city": "下関市",
    "genre": "湖（池）・ダム",
    "status": "現存",
    "phenomena": [
     "女性の霊"
    ],
    "features": [
     "廃墟",
     "山口県の廃墟"
    ],
    "totalScore": 17295,
    "nationalRank": 583,
    "prefRank": 8,
    "fearRating": 3.38,
    "ratingCount": 78,
    "outline": "豊田湖とは、山口県下関市にある心霊廃墟です。「とよたこ」と読みます。この場所では女性の幽霊が現れるといった噂があるため心霊スポットと呼ばれています。",
    "comment": "夜10時くらいに通ると その時流していた曲に合わせて 口笛の音が2回ほど聞こえました。",
    "imageUrl": "https://ghostmap.jp/img/spot/display/201407152228110.jpg",
    "sourceUrl": "https://ghostmap.jp/spotdetail.php?spotcd=316"
   }
  },
  {
   "type": "Feature",
   "geometry": {
    "type": "Point",
    "coordinates": [
     135.778999,
     34.967843
    ]
   },
   "properties": {
    "spotcd": 6308,
    "name": "伏見稲荷大社",
    "kana": "ふしみいなりたいしゃ",
    "address": "〒612-0805 京都府京都市伏見区深草開土口町４５",
    "prefecture": "京都府",
    "city": "京都市",
    "genre": "神社・寺",
    "status": "現存",
    "phenomena": [
     "少年の霊"
    ],
    "features": [],
    "totalScore": 17294,
    "nationalRank": 584,
    "prefRank": 13,
    "fearRating": 3.74,
    "ratingCount": 71,
    "outline": "伏見稲荷大社とは、京都府京都市にある幽霊神社（幽霊寺）です。「ふしみいなりたいしゃ」と読みます。この場所では少年の幽霊が現れるといった噂があるため心霊スポットと呼ばれています。",
    "comment": "もしかしてなんだけど……今心霊スポットって流行ってるの？このページ伸びすごくない？",
    "imageUrl": "https://ghostmap.jp/img/spot/display/20241014124757628.jpg",
    "sourceUrl": "https://ghostmap.jp/spotdetail.php?spotcd=6308"
   }
  },
  {
   "type": "Feature",
   "geometry": {
    "type": "Point",
    "coordinates": [
     140.527953,
     38.691652
    ]
   },
   "properties": {
    "spotcd": 2652,
    "name": "山刀伐トンネル",
    "kana": "なたぎりとんねる",
    "address": "〒999-6107 山形県最上郡最上町",
    "prefecture": "山形県",
    "city": "最上町",
    "genre": "トンネル",
    "status": "現存",
    "phenomena": [
     "女性の霊"
    ],
    "features": [],
    "totalScore": 17283,
    "nationalRank": 586,
    "prefRank": 4,
    "fearRating": 3.82,
    "ratingCount": 67,
    "outline": "山刀伐トンネルとは、山形県最上町にあるお化けトンネルです。「なたぎりとんねる」と読みます。この場所では女性の幽霊が現れるといった噂があるため心霊スポットと呼ばれています。",
    "comment": "ストリートビューなんですが、 尾花沢市側、トンネル入口の電話ボックスを拡大すると 女性の霊が映っていませんか？",
    "imageUrl": "https://ghostmap.jp/img/spot/display/20200601162421448.jpg",
    "sourceUrl": "https://ghostmap.jp/spotdetail.php?spotcd=2652"
   }
  },
  {
   "type": "Feature",
   "geometry": {
    "type": "Point",
    "coordinates": [
     131.468732,
     31.93053
    ]
   },
   "properties": {
    "spotcd": 3888,
    "name": "一ツ葉海岸",
    "kana": "ひとつばかいがん",
    "address": "〒880-0835 宮崎県宮崎市阿波岐原町前浜１４００",
    "prefecture": "宮崎県",
    "city": "宮崎市",
    "genre": "海",
    "status": "現存",
    "phenomena": [
     "女性の霊"
    ],
    "features": [
     "自殺の名所"
    ],
    "totalScore": 17246,
    "nationalRank": 591,
    "prefRank": 3,
    "fearRating": 4.14,
    "ratingCount": 54,
    "outline": "一ツ葉海岸とは、宮崎県宮崎市にある海の心霊スポットです。「ひとつばかいがん」と読みます。この場所では女性の幽霊が現れるといった噂があるため心霊スポットと呼ばれています。",
    "comment": "夜中に行きましたが、夜釣りに来てる人もいます。 あとは、松林の中のほうから「寒い…寒い…」という声が聞こえてきたくらいです。",
    "imageUrl": "https://ghostmap.jp/img/spot/display/20220116004240108.jpg",
    "sourceUrl": "https://ghostmap.jp/spotdetail.php?spotcd=3888"
   }
  },
  {
   "type": "Feature",
   "geometry": {
    "type": "Point",
    "coordinates": [
     138.201588,
     36.842158
    ]
   },
   "properties": {
    "spotcd": 657,
    "name": "ホテルBell",
    "kana": "ほてるべる",
    "address": "〒389-1303 長野県上水内郡信濃町野尻 国道18号線 ※関係者以外は立ち入り禁止、無断で入ると不法侵入になります",
    "prefecture": "長野県",
    "city": "信濃町",
    "genre": "ホテル・旅館",
    "status": "現存",
    "phenomena": [
     "男性の霊"
    ],
    "features": [
     "廃墟",
     "長野県の廃墟"
    ],
    "totalScore": 17233,
    "nationalRank": 592,
    "prefRank": 8,
    "fearRating": 3.18,
    "ratingCount": 65,
    "outline": "ホテルBellとは、長野県信濃町にある心霊廃墟です。「ほてるべる」と読みます。この場所では男性の幽霊が現れるといった噂があるため心霊スポットと呼ばれています。",
    "comment": "セリーヌと同じ道にあるよね。あの道は死んでいるなw",
    "imageUrl": "https://ghostmap.jp/img/spot/display/20160213104653433.jpg",
    "sourceUrl": "https://ghostmap.jp/spotdetail.php?spotcd=657"
   }
  },
  {
   "type": "Feature",
   "geometry": {
    "type": "Point",
    "coordinates": [
     131.139112,
     33.265983
    ]
   },
   "properties": {
    "spotcd": 2814,
    "name": "伐株山",
    "kana": "きりかぶさん",
    "address": "〒879-4412 大分県玖珠郡玖珠町大字山田Rd,Unnamed",
    "prefecture": "大分県",
    "city": "玖珠町",
    "genre": "山・森",
    "status": "現存",
    "phenomena": [
     "女性の霊"
    ],
    "features": [],
    "totalScore": 17162,
    "nationalRank": 597,
    "prefRank": 4,
    "fearRating": 3.2,
    "ratingCount": 45,
    "outline": "伐株山とは、大分県玖珠町にある山・森の心霊スポットです。「きりかぶさん」と読みます。この場所では女性の幽霊が現れるといった噂があるため心霊スポットと呼ばれています。",
    "comment": "アルプスの少女ハイジに出て来るような巨大ブランコが有名らしいです。でもタイトルは伐株山の方がいいんじゃないでしょうか？",
    "imageUrl": null,
    "sourceUrl": "https://ghostmap.jp/spotdetail.php?spotcd=2814"
   }
  },
  {
   "type": "Feature",
   "geometry": {
    "type": "Point",
    "coordinates": [
     135.876302,
     34.586655
    ]
   },
   "properties": {
    "spotcd": 957,
    "name": "天理ダム",
    "kana": "てんりだむ",
    "address": "〒632-0023 奈良県天理市下仁興町 県道247号線",
    "prefecture": "奈良県",
    "city": "天理市",
    "genre": "湖（池）・ダム",
    "status": "現存",
    "phenomena": [
     "女性の霊",
     "心霊写真"
    ],
    "features": [],
    "totalScore": 16832,
    "nationalRank": 599,
    "prefRank": 8,
    "fearRating": 4.29,
    "ratingCount": 177,
    "outline": "天理ダムとは、奈良県天理市にある湖（池）・ダムの心霊スポットです。「てんりだむ」と読みます。この場所では女性の幽霊が現れるといった噂があるため心霊スポットと呼ばれています。",
    "comment": "たしかにバイトの後輩も後部座席で走行中に何かに髪の毛を掴まれたと言ってたな",
    "imageUrl": "https://ghostmap.jp/img/spot/display/20180908032348053.JPG",
    "sourceUrl": "https://ghostmap.jp/spotdetail.php?spotcd=957"
   }
  },
  {
   "type": "Feature",
   "geometry": {
    "type": "Point",
    "coordinates": [
     134.023184,
     34.302769
    ]
   },
   "properties": {
    "spotcd": 679,
    "name": "成合自販機前公衆電話ボックス",
    "kana": "なりあいじはんきまえこうしゅうでんわぼっくす",
    "address": "香川県高松市 国道32号線",
    "prefecture": "香川県",
    "city": "高松市",
    "genre": "その他",
    "status": "現存",
    "phenomena": [
     "男性の霊",
     "人影"
    ],
    "features": [],
    "totalScore": 16601,
    "nationalRank": 605,
    "prefRank": 8,
    "fearRating": 4.08,
    "ratingCount": 134,
    "outline": "成合自販機前公衆電話ボックスとは、香川県高松市にあるその他の心霊スポットです。「なりあいじはんきまえこうしゅうでんわぼっくす」と読みます。この場所では男性の幽霊が現れるといった噂があるため心霊スポットと呼ばれています。",
    "comment": "徒歩5分のとこに住んでいます。あそこの公衆電話には入らない方がいいです。息が出来なくなるらしいです。",
    "imageUrl": "https://ghostmap.jp/img/spot/display/20160220114333198.jpg",
    "sourceUrl": "https://ghostmap.jp/spotdetail.php?spotcd=679"
   }
  },
  {
   "type": "Feature",
   "geometry": {
    "type": "Point",
    "coordinates": [
     138.789475,
     35.624163
    ]
   },
   "properties": {
    "spotcd": 524,
    "name": "笹子トンネル",
    "kana": "ささごとんねる",
    "address": "山梨県甲州市大和町初鹿野中央自動車道",
    "prefecture": "山梨県",
    "city": "甲州市",
    "genre": "トンネル",
    "status": "現存",
    "phenomena": [
     "男性の霊"
    ],
    "features": [],
    "totalScore": 16595,
    "nationalRank": 606,
    "prefRank": 11,
    "fearRating": 3.56,
    "ratingCount": 150,
    "outline": "笹子トンネルとは、山梨県甲州市にあるお化けトンネルです。「ささごとんねる」と読みます。この場所では男性の幽霊が現れるといった噂があるため心霊スポットと呼ばれています。",
    "comment": "こんなところでエンジン止まるとwすごい渋滞になるよww",
    "imageUrl": "https://ghostmap.jp/img/spot/display/201506241803590.jpg",
    "sourceUrl": "https://ghostmap.jp/spotdetail.php?spotcd=524"
   }
  },
  {
   "type": "Feature",
   "geometry": {
    "type": "Point",
    "coordinates": [
     135.127059,
     33.94858
    ]
   },
   "properties": {
    "spotcd": 275,
    "name": "旧由良トンネル",
    "kana": "きゅうゆらとんねる",
    "address": "〒649-1203 和歌山県日高郡日高町池田",
    "prefecture": "和歌山県",
    "city": "日高町",
    "genre": "トンネル",
    "status": "現存",
    "phenomena": [
     "女性の霊"
    ],
    "features": [],
    "totalScore": 16555,
    "nationalRank": 609,
    "prefRank": 5,
    "fearRating": 3.84,
    "ratingCount": 132,
    "outline": "旧由良トンネルとは、和歌山県日高町にあるお化けトンネルです。「きゅうゆらとんねる」と読みます。この場所では女性の幽霊が現れるといった噂があるため心霊スポットと呼ばれています。",
    "comment": "通行止めになっています",
    "imageUrl": "https://ghostmap.jp/img/spot/display/20230113001612874.jpg",
    "sourceUrl": "https://ghostmap.jp/spotdetail.php?spotcd=275"
   }
  },
  {
   "type": "Feature",
   "geometry": {
    "type": "Point",
    "coordinates": [
     135.689263,
     34.677264
    ]
   },
   "properties": {
    "spotcd": 568,
    "name": "生駒山",
    "kana": "いこまやま",
    "address": "〒630-0231 奈良県生駒市菜畑町２３１３−３０１",
    "prefecture": "奈良県",
    "city": "生駒市",
    "genre": "山・森",
    "status": "現存",
    "phenomena": [
     "女性の霊"
    ],
    "features": [
     "デートスポット"
    ],
    "totalScore": 16532,
    "nationalRank": 611,
    "prefRank": 9,
    "fearRating": 3.92,
    "ratingCount": 123,
    "outline": "生駒山とは、奈良県生駒市にある山・森の心霊スポットです。「いこまやま」と読みます。この場所では女性の幽霊が現れるといった噂があるため心霊スポットと呼ばれています。",
    "comment": "生駒山近辺って異常なほどに心霊スポット集まってる気がする。",
    "imageUrl": "https://ghostmap.jp/img/spot/display/201509101807050.jpg",
    "sourceUrl": "https://ghostmap.jp/spotdetail.php?spotcd=568"
   }
  },
  {
   "type": "Feature",
   "geometry": {
    "type": "Point",
    "coordinates": [
     138.678591,
     35.689685
    ]
   },
   "properties": {
    "spotcd": 2625,
    "name": "万力公園西の警官人形",
    "kana": "まんりきこうえんにしのけいかんにんぎょう",
    "address": "〒405-0031 山梨県山梨市万力１９５２−１",
    "prefecture": "山梨県",
    "city": "山梨市",
    "genre": "その他",
    "status": "現存",
    "phenomena": [
     "男性の霊",
     "声"
    ],
    "features": [],
    "totalScore": 16509,
    "nationalRank": 617,
    "prefRank": 12,
    "fearRating": 3.94,
    "ratingCount": 117,
    "outline": "万力公園西の警官人形とは、山梨県山梨市にあるその他の心霊スポットです。「まんりきこうえんにしのけいかんにんぎょう」と読みます。この場所では男性の幽霊が現れるといった噂があるため心霊スポットと呼ばれています。",
    "comment": "ここら辺 不気味だもん",
    "imageUrl": "https://ghostmap.jp/img/spot/display/20200321022617320.jpg",
    "sourceUrl": "https://ghostmap.jp/spotdetail.php?spotcd=2625"
   }
  },
  {
   "type": "Feature",
   "geometry": {
    "type": "Point",
    "coordinates": [
     131.062431,
     34.419938
    ]
   },
   "properties": {
    "spotcd": 6325,
    "name": "元乃隅神社",
    "kana": "もとのすみじんじゃ",
    "address": "〒759-4712 山口県長門市油谷津黄４９８",
    "prefecture": "山口県",
    "city": "長門市",
    "genre": "神社・寺",
    "status": "現存",
    "phenomena": [
     "男性の霊",
     "心霊写真"
    ],
    "features": [],
    "totalScore": 16499,
    "nationalRank": 620,
    "prefRank": 9,
    "fearRating": 3.52,
    "ratingCount": 127,
    "outline": "元乃隅神社とは、山口県長門市にある幽霊神社（幽霊寺）です。「もとのすみじんじゃ」と読みます。この場所では男性の幽霊が現れるといった噂があるため心霊スポットと呼ばれています。",
    "comment": "竜宮の潮吹きが近くにあって、潮の流れが速い。 それで、亡くなった方が見つけにくい",
    "imageUrl": "https://ghostmap.jp/img/spot/display/20241204075609219.jpg",
    "sourceUrl": "https://ghostmap.jp/spotdetail.php?spotcd=6325"
   }
  },
  {
   "type": "Feature",
   "geometry": {
    "type": "Point",
    "coordinates": [
     133.541522,
     33.500913
    ]
   },
   "properties": {
    "spotcd": 1664,
    "name": "ホテル皇邸",
    "kana": "ほてるこうてい",
    "address": "〒781-0270 高知県高知市長浜１５８２−１ ※関係者以外は立ち入り禁止、無断で入ると不法侵入になります",
    "prefecture": "高知県",
    "city": "高知市",
    "genre": "ホテル・旅館",
    "status": "現存",
    "phenomena": [
     "女性の霊"
    ],
    "features": [
     "廃墟",
     "高知県の廃墟"
    ],
    "totalScore": 16497,
    "nationalRank": 621,
    "prefRank": 3,
    "fearRating": 3.67,
    "ratingCount": 122,
    "outline": "ホテル皇邸とは、高知県高知市にある心霊廃墟です。「ほてるこうてい」と読みます。この場所では女性の幽霊が現れるといった噂があるため心霊スポットと呼ばれています。",
    "comment": "ここって盗撮事件で潰れましたよね 当日高知のメインアナウンサー男女がここで盗撮されてビデオが出回ってました（笑）ワタシも若い頃何回か利用したことあります",
    "imageUrl": "https://ghostmap.jp/img/spot/display/20260225144812313.JPG",
    "sourceUrl": "https://ghostmap.jp/spotdetail.php?spotcd=1664"
   }
  },
  {
   "type": "Feature",
   "geometry": {
    "type": "Point",
    "coordinates": [
     135.792271,
     34.951567
    ]
   },
   "properties": {
    "spotcd": 3871,
    "name": "大岩神社",
    "kana": "おおいわじんじゃ",
    "address": "〒612-0817 京都府京都市伏見区深草向ケ原町８９−２ 大岩神社",
    "prefecture": "京都府",
    "city": "京都市",
    "genre": "神社・寺",
    "status": "現存",
    "phenomena": [
     "男性の霊",
     "足音"
    ],
    "features": [
     "パワースポット"
    ],
    "totalScore": 16487,
    "nationalRank": 623,
    "prefRank": 14,
    "fearRating": 4.27,
    "ratingCount": 104,
    "outline": "大岩神社とは、京都府京都市にある幽霊神社（幽霊寺）です。「おおいわじんじゃ」と読みます。この場所では女性の幽霊が現れるといった噂があるため心霊スポットと呼ばれています。",
    "comment": "今まで心霊の噂なんてなかったのにYouTuberが来て勝手に心スポにしてるの草 手入れが行き届いてないのは確かだけど勝手に廃神社にするのは罰当たりだぞ",
    "imageUrl": "https://ghostmap.jp/img/spot/display/20230319012921115.jpg",
    "sourceUrl": "https://ghostmap.jp/spotdetail.php?spotcd=3871"
   }
  },
  {
   "type": "Feature",
   "geometry": {
    "type": "Point",
    "coordinates": [
     130.551052,
     31.598491
    ]
   },
   "properties": {
    "spotcd": 155,
    "name": "城山公園",
    "kana": "しろやまこうえん",
    "address": "〒892-0853 鹿児島県鹿児島市城山町２２−１２",
    "prefecture": "鹿児島県",
    "city": "鹿児島市",
    "genre": "公園・城跡",
    "status": "現存",
    "phenomena": [
     "少女の霊",
     "声",
     "心霊写真"
    ],
    "features": [],
    "totalScore": 16455,
    "nationalRank": 629,
    "prefRank": 8,
    "fearRating": 2.82,
    "ratingCount": 141,
    "outline": "城山公園とは、鹿児島県鹿児島市にある公園・城跡の心霊スポットです。「しろやまこうえん」と読みます。この場所では少女の幽霊が現れるといった噂があるため心霊スポットと呼ばれています。",
    "comment": "霊が出るのかどうかはわからないが、猫はめっちゃいる 猫に餌をやるおっさんがいる そのおっさんの後ろを着いていくと、物陰に隠れた猫が次々と出てくる 結論：猫好きは行くべき",
    "imageUrl": null,
    "sourceUrl": "https://ghostmap.jp/spotdetail.php?spotcd=155"
   }
  },
  {
   "type": "Feature",
   "geometry": {
    "type": "Point",
    "coordinates": [
     133.63855,
     34.589583
    ]
   },
   "properties": {
    "spotcd": 969,
    "name": "旧富トンネル",
    "kana": "きゅうとみとんねる",
    "address": "〒714-1212 岡山県小田郡矢掛町横谷",
    "prefecture": "岡山県",
    "city": "矢掛町",
    "genre": "トンネル",
    "status": "現存",
    "phenomena": [
     "女性の霊",
     "心霊写真"
    ],
    "features": [],
    "totalScore": 16439,
    "nationalRank": 632,
    "prefRank": 10,
    "fearRating": 3.7,
    "ratingCount": 107,
    "outline": "旧富トンネルとは、岡山県矢掛町にあるお化けトンネルです。「きゅうとみとんねる」と読みます。この場所では女性の幽霊が現れるといった噂があるため心霊スポットと呼ばれています。",
    "comment": "旧トンネルが現役のころ通ったことあるけど何にもない普通のトンネルだよ",
    "imageUrl": "https://ghostmap.jp/img/spot/display/20180901005307363.jpeg",
    "sourceUrl": "https://ghostmap.jp/spotdetail.php?spotcd=969"
   }
  },
  {
   "type": "Feature",
   "geometry": {
    "type": "Point",
    "coordinates": [
     138.537919,
     35.695986
    ]
   },
   "properties": {
    "spotcd": 2202,
    "name": "西甲府病院",
    "kana": "にしこうふびょういん",
    "address": "〒400-0075 山梨県甲府市山宮町３３６８−３３５ ※関係者以外は立ち入り禁止、無断で入ると不法侵入になります",
    "prefecture": "山梨県",
    "city": "甲府市",
    "genre": "病院",
    "status": "現存",
    "phenomena": [
     "男性の霊"
    ],
    "features": [
     "廃墟",
     "山梨県の廃墟"
    ],
    "totalScore": 16437,
    "nationalRank": 635,
    "prefRank": 13,
    "fearRating": 4.06,
    "ratingCount": 98,
    "outline": "西甲府病院とは、山梨県甲府市にある心霊廃墟です。「にしこうふびょういん」と読みます。この場所では男性の幽霊が現れるといった噂があるため心霊スポットと呼ばれています。",
    "comment": "結核病棟だったからね。お約束でしょう。",
    "imageUrl": "https://ghostmap.jp/img/spot/display/20210510024842736.jpeg",
    "sourceUrl": "https://ghostmap.jp/spotdetail.php?spotcd=2202"
   }
  },
  {
   "type": "Feature",
   "geometry": {
    "type": "Point",
    "coordinates": [
     131.242559,
     33.95855
    ]
   },
   "properties": {
    "spotcd": 313,
    "name": "宇部新川駅",
    "kana": "うべしんかわえき",
    "address": "〒755-0051 山口県宇部市上町１丁目７−７",
    "prefecture": "山口県",
    "city": "宇部市",
    "genre": "駅・踏切",
    "status": "現存",
    "phenomena": [
     "老婆の霊"
    ],
    "features": [],
    "totalScore": 16430,
    "nationalRank": 639,
    "prefRank": 10,
    "fearRating": 2.52,
    "ratingCount": 147,
    "outline": "宇部新川駅とは、山口県宇部市にあるお化け駅（お化け踏切）です。「うべしんかわえき」と読みます。この場所では老婆の幽霊が現れるといった噂があるため心霊スポットと呼ばれています。",
    "comment": "ここがそうなら山口線の矢原駅もそうとう出るんだろうな。",
    "imageUrl": "https://ghostmap.jp/img/spot/display/201407112145370.JPG",
    "sourceUrl": "https://ghostmap.jp/spotdetail.php?spotcd=313"
   }
  },
  {
   "type": "Feature",
   "geometry": {
    "type": "Point",
    "coordinates": [
     135.650706,
     35.031674
    ]
   },
   "properties": {
    "spotcd": 535,
    "name": "落合橋と赤橋トンネル",
    "kana": "おちあいばしとあかはしとんねる",
    "address": "京都府京都市右京区 府道50号線",
    "prefecture": "京都府",
    "city": "京都市",
    "genre": "橋",
    "status": "現存",
    "phenomena": [
     "女性の霊"
    ],
    "features": [],
    "totalScore": 16424,
    "nationalRank": 641,
    "prefRank": 15,
    "fearRating": 4.31,
    "ratingCount": 90,
    "outline": "落合橋と赤橋トンネルとは、京都府京都市にある幽霊橋です。「おちあいばしとあかはしとんねる」と読みます。この場所では女性の幽霊が現れるといった噂があるため心霊スポットと呼ばれています。",
    "comment": "トンネルと橋のコンボもまずいのかもしれない。",
    "imageUrl": "https://ghostmap.jp/img/spot/display/20221204210235560.jpg",
    "sourceUrl": "https://ghostmap.jp/spotdetail.php?spotcd=535"
   }
  },
  {
   "type": "Feature",
   "geometry": {
    "type": "Point",
    "coordinates": [
     132.762121,
     33.833764
    ]
   },
   "properties": {
    "spotcd": 1064,
    "name": "松工裏の電話ボックス",
    "kana": "まつこううらのでんわぼっくす",
    "address": "〒790-0022 愛媛県松山市永代町２−６",
    "prefecture": "愛媛県",
    "city": "松山市",
    "genre": "その他",
    "status": "現存",
    "phenomena": [
     "女性の霊",
     "声"
    ],
    "features": [],
    "totalScore": 16423,
    "nationalRank": 642,
    "prefRank": 5,
    "fearRating": 3.7,
    "ratingCount": 103,
    "outline": "松工裏の電話ボックスとは、愛媛県松山市にあるその他の心霊スポットです。「まつこううらのでんわぼっくす」と読みます。この場所では女性の幽霊が現れるといった噂があるため心霊スポットと呼ばれています。",
    "comment": "夜中に友達と行きました。 何も無かったです。でも、重い空気がしました。",
    "imageUrl": null,
    "sourceUrl": "https://ghostmap.jp/spotdetail.php?spotcd=1064"
   }
  },
  {
   "type": "Feature",
   "geometry": {
    "type": "Point",
    "coordinates": [
     141.369786,
     38.708641
    ]
   },
   "properties": {
    "spotcd": 8,
    "name": "旧水界トンネル",
    "kana": "きゅうみずさかいとんねる",
    "address": "宮城県登米市本吉街道",
    "prefecture": "宮城県",
    "city": "登米市",
    "genre": "トンネル",
    "status": "現存",
    "phenomena": [
     "男性の霊"
    ],
    "features": [],
    "totalScore": 16412,
    "nationalRank": 645,
    "prefRank": 12,
    "fearRating": 3.89,
    "ratingCount": 96,
    "outline": "旧水界トンネルとは、宮城県登米市にあるお化けトンネルです。「きゅうみずさかいとんねる」と読みます。この場所では男性の幽霊が現れるといった噂があるため心霊スポットと呼ばれています。",
    "comment": "夜に行ったけどかなり不気味でしたよ。しばらく歩いていたら白い影は見えるし、傘をさして立ったまま動かない人もいるし怖くなって急いで戻りました；＾＾",
    "imageUrl": "https://ghostmap.jp/img/spot/display/20260623185800242.jpg",
    "sourceUrl": "https://ghostmap.jp/spotdetail.php?spotcd=8"
   }
  },
  {
   "type": "Feature",
   "geometry": {
    "type": "Point",
    "coordinates": [
     130.427791,
     33.693022
    ]
   },
   "properties": {
    "spotcd": 2986,
    "name": "福岡朝鮮初級学校旧校舎",
    "kana": "ふくおかちょうせんしょきゅうがっこうきゅうこうしゃ",
    "address": "〒811-0202 福岡県福岡市東区和白５丁目１７−２ ※関係者以外は立ち入り禁止、無断で入ると不法侵入になります",
    "prefecture": "福岡県",
    "city": "福岡市",
    "genre": "学校",
    "status": "現存",
    "phenomena": [
     "少年の霊",
     "ラップ音",
     "人影"
    ],
    "features": [
     "廃墟",
     "福岡県の廃墟"
    ],
    "totalScore": 16412,
    "nationalRank": 644,
    "prefRank": 9,
    "fearRating": 3.68,
    "ratingCount": 101,
    "outline": "福岡朝鮮初級学校旧校舎とは、福岡県福岡市にある心霊廃墟です。「ふくおかちょうせんしょきゅうがっこうきゅうこうしゃ」と読みます。この場所では少年の幽霊が現れるといった噂があるため心霊スポットと呼ばれています。",
    "comment": "不法侵入で12人も摘発されニュースになりました。以前から不法侵入者が多いと近隣住民から相談があったようです。 施設内に入る、近くで複数人でワイワイ騒ぐのは危険です。",
    "imageUrl": null,
    "sourceUrl": "https://ghostmap.jp/spotdetail.php?spotcd=2986"
   }
  },
  {
   "type": "Feature",
   "geometry": {
    "type": "Point",
    "coordinates": [
     135.308463,
     34.304365
    ]
   },
   "properties": {
    "spotcd": 522,
    "name": "旧風吹トンネル",
    "kana": "きゅうかぜふきとんねる",
    "address": "〒649-6201 和歌山県岩出市押川 県道63号線",
    "prefecture": "和歌山県",
    "city": "岩出市",
    "genre": "トンネル",
    "status": "現存",
    "phenomena": [
     "男性の霊",
     "心霊写真"
    ],
    "features": [],
    "totalScore": 16404,
    "nationalRank": 650,
    "prefRank": 6,
    "fearRating": 4.19,
    "ratingCount": 88,
    "outline": "旧風吹トンネルとは、和歌山県岩出市にあるお化けトンネルです。「きゅうかぜふきとんねる」と読みます。この場所では男性の幽霊が現れるといった噂があるため心霊スポットと呼ばれています。",
    "comment": "上が火葬場だからなｗいかにも出そうではある。",
    "imageUrl": "https://ghostmap.jp/img/spot/display/20241231084037840.jpeg",
    "sourceUrl": "https://ghostmap.jp/spotdetail.php?spotcd=522"
   }
  },
  {
   "type": "Feature",
   "geometry": {
    "type": "Point",
    "coordinates": [
     129.865115,
     32.780185
    ]
   },
   "properties": {
    "spotcd": 1429,
    "name": "山里小学校にある防空壕跡",
    "kana": "やまざとしょうがっこうにあるぼうくうごうあと",
    "address": "〒852-8114 長崎県長崎市橋口町２０−５６ 市立山里小学校",
    "prefecture": "長崎県",
    "city": "長崎市",
    "genre": "学校",
    "status": "現存",
    "phenomena": [
     "少年の霊"
    ],
    "features": [],
    "totalScore": 16403,
    "nationalRank": 651,
    "prefRank": 6,
    "fearRating": 3.16,
    "ratingCount": 113,
    "outline": "山里小学校にある防空壕跡とは、長崎県長崎市にある幽霊学校です。「やまざとしょうがっこうにあるぼうくうごうあと」と読みます。この場所では少年の幽霊が現れるといった噂があるため心霊スポットと呼ばれています。",
    "comment": "↑柵は開いて、中に入れるよ 修学旅行で見に行った時、開けてくれた",
    "imageUrl": "https://ghostmap.jp/img/spot/display/20171225191209961.jpg",
    "sourceUrl": "https://ghostmap.jp/spotdetail.php?spotcd=1429"
   }
  },
  {
   "type": "Feature",
   "geometry": {
    "type": "Point",
    "coordinates": [
     140.675799,
     37.469558
    ]
   },
   "properties": {
    "spotcd": 575,
    "name": "常葉少年自然の家",
    "kana": "ときわしょうねんしぜんのいえ",
    "address": "〒963-4601 福島県田村市常葉町山根鰍５ ※関係者以外は立ち入り禁止、無断で入ると不法侵入になります",
    "prefecture": "福島県",
    "city": "田村市",
    "genre": "ホテル・旅館",
    "status": "現存",
    "phenomena": [
     "女性の霊",
     "声",
     "人影"
    ],
    "features": [
     "廃墟",
     "福島県の廃墟"
    ],
    "totalScore": 16401,
    "nationalRank": 652,
    "prefRank": 12,
    "fearRating": 3.86,
    "ratingCount": 94,
    "outline": "常葉少年自然の家とは、福島県田村市にある心霊廃墟です。「ときわしょうねんしぜんのいえ」と読みます。この場所では女性の幽霊が現れるといった噂があるため心霊スポットと呼ばれています。",
    "comment": "ちなみに、私は小学校6年生の時に移動教室でこの場所に来ており、その際、部屋中に白いモヤが出る等の怪現象を体験しています",
    "imageUrl": "https://ghostmap.jp/img/spot/display/20160211171703494.jpg",
    "sourceUrl": "https://ghostmap.jp/spotdetail.php?spotcd=575"
   }
  },
  {
   "type": "Feature",
   "geometry": {
    "type": "Point",
    "coordinates": [
     140.385814,
     37.19961
    ]
   },
   "properties": {
    "spotcd": 1527,
    "name": "赤い部屋",
    "kana": "あかいへや",
    "address": "〒969-0251 福島県西白河郡矢吹町神田西１３８ ※関係者以外は立ち入り禁止、無断で入ると不法侵入になります",
    "prefecture": "福島県",
    "city": "矢吹町",
    "genre": "住居",
    "status": "現存",
    "phenomena": [
     "男性の霊"
    ],
    "features": [
     "廃墟",
     "福島県の廃墟"
    ],
    "totalScore": 16394,
    "nationalRank": 655,
    "prefRank": 13,
    "fearRating": 3.74,
    "ratingCount": 95,
    "outline": "赤い部屋とは、福島県矢吹町にある心霊廃墟です。「あかいへや」と読みます。この場所では男性の幽霊が現れるといった噂があるため心霊スポットと呼ばれています。",
    "comment": "赤いブラインドとか見たことないなｗ",
    "imageUrl": "https://ghostmap.jp/img/spot/display/20210520205047242.jpeg",
    "sourceUrl": "https://ghostmap.jp/spotdetail.php?spotcd=1527"
   }
  },
  {
   "type": "Feature",
   "geometry": {
    "type": "Point",
    "coordinates": [
     134.104374,
     34.357943
    ]
   },
   "properties": {
    "spotcd": 1544,
    "name": "ホテル甚五郎",
    "kana": "ほてるじんごろう",
    "address": "〒761-0111 香川県高松市屋島東町１８０１−５ ※関係者以外は立ち入り禁止、無断で入ると不法侵入になります",
    "prefecture": "香川県",
    "city": "高松市",
    "genre": "ホテル・旅館",
    "status": "現存",
    "phenomena": [
     "男性の霊"
    ],
    "features": [
     "廃墟",
     "香川県の廃墟"
    ],
    "totalScore": 16385,
    "nationalRank": 659,
    "prefRank": 9,
    "fearRating": 4.02,
    "ratingCount": 87,
    "outline": "ホテル甚五郎とは、香川県高松市にある心霊廃墟です。「ほてるじんごろう」と読みます。この場所では男性の幽霊が現れるといった噂があるため心霊スポットと呼ばれています。",
    "comment": "眺めも良さそうだし、いい立地なのにもったいないな。まあ国内旅行は今時流行らないから仕方ないか。",
    "imageUrl": "https://ghostmap.jp/img/spot/display/20230401170452235.jpg",
    "sourceUrl": "https://ghostmap.jp/spotdetail.php?spotcd=1544"
   }
  },
  {
   "type": "Feature",
   "geometry": {
    "type": "Point",
    "coordinates": [
     141.205082,
     39.71117
    ]
   },
   "properties": {
    "spotcd": 1640,
    "name": "綱取ダム",
    "kana": "つなとりだむ",
    "address": "〒020-0801 岩手県盛岡市浅岸二ツ森２５−３４",
    "prefecture": "岩手県",
    "city": "盛岡市",
    "genre": "湖（池）・ダム",
    "status": "現存",
    "phenomena": [
     "少女の霊",
     "声"
    ],
    "features": [],
    "totalScore": 16384,
    "nationalRank": 660,
    "prefRank": 13,
    "fearRating": 3.96,
    "ratingCount": 88,
    "outline": "綱取ダムとは、岩手県盛岡市にある湖（池）・ダムの心霊スポットです。「つなとりだむ」と読みます。この場所では少女の幽霊が現れるといった噂があるため心霊スポットと呼ばれています。",
    "comment": "綱取りダムはヤバいよ",
    "imageUrl": "https://ghostmap.jp/img/spot/display/20181021215714828.JPG",
    "sourceUrl": "https://ghostmap.jp/spotdetail.php?spotcd=1640"
   }
  },
  {
   "type": "Feature",
   "geometry": {
    "type": "Point",
    "coordinates": [
     130.638855,
     32.813964
    ]
   },
   "properties": {
    "spotcd": 390,
    "name": "金峰山",
    "kana": "きんぽうざん",
    "address": "〒861-5344 熊本県熊本市西区河内町岳１８８１ 金峰山神社",
    "prefecture": "熊本県",
    "city": "熊本市",
    "genre": "山・森",
    "status": "現存",
    "phenomena": [
     "男性の霊",
     "声",
     "人影"
    ],
    "features": [
     "デートスポット"
    ],
    "totalScore": 16381,
    "nationalRank": 664,
    "prefRank": 7,
    "fearRating": 3.37,
    "ratingCount": 101,
    "outline": "金峰山とは、熊本県熊本市にある山・森の心霊スポットです。「きんぽうざん」と読みます。この場所では女性の幽霊が現れるといった噂があるため心霊スポットと呼ばれています。",
    "comment": "すべて国賊NHKが悪い",
    "imageUrl": "https://ghostmap.jp/img/spot/display/201411062158340.jpg",
    "sourceUrl": "https://ghostmap.jp/spotdetail.php?spotcd=390"
   }
  },
  {
   "type": "Feature",
   "geometry": {
    "type": "Point",
    "coordinates": [
     141.796846,
     39.860209
    ]
   },
   "properties": {
    "spotcd": 1795,
    "name": "龍泉洞",
    "kana": "りゅうせんどう",
    "address": "〒027-0501 岩手県下閉伊郡岩泉町岩泉神成１−１",
    "prefecture": "岩手県",
    "city": "岩泉町",
    "genre": "その他",
    "status": "現存",
    "phenomena": [
     "女性の霊",
     "心霊写真"
    ],
    "features": [],
    "totalScore": 16380,
    "nationalRank": 666,
    "prefRank": 14,
    "fearRating": 3.43,
    "ratingCount": 99,
    "outline": "龍泉洞とは、岩手県岩泉町にあるその他の心霊スポットです。「りゅうせんどう」と読みます。この場所では女性の幽霊が現れるといった噂があるため心霊スポットと呼ばれています。",
    "comment": "ここって例の大学生が深い地底湖に落ちて助からなかったところじゃないか…。",
    "imageUrl": "https://ghostmap.jp/img/spot/display/20180829233049311.jpg",
    "sourceUrl": "https://ghostmap.jp/spotdetail.php?spotcd=1795"
   }
  },
  {
   "type": "Feature",
   "geometry": {
    "type": "Point",
    "coordinates": [
     137.221175,
     36.671521
    ]
   },
   "properties": {
    "spotcd": 1045,
    "name": "南富山駅地下道",
    "kana": "みなみとやまえきちかどう",
    "address": "〒939-8073 富山県富山市大町２８７−３",
    "prefecture": "富山県",
    "city": "富山市",
    "genre": "駅・踏切",
    "status": "現存",
    "phenomena": [
     "女性の霊",
     "声"
    ],
    "features": [],
    "totalScore": 16379,
    "nationalRank": 668,
    "prefRank": 5,
    "fearRating": 3.67,
    "ratingCount": 93,
    "outline": "南富山駅地下道とは、富山県富山市にあるお化け駅（お化け踏切）です。「みなみとやまえきちかどう」と読みます。この場所では女性の幽霊が現れるといった噂があるため心霊スポットと呼ばれています。",
    "comment": "たぶんだけど、鱒寿司をお供えすれば成仏すると思う。",
    "imageUrl": null,
    "sourceUrl": "https://ghostmap.jp/spotdetail.php?spotcd=1045"
   }
  },
  {
   "type": "Feature",
   "geometry": {
    "type": "Point",
    "coordinates": [
     140.803126,
     36.833421
    ]
   },
   "properties": {
    "spotcd": 492,
    "name": "五浦海岸",
    "kana": "いづらかいがん",
    "address": "〒319-1702 茨城県北茨城市大津町７２７−２",
    "prefecture": "茨城県",
    "city": "北茨城市",
    "genre": "海",
    "status": "現存",
    "phenomena": [
     "男性の霊",
     "声"
    ],
    "features": [
     "自殺の名所"
    ],
    "totalScore": 16378,
    "nationalRank": 669,
    "prefRank": 9,
    "fearRating": 4.2,
    "ratingCount": 82,
    "outline": "五浦海岸とは、茨城県北茨城市にある海の心霊スポットです。「いづらかいがん」と読みます。この場所では男性の幽霊が現れるといった噂があるため心霊スポットと呼ばれています。",
    "comment": "納豆を持っていると助かります。",
    "imageUrl": "https://ghostmap.jp/img/spot/display/201505101530460.jpg",
    "sourceUrl": "https://ghostmap.jp/spotdetail.php?spotcd=492"
   }
  },
  {
   "type": "Feature",
   "geometry": {
    "type": "Point",
    "coordinates": [
     130.782108,
     31.741015
    ]
   },
   "properties": {
    "spotcd": 3368,
    "name": "国分城山公園",
    "kana": "こくぶしろやまこうえん",
    "address": "〒899-4316 鹿児島県霧島市国分上小川3819番地 国分城山公園",
    "prefecture": "鹿児島県",
    "city": "霧島市",
    "genre": "公園・城跡",
    "status": "現存",
    "phenomena": [
     "少年の霊"
    ],
    "features": [],
    "totalScore": 16375,
    "nationalRank": 670,
    "prefRank": 9,
    "fearRating": 3,
    "ratingCount": 110,
    "outline": "国分城山公園とは、鹿児島県霧島市にある公園・城跡の心霊スポットです。「こくぶしろやまこうえん」と読みます。この場所では少年の幽霊が現れるといった噂があるため心霊スポットと呼ばれています。",
    "comment": "夜行くとかなり怖い 特に電話ボックスあたり",
    "imageUrl": "https://ghostmap.jp/img/spot/display/20220917105409155.jpeg",
    "sourceUrl": "https://ghostmap.jp/spotdetail.php?spotcd=3368"
   }
  },
  {
   "type": "Feature",
   "geometry": {
    "type": "Point",
    "coordinates": [
     139.742799,
     38.751709
    ]
   },
   "properties": {
    "spotcd": 443,
    "name": "旧加茂坂トンネル",
    "kana": "きゅうかもさかとんねる",
    "address": "山形県鶴岡市 加茂バイパス",
    "prefecture": "山形県",
    "city": "鶴岡市",
    "genre": "トンネル",
    "status": "現存",
    "phenomena": [
     "女性の霊",
     "心霊写真"
    ],
    "features": [],
    "totalScore": 16371,
    "nationalRank": 672,
    "prefRank": 5,
    "fearRating": 4.23,
    "ratingCount": 80,
    "outline": "旧加茂坂トンネルとは、山形県鶴岡市にあるお化けトンネルです。「きゅうかもさかとんねる」と読みます。この場所では女性の幽霊が現れるといった噂があるため心霊スポットと呼ばれています。",
    "comment": "魔に行ったとき虎の置物はなかったけど何故かフェンスにクマのぬいぐるみが挟まっていた 不気味すぎた",
    "imageUrl": "https://ghostmap.jp/img/spot/display/20260621155709996.jpg",
    "sourceUrl": "https://ghostmap.jp/spotdetail.php?spotcd=443"
   }
  },
  {
   "type": "Feature",
   "geometry": {
    "type": "Point",
    "coordinates": [
     134.134312,
     34.990499
    ]
   },
   "properties": {
    "spotcd": 2345,
    "name": "ジャンボクラブ湯郷",
    "kana": "じゃんぼくらぶゆのごう",
    "address": "〒707-0062 岡山県美作市湯郷８６５−１ ※関係者以外は立ち入り禁止、無断で入ると不法侵入になります",
    "prefecture": "岡山県",
    "city": "美作市",
    "genre": "ホテル・旅館",
    "status": "現存",
    "phenomena": [
     "男性の霊",
     "声",
     "人影"
    ],
    "features": [
     "廃墟",
     "岡山県の廃墟"
    ],
    "totalScore": 16370,
    "nationalRank": 674,
    "prefRank": 11,
    "fearRating": 3.75,
    "ratingCount": 89,
    "outline": "ジャンボクラブ湯郷とは、岡山県美作市にある心霊廃墟です。「じゃんぼくらぶゆのごう」と読みます。この場所では男性の幽霊が現れるといった噂があるため心霊スポットと呼ばれています。",
    "comment": "名前を「不審死が連続した廃宿泊施設」に変更しました。",
    "imageUrl": "https://ghostmap.jp/img/spot/display/20241027162959868.jpg",
    "sourceUrl": "https://ghostmap.jp/spotdetail.php?spotcd=2345"
   }
  },
  {
   "type": "Feature",
   "geometry": {
    "type": "Point",
    "coordinates": [
     130.393478,
     33.559246
    ]
   },
   "properties": {
    "spotcd": 3156,
    "name": "鴻巣山緑地",
    "kana": "こうのすやまりょくち",
    "address": "〒810-0033 福岡県福岡市中央区小笹１丁目２３",
    "prefecture": "福岡県",
    "city": "福岡市",
    "genre": "公園・城跡",
    "status": "現存",
    "phenomena": [
     "女性の霊"
    ],
    "features": [],
    "totalScore": 16370,
    "nationalRank": 673,
    "prefRank": 10,
    "fearRating": 3.58,
    "ratingCount": 93,
    "outline": "鴻巣山緑地とは、福岡県福岡市にある公園・城跡の心霊スポットです。「こうのすやまりょくち」と読みます。この場所では女性の幽霊が現れるといった噂があるため心霊スポットと呼ばれています。",
    "comment": "首吊りおおいですね。",
    "imageUrl": "https://ghostmap.jp/img/spot/display/20230625215405427.jpeg",
    "sourceUrl": "https://ghostmap.jp/spotdetail.php?spotcd=3156"
   }
  },
  {
   "type": "Feature",
   "geometry": {
    "type": "Point",
    "coordinates": [
     136.226683,
     34.691616
    ]
   },
   "properties": {
    "spotcd": 283,
    "name": "鱒池亭",
    "kana": "ますいけてい",
    "address": "〒518-0203 三重県伊賀市勝地 ※関係者以外は立ち入り禁止、無断で入ると不法侵入になります",
    "prefecture": "三重県",
    "city": "伊賀市",
    "genre": "商業施設",
    "status": "現存",
    "phenomena": [
     "女性の霊",
     "声"
    ],
    "features": [
     "廃墟",
     "三重県の廃墟"
    ],
    "totalScore": 16368,
    "nationalRank": 676,
    "prefRank": 10,
    "fearRating": 3.64,
    "ratingCount": 91,
    "outline": "鱒池亭とは、三重県伊賀市にある心霊廃墟です。「ますいけてい」と読みます。この場所では女性の幽霊が現れるといった噂があるため心霊スポットと呼ばれています。",
    "comment": "旅館の経営者の奥様は、精神病院で入院してたみたいです・・ 今は亡くなっているのかは不明ですが・・・ 私の知人のお母さんが一時期担当していたと聞きました。",
    "imageUrl": "https://ghostmap.jp/img/spot/display/20240614213659956.jpg",
    "sourceUrl": "https://ghostmap.jp/spotdetail.php?spotcd=283"
   }
  },
  {
   "type": "Feature",
   "geometry": {
    "type": "Point",
    "coordinates": [
     140.607432,
     36.627464
    ]
   },
   "properties": {
    "spotcd": 119,
    "name": "一本杉（日立）",
    "kana": "いっぽんすぎ（ひたち）",
    "address": "〒317-0055 茨城県日立市宮田町 県道36号線",
    "prefecture": "茨城県",
    "city": "日立市",
    "genre": "樹木",
    "status": "現存",
    "phenomena": [
     "男性の霊"
    ],
    "features": [],
    "totalScore": 16364,
    "nationalRank": 679,
    "prefRank": 10,
    "fearRating": 3.68,
    "ratingCount": 89,
    "outline": "一本杉（日立）とは、茨城県日立市にある樹木の心霊スポットです。「いっぽんすぎ（ひたち）」と読みます。この場所では男性の幽霊が現れるといった噂があるため心霊スポットと呼ばれています。",
    "comment": "害獣ならぬ害樹ってかｗ",
    "imageUrl": null,
    "sourceUrl": "https://ghostmap.jp/spotdetail.php?spotcd=119"
   }
  },
  {
   "type": "Feature",
   "geometry": {
    "type": "Point",
    "coordinates": [
     136.270361,
     35.277266
    ]
   },
   "properties": {
    "spotcd": 271,
    "name": "旧佐和山トンネル",
    "kana": "きゅうさわやまとんねる",
    "address": "〒522-0007 滋賀県彦根市古沢町４４６",
    "prefecture": "滋賀県",
    "city": "彦根市",
    "genre": "トンネル",
    "status": "現存",
    "phenomena": [
     "男性の霊",
     "心霊写真"
    ],
    "features": [],
    "totalScore": 16362,
    "nationalRank": 680,
    "prefRank": 6,
    "fearRating": 3.71,
    "ratingCount": 88,
    "outline": "旧佐和山トンネルとは、滋賀県彦根市にあるお化けトンネルです。「きゅうさわやまとんねる」と読みます。この場所では男性の幽霊が現れるといった噂があるため心霊スポットと呼ばれています。",
    "comment": "今向かってまーす",
    "imageUrl": "https://ghostmap.jp/img/spot/display/20230125230848716.jpg",
    "sourceUrl": "https://ghostmap.jp/spotdetail.php?spotcd=271"
   }
  },
  {
   "type": "Feature",
   "geometry": {
    "type": "Point",
    "coordinates": [
     138.252334,
     35.908418
    ]
   },
   "properties": {
    "spotcd": 464,
    "name": "姥沢トンネル（49番トンネル）",
    "kana": "うばさわとんねる（49ばんとんねる）",
    "address": "〒399-0213 長野県諏訪郡富士見町乙事１２３０",
    "prefecture": "長野県",
    "city": "富士見町",
    "genre": "トンネル",
    "status": "現存",
    "phenomena": [
     "老婆の霊"
    ],
    "features": [],
    "totalScore": 16360,
    "nationalRank": 681,
    "prefRank": 9,
    "fearRating": 4.1,
    "ratingCount": 80,
    "outline": "姥沢トンネル（49番トンネル）とは、長野県富士見町にあるお化けトンネルです。「うばさわとんねる（49ばんとんねる）」と読みます。この場所では老婆の幽霊が現れるといった噂があるため心霊スポットと呼ばれています。",
    "comment": "コンクリで出入口が固められてるからもう中も見れないよ",
    "imageUrl": "https://ghostmap.jp/img/spot/display/201503232210040.jpg",
    "sourceUrl": "https://ghostmap.jp/spotdetail.php?spotcd=464"
   }
  },
  {
   "type": "Feature",
   "geometry": {
    "type": "Point",
    "coordinates": [
     131.171816,
     33.500111
    ]
   },
   "properties": {
    "spotcd": 159,
    "name": "青の洞門",
    "kana": "あおのどうもん",
    "address": "〒871-0201 大分県中津市本耶馬渓町樋田２３４",
    "prefecture": "大分県",
    "city": "中津市",
    "genre": "トンネル",
    "status": "現存",
    "phenomena": [
     "男性の霊",
     "心霊写真"
    ],
    "features": [],
    "totalScore": 16360,
    "nationalRank": 682,
    "prefRank": 5,
    "fearRating": 3.35,
    "ratingCount": 96,
    "outline": "青の洞門とは、大分県中津市にあるお化けトンネルです。「あおのどうもん」と読みます。この場所では男性の幽霊が現れるといった噂があるため心霊スポットと呼ばれています。",
    "comment": "菊池寛が書いた『恩讐の彼方に』で有名になりましたが、敵討の話は菊池寛の創作で、実在の禅海和尚は主君を殺していませんｗ",
    "imageUrl": null,
    "sourceUrl": "https://ghostmap.jp/spotdetail.php?spotcd=159"
   }
  },
  {
   "type": "Feature",
   "geometry": {
    "type": "Point",
    "coordinates": [
     136.520401,
     34.562234
    ]
   },
   "properties": {
    "spotcd": 290,
    "name": "呪われた灯篭",
    "kana": "のろわれたとうろう",
    "address": "〒515-0063 三重県松阪市大黒田町 和歌山街道",
    "prefecture": "三重県",
    "city": "松阪市",
    "genre": "その他",
    "status": "現存",
    "phenomena": [
     "男性の霊",
     "祟り"
    ],
    "features": [],
    "totalScore": 16356,
    "nationalRank": 683,
    "prefRank": 11,
    "fearRating": 3.46,
    "ratingCount": 92,
    "outline": "呪われた灯篭とは、三重県松阪市にあるその他の心霊スポットです。「のろわれたとうろう」と読みます。この場所では男性の幽霊が現れるといった噂があるため心霊スポットと呼ばれています。",
    "comment": "ネコがシッコかけてた",
    "imageUrl": "https://ghostmap.jp/img/spot/display/20241009132043911.jpg",
    "sourceUrl": "https://ghostmap.jp/spotdetail.php?spotcd=290"
   }
  },
  {
   "type": "Feature",
   "geometry": {
    "type": "Point",
    "coordinates": [
     127.797817,
     26.282735
    ]
   },
   "properties": {
    "spotcd": 108,
    "name": "中城高原ホテル",
    "kana": "なかぐすくこうげんほてる",
    "address": "〒901-2402 沖縄県中頭郡中城村泊 県道146号線 ※関係者以外は立ち入り禁止、無断で入ると不法侵入になります",
    "prefecture": "沖縄県",
    "city": "中城村",
    "genre": "ホテル・旅館",
    "status": "現存",
    "phenomena": [
     "少年の霊",
     "声"
    ],
    "features": [
     "廃墟",
     "沖縄県の廃墟"
    ],
    "totalScore": 16353,
    "nationalRank": 686,
    "prefRank": 11,
    "fearRating": 4.12,
    "ratingCount": 78,
    "outline": "中城高原ホテルとは、沖縄県中城村にある心霊廃墟です。「なかぐすくこうげんほてる」と読みます。この場所では少年の幽霊が現れるといった噂があるため心霊スポットと呼ばれています。",
    "comment": "外人が銃の試し撃ちしてるという噂を聞いたことあるな いかない方がいいよ",
    "imageUrl": null,
    "sourceUrl": "https://ghostmap.jp/spotdetail.php?spotcd=108"
   }
  },
  {
   "type": "Feature",
   "geometry": {
    "type": "Point",
    "coordinates": [
     135.891652,
     34.398465
    ]
   },
   "properties": {
    "spotcd": 235,
    "name": "津風呂湖",
    "kana": "つぶろこ",
    "address": "〒639-3102 奈良県吉野郡吉野町 県道256号線",
    "prefecture": "奈良県",
    "city": "吉野町",
    "genre": "湖（池）・ダム",
    "status": "現存",
    "phenomena": [
     "女性の霊"
    ],
    "features": [],
    "totalScore": 16350,
    "nationalRank": 688,
    "prefRank": 10,
    "fearRating": 4.26,
    "ratingCount": 75,
    "outline": "津風呂湖とは、奈良県吉野町にある湖（池）・ダムの心霊スポットです。「つぶろこ」と読みます。この場所では女性の幽霊が現れるといった噂があるため心霊スポットと呼ばれています。",
    "comment": "昔々 夜中に吊り橋行ったけど、アレはあかんで〜シャレにならんで〜。 同級生も別日に行ってたらしく、数名同時に水面に立つ女性を目撃。",
    "imageUrl": "https://ghostmap.jp/img/spot/display/20230415223759838.JPG",
    "sourceUrl": "https://ghostmap.jp/spotdetail.php?spotcd=235"
   }
  },
  {
   "type": "Feature",
   "geometry": {
    "type": "Point",
    "coordinates": [
     132.438469,
     35.105305
    ]
   },
   "properties": {
    "spotcd": 1418,
    "name": "石見銀山",
    "kana": "いわみぎんざん",
    "address": "〒694-0305 島根県大田市大森町ニ７３",
    "prefecture": "島根県",
    "city": "大田市",
    "genre": "山・森",
    "status": "現存",
    "phenomena": [
     "男性の霊",
     "声",
     "人影"
    ],
    "features": [
     "処刑場"
    ],
    "totalScore": 16347,
    "nationalRank": 690,
    "prefRank": 4,
    "fearRating": 2.61,
    "ratingCount": 115,
    "outline": "石見銀山とは、島根県大田市にある山・森の心霊スポットです。「いわみぎんざん」と読みます。この場所では男性の幽霊が現れるといった噂があるため心霊スポットと呼ばれています。",
    "comment": "各種報道によると、石見銀山で観光客の女性が転落事故死したとのことです。",
    "imageUrl": "https://ghostmap.jp/img/spot/display/20171213103803169.jpg",
    "sourceUrl": "https://ghostmap.jp/spotdetail.php?spotcd=1418"
   }
  },
  {
   "type": "Feature",
   "geometry": {
    "type": "Point",
    "coordinates": [
     140.493489,
     40.727941
    ]
   },
   "properties": {
    "spotcd": 3942,
    "name": "ねぷた温泉",
    "kana": "ねぷたおんせん",
    "address": "〒038-3634 青森県北津軽郡板柳町高増沢田１０８ ※関係者以外は立ち入り禁止、無断で入ると不法侵入になります",
    "prefecture": "青森県",
    "city": "板柳町",
    "genre": "商業施設",
    "status": "現存",
    "phenomena": [
     "正体不明の霊",
     "足音"
    ],
    "features": [
     "廃墟",
     "青森県の廃墟"
    ],
    "totalScore": 16343,
    "nationalRank": 693,
    "prefRank": 10,
    "fearRating": 4.22,
    "ratingCount": 74,
    "outline": "ねぷた温泉とは、青森県板柳町にある心霊廃墟です。「ねぷたおんせん」と読みます。この場所では正体不明の幽霊が現れるといった噂があるため心霊スポットと呼ばれています。",
    "comment": "私の動画が勝手にこちらに投稿されててびっくりしました",
    "imageUrl": null,
    "sourceUrl": "https://ghostmap.jp/spotdetail.php?spotcd=3942"
   }
  },
  {
   "type": "Feature",
   "geometry": {
    "type": "Point",
    "coordinates": [
     133.81198,
     34.435982
    ]
   },
   "properties": {
    "spotcd": 1581,
    "name": "鷲羽山",
    "kana": "わしゅうざん",
    "address": "〒711-0925 岡山県倉敷市下津井田之浦１−２",
    "prefecture": "岡山県",
    "city": "倉敷市",
    "genre": "山・森",
    "status": "現存",
    "phenomena": [
     "男性の霊"
    ],
    "features": [
     "デートスポット"
    ],
    "totalScore": 16343,
    "nationalRank": 692,
    "prefRank": 12,
    "fearRating": 3.83,
    "ratingCount": 81,
    "outline": "鷲羽山とは、岡山県倉敷市にある山・森の心霊スポットです。「わしゅうざん」と読みます。この場所では男性の幽霊が現れるといった噂があるため心霊スポットと呼ばれています。",
    "comment": "料金所に立ってた白骨男に通行料取られたんですけど裁判すれば取り返せますか？",
    "imageUrl": null,
    "sourceUrl": "https://ghostmap.jp/spotdetail.php?spotcd=1581"
   }
  },
  {
   "type": "Feature",
   "geometry": {
    "type": "Point",
    "coordinates": [
     135.836259,
     34.859498
    ]
   },
   "properties": {
    "spotcd": 172,
    "name": "くつわ池",
    "kana": "くつわいけ",
    "address": "〒610-0255 京都府綴喜郡宇治田原町郷之口末山３−３",
    "prefecture": "京都府",
    "city": "宇治田原町",
    "genre": "湖（池）・ダム",
    "status": "現存",
    "phenomena": [
     "女性の霊",
     "心霊写真"
    ],
    "features": [],
    "totalScore": 16339,
    "nationalRank": 695,
    "prefRank": 16,
    "fearRating": 3.73,
    "ratingCount": 82,
    "outline": "くつわ池とは、京都府宇治田原町にある湖（池）・ダムの心霊スポットです。「くつわいけ」と読みます。この場所では女性の幽霊が現れるといった噂があるため心霊スポットと呼ばれています。",
    "comment": "遅レスですが、バラバラ殺人事件ありましたよ。すごい昔の話。 五十代の私が中学生くらいの時。 死体をそこまで運んでバラバラにした上に燃やして証拠隠滅しようとした事件。",
    "imageUrl": null,
    "sourceUrl": "https://ghostmap.jp/spotdetail.php?spotcd=172"
   }
  },
  {
   "type": "Feature",
   "geometry": {
    "type": "Point",
    "coordinates": [
     127.715191,
     26.228874
    ]
   },
   "properties": {
    "spotcd": 1226,
    "name": "末吉公園",
    "kana": "すえよしこうえん",
    "address": "〒903-0802 沖縄県那覇市首里大名町１丁目１５４−１７",
    "prefecture": "沖縄県",
    "city": "那覇市",
    "genre": "公園・城跡",
    "status": "現存",
    "phenomena": [
     "男性の霊"
    ],
    "features": [],
    "totalScore": 16338,
    "nationalRank": 697,
    "prefRank": 12,
    "fearRating": 3.82,
    "ratingCount": 80,
    "outline": "末吉公園とは、沖縄県那覇市にある公園・城跡の心霊スポットです。「すえよしこうえん」と読みます。この場所では男性の幽霊が現れるといった噂があるため心霊スポットと呼ばれています。",
    "comment": "この公園はもともと神高い土地の神様が居ます。沖縄では最強クラスの。 白い着物の髪の長い女性の神様のようです。嫉妬心が強く、カップルでこの公園に行くと嫉妬で悪さしてくるんだとか。",
    "imageUrl": "https://ghostmap.jp/img/spot/display/20170620113236737.jpg",
    "sourceUrl": "https://ghostmap.jp/spotdetail.php?spotcd=1226"
   }
  },
  {
   "type": "Feature",
   "geometry": {
    "type": "Point",
    "coordinates": [
     137.430321,
     36.748171
    ]
   },
   "properties": {
    "spotcd": 51,
    "name": "白倉トンネル",
    "kana": "しらくらとんねる",
    "address": "〒937-0834 富山県魚津市鹿熊 県道67号線",
    "prefecture": "富山県",
    "city": "魚津市",
    "genre": "トンネル",
    "status": "現存",
    "phenomena": [
     "男性の霊"
    ],
    "features": [],
    "totalScore": 16337,
    "nationalRank": 698,
    "prefRank": 6,
    "fearRating": 3.7,
    "ratingCount": 82,
    "outline": "白倉トンネルとは、富山県魚津市にあるお化けトンネルです。「しらくらとんねる」と読みます。この場所では男性の幽霊が現れるといった噂があるため心霊スポットと呼ばれています。",
    "comment": "19歳の少年は、米騒動の怨霊にとり憑かれたのだと思います。",
    "imageUrl": "https://ghostmap.jp/img/spot/display/20181226122033263.jpg",
    "sourceUrl": "https://ghostmap.jp/spotdetail.php?spotcd=51"
   }
  },
  {
   "type": "Feature",
   "geometry": {
    "type": "Point",
    "coordinates": [
     140.201874,
     37.432542
    ]
   },
   "properties": {
    "spotcd": 73,
    "name": "御霊櫃峠",
    "kana": "ごれいびつとうげ",
    "address": "〒963-0213 福島県郡山市逢瀬町多田野",
    "prefecture": "福島県",
    "city": "郡山市",
    "genre": "道・峠",
    "status": "現存",
    "phenomena": [
     "男性の霊"
    ],
    "features": [
     "デートスポット"
    ],
    "totalScore": 16334,
    "nationalRank": 702,
    "prefRank": 14,
    "fearRating": 3.52,
    "ratingCount": 85,
    "outline": "御霊櫃峠とは、福島県郡山市にある道・峠の心霊スポットです。「ごれいびつとうげ」と読みます。この場所では男性の幽霊が現れるといった噂があるため心霊スポットと呼ばれています。",
    "comment": "地元民だけど霊よりも道の細さと見通しの悪さの方が怖いｗｗ 霊を気にしてる余裕のある人なんているのだろうか というか、名前がおどろおどろしいだけで何にもないんだよなあ、実際…。",
    "imageUrl": "https://ghostmap.jp/img/spot/display/20210712230027683.jpeg",
    "sourceUrl": "https://ghostmap.jp/spotdetail.php?spotcd=73"
   }
  },
  {
   "type": "Feature",
   "geometry": {
    "type": "Point",
    "coordinates": [
     132.734763,
     34.960044
    ]
   },
   "properties": {
    "spotcd": 90,
    "name": "赤名トンネル",
    "kana": "あかなとんねる",
    "address": "〒690-3512 島根県飯石郡飯南町上赤名",
    "prefecture": "島根県",
    "city": "飯南町",
    "genre": "トンネル",
    "status": "現存",
    "phenomena": [
     "女性の霊"
    ],
    "features": [],
    "totalScore": 16329,
    "nationalRank": 706,
    "prefRank": 5,
    "fearRating": 2.51,
    "ratingCount": 113,
    "outline": "赤名トンネルとは、島根県飯南町にあるお化けトンネルです。「あかなとんねる」と読みます。この場所では女性の幽霊が現れるといった噂があるため心霊スポットと呼ばれています。",
    "comment": "近所や。。。目撃例はよく聞くけど、実際見た事は無いな。",
    "imageUrl": null,
    "sourceUrl": "https://ghostmap.jp/spotdetail.php?spotcd=90"
   }
  },
  {
   "type": "Feature",
   "geometry": {
    "type": "Point",
    "coordinates": [
     127.850367,
     26.5052
    ]
   },
   "properties": {
    "spotcd": 764,
    "name": "万座毛",
    "kana": "まんざもう",
    "address": "〒904-0411 沖縄県国頭郡恩納村恩納２８７１",
    "prefecture": "沖縄県",
    "city": "恩納村",
    "genre": "海",
    "status": "現存",
    "phenomena": [
     "女性の霊",
     "心霊写真"
    ],
    "features": [],
    "totalScore": 16328,
    "nationalRank": 708,
    "prefRank": 13,
    "fearRating": 4.09,
    "ratingCount": 73,
    "outline": "万座毛とは、沖縄県恩納村にある海の心霊スポットです。「まんざもう」と読みます。この場所では女性の幽霊が現れるといった噂があるため心霊スポットと呼ばれています。",
    "comment": "沖縄旅行いって、夜な夜な金縛り&男性のうめき声があった あまり怖さはなかったがすぐにピンときてその日行ったところを調べたら万座毛の集団投身が引っかかり、ああこれだなと腑に落ちた すぐ寝た",
    "imageUrl": null,
    "sourceUrl": "https://ghostmap.jp/spotdetail.php?spotcd=764"
   }
  },
  {
   "type": "Feature",
   "geometry": {
    "type": "Point",
    "coordinates": [
     139.848114,
     36.55313
    ]
   },
   "properties": {
    "spotcd": 2741,
    "name": "鶴田沼(ひょうたん沼)",
    "kana": "つるたぬま(ひょうたんぬま)",
    "address": "〒320-0851 栃木県宇都宮市鶴田町１５９４−４",
    "prefecture": "栃木県",
    "city": "宇都宮市",
    "genre": "湖（池）・ダム",
    "status": "現存",
    "phenomena": [
     "少年の霊"
    ],
    "features": [
     "自殺の名所"
    ],
    "totalScore": 16327,
    "nationalRank": 710,
    "prefRank": 15,
    "fearRating": 3.79,
    "ratingCount": 78,
    "outline": "鶴田沼(ひょうたん沼)とは、栃木県宇都宮市にある湖（池）・ダムの心霊スポットです。「つるたぬま(ひょうたんぬま)」と読みます。この場所では少年の幽霊が現れるといった噂があるため心霊スポットと呼ばれています。",
    "comment": "夕方ぐらいに友達と釣りをしてたらジジイが話しかけてきた 普通に人間かと思ったけど調べたらジジイの幽霊が出てきたってやつを見て 友達とあれ幽霊だったんじゃねみたいな感じになってた",
    "imageUrl": "https://ghostmap.jp/img/spot/display/20211128124219703.jpeg",
    "sourceUrl": "https://ghostmap.jp/spotdetail.php?spotcd=2741"
   }
  },
  {
   "type": "Feature",
   "geometry": {
    "type": "Point",
    "coordinates": [
     136.385808,
     36.251251
    ]
   },
   "properties": {
    "spotcd": 101,
    "name": "旧四十九院トンネル",
    "kana": "きゅうしじゅうくいんとんねる",
    "address": "石川県加賀市 県道39号線",
    "prefecture": "石川県",
    "city": "加賀市",
    "genre": "トンネル",
    "status": "現存",
    "phenomena": [
     "女性の霊",
     "心霊写真"
    ],
    "features": [],
    "totalScore": 16327,
    "nationalRank": 709,
    "prefRank": 5,
    "fearRating": 4.08,
    "ratingCount": 73,
    "outline": "旧四十九院トンネルとは、石川県加賀市にあるお化けトンネルです。「きゅうしじゅうくいんとんねる」と読みます。この場所では女性の幽霊が現れるといった噂があるため心霊スポットと呼ばれています。",
    "comment": "友達の友達は夜にここにいって車のエンジンがかからなくなったそうですよ、ふさげて行かないほうがいいと思います",
    "imageUrl": null,
    "sourceUrl": "https://ghostmap.jp/spotdetail.php?spotcd=101"
   }
  },
  {
   "type": "Feature",
   "geometry": {
    "type": "Point",
    "coordinates": [
     139.692932,
     36.897514
    ]
   },
   "properties": {
    "spotcd": 3574,
    "name": "川治ダム",
    "kana": "かわじだむ",
    "address": "〒321-2611 栃木県日光市川治温泉川治 川治ダムサイド",
    "prefecture": "栃木県",
    "city": "日光市",
    "genre": "湖（池）・ダム",
    "status": "現存",
    "phenomena": [
     "女性の霊"
    ],
    "features": [
     "自殺の名所"
    ],
    "totalScore": 16325,
    "nationalRank": 712,
    "prefRank": 16,
    "fearRating": 4.11,
    "ratingCount": 72,
    "outline": "川治ダム とは、栃木県日光市にある湖（池）・ダムの心霊スポットです。「かわじだむ」と読みます。この場所では女性の幽霊が現れるといった噂があるため心霊スポットと呼ばれています。",
    "comment": "運送業でよく通るが、視界の端に変な人影を2、3回ほどみた",
    "imageUrl": null,
    "sourceUrl": "https://ghostmap.jp/spotdetail.php?spotcd=3574"
   }
  },
  {
   "type": "Feature",
   "geometry": {
    "type": "Point",
    "coordinates": [
     130.786206,
     33.168929
    ]
   },
   "properties": {
    "spotcd": 1809,
    "name": "日向神ダム",
    "kana": "ひゅうがみだむ",
    "address": "〒834-1402 福岡県八女市矢部村矢部 国道442号線 鶴橋",
    "prefecture": "福岡県",
    "city": "八女市",
    "genre": "湖（池）・ダム",
    "status": "現存",
    "phenomena": [
     "男性の霊"
    ],
    "features": [
     "自殺の名所"
    ],
    "totalScore": 16324,
    "nationalRank": 713,
    "prefRank": 11,
    "fearRating": 4.04,
    "ratingCount": 73,
    "outline": "日向神ダムとは、福岡県八女市にある湖（池）・ダムの心霊スポットです。「ひゅうがみだむ」と読みます。この場所では男性の幽霊が現れるといった噂があるため心霊スポットと呼ばれています。",
    "comment": "無し",
    "imageUrl": "https://ghostmap.jp/img/spot/display/20180913164955743.jpeg",
    "sourceUrl": "https://ghostmap.jp/spotdetail.php?spotcd=1809"
   }
  },
  {
   "type": "Feature",
   "geometry": {
    "type": "Point",
    "coordinates": [
     136.121222,
     35.767077
    ]
   },
   "properties": {
    "spotcd": 187,
    "name": "山中トンネル",
    "kana": "やまなかとんねる",
    "address": "〒919-0200 福井県南条郡南越前町山中",
    "prefecture": "福井県",
    "city": "南越前町",
    "genre": "トンネル",
    "status": "現存",
    "phenomena": [
     "女性の霊"
    ],
    "features": [],
    "totalScore": 16320,
    "nationalRank": 714,
    "prefRank": 5,
    "fearRating": 3.86,
    "ratingCount": 75,
    "outline": "山中トンネルとは、福井県南越前町にあるお化けトンネルです。「やまなかとんねる」と読みます。この場所では女性の幽霊が現れるといった噂があるため心霊スポットと呼ばれています。",
    "comment": "脇に廃トンネルがあるYO",
    "imageUrl": "https://ghostmap.jp/img/spot/display/20200712125201435.jpeg",
    "sourceUrl": "https://ghostmap.jp/spotdetail.php?spotcd=187"
   }
  },
  {
   "type": "Feature",
   "geometry": {
    "type": "Point",
    "coordinates": [
     130.924234,
     33.47579
    ]
   },
   "properties": {
    "spotcd": 37,
    "name": "英彦山",
    "kana": "ひこさん",
    "address": "福岡県田川郡添田町 国道500号線",
    "prefecture": "福岡県",
    "city": "添田町",
    "genre": "山・森",
    "status": "現存",
    "phenomena": [
     "正体不明の霊"
    ],
    "features": [],
    "totalScore": 16316,
    "nationalRank": 719,
    "prefRank": 12,
    "fearRating": 3.19,
    "ratingCount": 88,
    "outline": "英彦山とは、福岡県添田町にある山・森の心霊スポットです。「ひこさん」と読みます。この場所では正体不明の幽霊が現れるといった噂があるため心霊スポットと呼ばれています。",
    "comment": "行こう行こう英彦山へ♪ 行こう行こう湯～遊～へ♪ ゆっくりのんびり楽しい♪ 英彦山湯遊共和国♪ おいでなさい",
    "imageUrl": "https://ghostmap.jp/img/spot/display/20260601144635634.jpeg",
    "sourceUrl": "https://ghostmap.jp/spotdetail.php?spotcd=37"
   }
  },
  {
   "type": "Feature",
   "geometry": {
    "type": "Point",
    "coordinates": [
     131.867877,
     34.187321
    ]
   },
   "properties": {
    "spotcd": 1631,
    "name": "山口連続殺人放火事件現場",
    "kana": "やまぐちれんぞくさつじんほうかじけんげんば",
    "address": "〒745-0402 山口県周南市金峰３９４９−１",
    "prefecture": "山口県",
    "city": "周南市",
    "genre": "その他",
    "status": "現存",
    "phenomena": [
     "男性の霊"
    ],
    "features": [
     "火事"
    ],
    "totalScore": 16310,
    "nationalRank": 726,
    "prefRank": 11,
    "fearRating": 3.24,
    "ratingCount": 85,
    "outline": "山口連続殺人放火事件現場とは、山口県周南市にあるその他の心霊スポットです。「やまぐちれんぞくさつじんほうかじけんげんば」と読みます。この場所では男性の幽霊が現れるといった噂があるため心霊スポットと呼ばれています。",
    "comment": "田舎の民度の低さは幽霊すら恐れおののく",
    "imageUrl": "https://ghostmap.jp/img/spot/display/20180624180417877.jpg",
    "sourceUrl": "https://ghostmap.jp/spotdetail.php?spotcd=1631"
   }
  },
  {
   "type": "Feature",
   "geometry": {
    "type": "Point",
    "coordinates": [
     141.01067,
     39.222726
    ]
   },
   "properties": {
    "spotcd": 415,
    "name": "おいし観音",
    "kana": "おいしかんのん",
    "address": "〒029-4503 岩手県胆沢郡金ケ崎町西根千貫石４",
    "prefecture": "岩手県",
    "city": "金ケ崎町",
    "genre": "墓地・慰霊碑",
    "status": "現存",
    "phenomena": [
     "女性の霊",
     "声",
     "人影",
     "祟り"
    ],
    "features": [],
    "totalScore": 16308,
    "nationalRank": 728,
    "prefRank": 15,
    "fearRating": 4.19,
    "ratingCount": 67,
    "outline": "おいし観音とは、岩手県金ケ崎町にある墓地・慰霊碑の心霊スポットです。「おいしかんのん」と読みます。この場所では女性の幽霊が現れるといった噂があるため心霊スポットと呼ばれています。",
    "comment": "おいしって人可愛そうやなぁ。誰だって人柱とかになるのは嫌ですよね。",
    "imageUrl": "https://ghostmap.jp/img/spot/display/20240619005903672.JPG",
    "sourceUrl": "https://ghostmap.jp/spotdetail.php?spotcd=415"
   }
  },
  {
   "type": "Feature",
   "geometry": {
    "type": "Point",
    "coordinates": [
     136.619335,
     34.998038
    ]
   },
   "properties": {
    "spotcd": 2960,
    "name": "垂坂山展望台と垂坂公園",
    "kana": "たるさかやまてんぼうだいとたるさかこうえん",
    "address": "〒510-8037 三重県四日市市垂坂町３３７−５",
    "prefecture": "三重県",
    "city": "四日市市",
    "genre": "公園・城跡",
    "status": "現存",
    "phenomena": [
     "女性の霊",
     "声",
     "心霊写真"
    ],
    "features": [],
    "totalScore": 16308,
    "nationalRank": 727,
    "prefRank": 12,
    "fearRating": 3.13,
    "ratingCount": 87,
    "outline": "垂坂山展望台と垂坂公園とは、三重県四日市市にある公園・城跡の心霊スポットです。「たるさかやまてんぼうだいとたるさかこうえん」と読みます。この場所では女性の幽霊が現れるといった噂があるため心霊スポットと呼ばれています。",
    "comment": "過去に垂坂公園の近くに住んでいました。 夜中に散歩しても心霊系の事は何も起こらずですが、夏場はヤンキーがたむろして大声をあげたりしていたのでそっちの方が怖い位ですね。",
    "imageUrl": null,
    "sourceUrl": "https://ghostmap.jp/spotdetail.php?spotcd=2960"
   }
  },
  {
   "type": "Feature",
   "geometry": {
    "type": "Point",
    "coordinates": [
     133.897547,
     34.655607
    ]
   },
   "properties": {
    "spotcd": 2792,
    "name": "土井西地下道(野田の地下道)",
    "kana": "どいにしちかどう(のだのちかどう)",
    "address": "〒700-0971 岡山県岡山市北区野田４丁目１５−２２",
    "prefecture": "岡山県",
    "city": "岡山市",
    "genre": "道・峠",
    "status": "現存",
    "phenomena": [
     "老婆の霊",
     "声"
    ],
    "features": [],
    "totalScore": 16307,
    "nationalRank": 729,
    "prefRank": 13,
    "fearRating": 4.11,
    "ratingCount": 68,
    "outline": "土井西地下道(野田の地下道)とは、岡山県岡山市にある道・峠の心霊スポットです。「どいにしちかどう(のだのちかどう)」と読みます。この場所では老婆の幽霊が現れるといった噂があるため心霊スポットと呼ばれています。",
    "comment": "自転車がやっと通れるだけのとこでそのまま目の前のばーさん轢くとかw ひき逃げってバックで戻って行ったのか？",
    "imageUrl": "https://ghostmap.jp/img/spot/display/20220813011742371.jpg",
    "sourceUrl": "https://ghostmap.jp/spotdetail.php?spotcd=2792"
   }
  },
  {
   "type": "Feature",
   "geometry": {
    "type": "Point",
    "coordinates": [
     130.979227,
     33.74883
    ]
   },
   "properties": {
    "spotcd": 3981,
    "name": "エレガンスホテル・ルイ",
    "kana": "えれがんすほてる・るい",
    "address": "〒800-0323 福岡県京都郡苅田町与原１２３ ※関係者以外は立ち入り禁止、無断で入ると不法侵入になります",
    "prefecture": "福岡県",
    "city": "苅田町",
    "genre": "ホテル・旅館",
    "status": "現存",
    "phenomena": [
     "女性の霊",
     "声",
     "人影"
    ],
    "features": [
     "廃墟",
     "福岡県の廃墟"
    ],
    "totalScore": 16307,
    "nationalRank": 730,
    "prefRank": 13,
    "fearRating": 3.64,
    "ratingCount": 76,
    "outline": "エレガンスホテル・ルイとは、福岡県苅田町にある心霊廃墟です。「えれがんすほてる・るい」と読みます。この場所では女性の幽霊が現れるといった噂があるため心霊スポットと呼ばれています。",
    "comment": "そのホテルのオーナーは桜木ルイか太川陽介だったのかな？",
    "imageUrl": null,
    "sourceUrl": "https://ghostmap.jp/spotdetail.php?spotcd=3981"
   }
  },
  {
   "type": "Feature",
   "geometry": {
    "type": "Point",
    "coordinates": [
     140.704021,
     38.329501
    ]
   },
   "properties": {
    "spotcd": 4649,
    "name": "天狗茶屋",
    "kana": "てんぐちゃや",
    "address": "〒989-3213 宮城県仙台市青葉区大倉上山崎１４−２ ※関係者以外は立ち入り禁止、無断で入ると不法侵入になります",
    "prefecture": "宮城県",
    "city": "仙台市",
    "genre": "商業施設",
    "status": "現存",
    "phenomena": [
     "女性の霊"
    ],
    "features": [
     "廃墟",
     "宮城県の廃墟"
    ],
    "totalScore": 16306,
    "nationalRank": 731,
    "prefRank": 13,
    "fearRating": 3.91,
    "ratingCount": 71,
    "outline": "天狗茶屋とは、宮城県仙台市にある心霊廃墟です。「てんぐちゃや」と読みます。この場所では女性の幽霊が現れるといった噂があるため心霊スポットと呼ばれています。",
    "comment": "天狗の仕業……、なんて言い方は昔からあるな。",
    "imageUrl": "https://ghostmap.jp/img/spot/display/20220629055753937.jpg",
    "sourceUrl": "https://ghostmap.jp/spotdetail.php?spotcd=4649"
   }
  },
  {
   "type": "Feature",
   "geometry": {
    "type": "Point",
    "coordinates": [
     140.626802,
     36.034108
    ]
   },
   "properties": {
    "spotcd": 1823,
    "name": "大野潮騒はまなす公園",
    "kana": "おおのしおさいはまなすこうえん",
    "address": "〒311-2212 茨城県鹿嶋市角折２０９６番地１ 大野潮騒はまなす公園",
    "prefecture": "茨城県",
    "city": "鹿嶋市",
    "genre": "公園・城跡",
    "status": "現存",
    "phenomena": [
     "少年の霊"
    ],
    "features": [],
    "totalScore": 16306,
    "nationalRank": 732,
    "prefRank": 11,
    "fearRating": 3.52,
    "ratingCount": 78,
    "outline": "大野潮騒はまなす公園とは、茨城県鹿嶋市にある公園・城跡の心霊スポットです。「おおのしおさいはまなすこうえん」と読みます。この場所では少年の幽霊が現れるといった噂があるため心霊スポットと呼ばれています。",
    "comment": "昼に遊びに行ったことがあるが心霊スポットだとは知らなかった。 言われてみればどんよりした雰囲気はあるかもしれない。 夜に行くとまた雰囲気変わるのだろうか。",
    "imageUrl": null,
    "sourceUrl": "https://ghostmap.jp/spotdetail.php?spotcd=1823"
   }
  },
  {
   "type": "Feature",
   "geometry": {
    "type": "Point",
    "coordinates": [
     138.197247,
     36.55574
    ]
   },
   "properties": {
    "spotcd": 1742,
    "name": "松代象山地下壕",
    "kana": "まつしろぞうざんちかごう",
    "address": "〒381-1232 長野県長野市松代町西条４７９−１０",
    "prefecture": "長野県",
    "city": "長野市",
    "genre": "その他",
    "status": "現存",
    "phenomena": [
     "男性の霊"
    ],
    "features": [],
    "totalScore": 16304,
    "nationalRank": 734,
    "prefRank": 10,
    "fearRating": 3.35,
    "ratingCount": 81,
    "outline": "松代象山地下壕とは、長野県長野市にあるその他の心霊スポットです。「まつしろぞうざんちかごう」と読みます。この場所では男性の幽霊が現れるといった噂があるため心霊スポットと呼ばれています。",
    "comment": "象山のほかに周辺の皆神山、舞鶴山にも地下壕があるらしい。皆神山はピラミッドだとかいう話もあったな。本当なのかえ？",
    "imageUrl": "https://ghostmap.jp/img/spot/display/20180804182825682.jpg",
    "sourceUrl": "https://ghostmap.jp/spotdetail.php?spotcd=1742"
   }
  },
  {
   "type": "Feature",
   "geometry": {
    "type": "Point",
    "coordinates": [
     136.379533,
     34.805276
    ]
   },
   "properties": {
    "spotcd": 287,
    "name": "安濃ダム",
    "kana": "あのうだむ",
    "address": "〒514-2207 三重県津市芸濃町河内 県道42号線",
    "prefecture": "三重県",
    "city": "津市",
    "genre": "湖（池）・ダム",
    "status": "現存",
    "phenomena": [
     "女性の霊",
     "声",
     "心霊写真"
    ],
    "features": [],
    "totalScore": 16299,
    "nationalRank": 738,
    "prefRank": 13,
    "fearRating": 3.33,
    "ratingCount": 80,
    "outline": "安濃ダムとは、三重県津市にある湖（池）・ダムの心霊スポットです。「あのうだむ」と読みます。この場所では女性の幽霊が現れるといった噂があるため心霊スポットと呼ばれています。",
    "comment": "心霊の噂が安濃ダムにあったなんてはじめて聞いた。昼間何度も行ったけど、特に雰囲気が気味悪いとかそんなのないですよ。夜は山道ですし、雰囲気はあるかもしれませんね。",
    "imageUrl": null,
    "sourceUrl": "https://ghostmap.jp/spotdetail.php?spotcd=287"
   }
  },
  {
   "type": "Feature",
   "geometry": {
    "type": "Point",
    "coordinates": [
     127.669311,
     26.078971
    ]
   },
   "properties": {
    "spotcd": 164,
    "name": "喜屋武岬",
    "kana": "きゃんみさき",
    "address": "〒901-0354 沖縄県糸満市喜屋武",
    "prefecture": "沖縄県",
    "city": "糸満市",
    "genre": "海",
    "status": "現存",
    "phenomena": [
     "女性の霊"
    ],
    "features": [],
    "totalScore": 16297,
    "nationalRank": 740,
    "prefRank": 14,
    "fearRating": 3.97,
    "ratingCount": 68,
    "outline": "喜屋武岬とは、沖縄県糸満市にある海の心霊スポットです。「きゃんみさき」と読みます。この場所では女性の幽霊が現れるといった噂があるため心霊スポットと呼ばれています。",
    "comment": "霊感のある人は、入り口で危険と判断して引き返して近寄りません。",
    "imageUrl": null,
    "sourceUrl": "https://ghostmap.jp/spotdetail.php?spotcd=164"
   }
  },
  {
   "type": "Feature",
   "geometry": {
    "type": "Point",
    "coordinates": [
     140.880848,
     38.295241
    ]
   },
   "properties": {
    "spotcd": 2387,
    "name": "台原森林公園",
    "kana": "だいのはらしんりんこうえん",
    "address": "〒981-0904 宮城県仙台市青葉区旭ケ丘３丁目 瞑想の松通り",
    "prefecture": "宮城県",
    "city": "仙台市",
    "genre": "公園・城跡",
    "status": "現存",
    "phenomena": [
     "男性の霊",
     "声"
    ],
    "features": [],
    "totalScore": 16286,
    "nationalRank": 747,
    "prefRank": 14,
    "fearRating": 3.36,
    "ratingCount": 76,
    "outline": "台原森林公園とは、宮城県仙台市にある公園・城跡の心霊スポットです。「だいのはらしんりんこうえん」と読みます。この場所では男性の幽霊が現れるといった噂があるため心霊スポットと呼ばれています。",
    "comment": "伝染病か。 何の伝染病だろう。結核か赤痢かペストか。",
    "imageUrl": "https://ghostmap.jp/img/spot/display/20231224020903866.jpeg",
    "sourceUrl": "https://ghostmap.jp/spotdetail.php?spotcd=2387"
   }
  },
  {
   "type": "Feature",
   "geometry": {
    "type": "Point",
    "coordinates": [
     140.122555,
     39.724101
    ]
   },
   "properties": {
    "spotcd": 418,
    "name": "千秋トンネル",
    "kana": "せんしゅうとんねる",
    "address": "〒010-0876 秋田県秋田市千秋公園１ 千秋トンネル通り",
    "prefecture": "秋田県",
    "city": "秋田市",
    "genre": "トンネル",
    "status": "現存",
    "phenomena": [
     "女性の霊"
    ],
    "features": [],
    "totalScore": 16281,
    "nationalRank": 752,
    "prefRank": 6,
    "fearRating": 3.34,
    "ratingCount": 75,
    "outline": "千秋トンネルとは、秋田県秋田市にあるお化けトンネルです。「せんしゅうとんねる」と読みます。この場所では女性の幽霊が現れるといった噂があるため心霊スポットと呼ばれています。",
    "comment": "ここを毎朝通ってますけど、ハッキリ言って全く心霊は無いです。",
    "imageUrl": "https://ghostmap.jp/img/spot/display/201412211624080.jpg",
    "sourceUrl": "https://ghostmap.jp/spotdetail.php?spotcd=418"
   }
  },
  {
   "type": "Feature",
   "geometry": {
    "type": "Point",
    "coordinates": [
     139.698905,
     40.004353
    ]
   },
   "properties": {
    "spotcd": 111,
    "name": "入道崎（入道岬）",
    "kana": "にゅうどうざき（にゅうどうみさき）",
    "address": "〒010-0675 秋田県男鹿市北浦入道崎昆布浦２−１４",
    "prefecture": "秋田県",
    "city": "男鹿市",
    "genre": "海",
    "status": "現存",
    "phenomena": [
     "女性の霊",
     "心霊写真"
    ],
    "features": [
     "自殺の名所"
    ],
    "totalScore": 16280,
    "nationalRank": 753,
    "prefRank": 7,
    "fearRating": 4.04,
    "ratingCount": 63,
    "outline": "入道崎（入道岬）とは、秋田県男鹿市にある海の心霊スポットです。「にゅうどうざき（にゅうどうみさき）」と読みます。この場所では女性の幽霊が現れるといった噂があるため心霊スポットと呼ばれています。",
    "comment": "昨日、入道崎の岩場をストリートビューで見ていたら、頭だけと足だけが離れている男性が岩場に立っているのですが、あれはいったい何なのか不思議でたまりません・・・。どなたか教えてください。",
    "imageUrl": "https://ghostmap.jp/img/spot/display/20260802165551304.jpeg",
    "sourceUrl": "https://ghostmap.jp/spotdetail.php?spotcd=111"
   }
  },
  {
   "type": "Feature",
   "geometry": {
    "type": "Point",
    "coordinates": [
     140.138817,
     39.7008
    ]
   },
   "properties": {
    "spotcd": 421,
    "name": "一つ森公園",
    "kana": "ひとつもりこうえん",
    "address": "〒010-0033 秋田県秋田市楢山石塚町２４−６",
    "prefecture": "秋田県",
    "city": "秋田市",
    "genre": "公園・城跡",
    "status": "現存",
    "phenomena": [
     "女性の霊"
    ],
    "features": [],
    "totalScore": 16279,
    "nationalRank": 754,
    "prefRank": 8,
    "fearRating": 3.27,
    "ratingCount": 76,
    "outline": "一つ森公園とは、秋田県秋田市にある公園・城跡の心霊スポットです。「ひとつもりこうえん」と読みます。この場所では女性の幽霊が現れるといった噂があるため心霊スポットと呼ばれています。",
    "comment": "写真の沼もヤバイですよ！！！！ 霊が出るというよりもなんかだ物凄く嫌な負陰気が漂っています。 実際に霊感のある友人は近づくことができないって言ってました！！！",
    "imageUrl": "https://ghostmap.jp/img/spot/display/20240626193432500.jpg",
    "sourceUrl": "https://ghostmap.jp/spotdetail.php?spotcd=421"
   }
  },
  {
   "type": "Feature",
   "geometry": {
    "type": "Point",
    "coordinates": [
     130.422575,
     33.558825
    ]
   },
   "properties": {
    "spotcd": 3867,
    "name": "岩屋敷",
    "kana": "いわやしき",
    "address": "〒815-0035 福岡県福岡市南区向野２丁目２５−１３ ※関係者以外は立ち入り禁止、無断で入ると不法侵入になります",
    "prefecture": "福岡県",
    "city": "福岡市",
    "genre": "商業施設",
    "status": "現存",
    "phenomena": [
     "男性の霊"
    ],
    "features": [
     "廃墟",
     "福岡県の廃墟"
    ],
    "totalScore": 16273,
    "nationalRank": 759,
    "prefRank": 14,
    "fearRating": 3.14,
    "ratingCount": 77,
    "outline": "岩屋敷とは、福岡県福岡市にある心霊廃墟です。「いわやしき」と読みます。この場所では男性の幽霊が現れるといった噂があるため心霊スポットと呼ばれています。",
    "comment": "岩屋敷だけに住んでいるのは悲鳴嶹行冥かな",
    "imageUrl": "https://ghostmap.jp/img/spot/display/20240630143859483.jpeg",
    "sourceUrl": "https://ghostmap.jp/spotdetail.php?spotcd=3867"
   }
  },
  {
   "type": "Feature",
   "geometry": {
    "type": "Point",
    "coordinates": [
     127.649544,
     26.205909
    ]
   },
   "properties": {
    "spotcd": 823,
    "name": "那覇空港",
    "kana": "なはくうこう",
    "address": "〒901-0142 沖縄県那覇市鏡水１５０",
    "prefecture": "沖縄県",
    "city": "那覇市",
    "genre": "商業施設",
    "status": "現存",
    "phenomena": [
     "女性の霊"
    ],
    "features": [],
    "totalScore": 16273,
    "nationalRank": 758,
    "prefRank": 15,
    "fearRating": 2.66,
    "ratingCount": 89,
    "outline": "那覇空港とは、沖縄県那覇市にある商業施設の心霊スポットです。「なはくうこう」と読みます。この場所では女性の幽霊が現れるといった噂があるため心霊スポットと呼ばれています。",
    "comment": "働いているがANAのバスラウンジで数回あったよ",
    "imageUrl": "https://ghostmap.jp/img/spot/display/20180818155935581.jpeg",
    "sourceUrl": "https://ghostmap.jp/spotdetail.php?spotcd=823"
   }
  },
  {
   "type": "Feature",
   "geometry": {
    "type": "Point",
    "coordinates": [
     133.934889,
     34.906993
    ]
   },
   "properties": {
    "spotcd": 968,
    "name": "ドライブイン一の丸",
    "kana": "どらいぶいんいちのまる",
    "address": "〒709-3617 岡山県久米郡久米南町下二ケ 岡山街道 ※関係者以外は立ち入り禁止、無断で入ると不法侵入になります",
    "prefecture": "岡山県",
    "city": "久米南町",
    "genre": "商業施設",
    "status": "現存",
    "phenomena": [
     "男性の霊"
    ],
    "features": [
     "廃墟",
     "岡山県の廃墟"
    ],
    "totalScore": 16272,
    "nationalRank": 760,
    "prefRank": 14,
    "fearRating": 3.98,
    "ratingCount": 62,
    "outline": "ドライブイン一の丸とは、岡山県久米南町にある心霊廃墟です。「どらいぶいんいちのまる」と読みます。この場所では男性の幽霊が現れるといった噂があるため心霊スポットと呼ばれています。",
    "comment": "一の丸ができる前、あの土地は墓地でした。 閉店した後いくつか購入希望があったそうですが、土地のいわれを知り全てご破算になったそうです。",
    "imageUrl": null,
    "sourceUrl": "https://ghostmap.jp/spotdetail.php?spotcd=968"
   }
  },
  {
   "type": "Feature",
   "geometry": {
    "type": "Point",
    "coordinates": [
     141.053891,
     39.631623
    ]
   },
   "properties": {
    "spotcd": 1792,
    "name": "南昌第一トンネル",
    "kana": "なんしょうだいいちとんねる",
    "address": "岩手県岩手郡雫石町 県道281号線",
    "prefecture": "岩手県",
    "city": "雫石町",
    "genre": "トンネル",
    "status": "現存",
    "phenomena": [
     "女性の霊"
    ],
    "features": [],
    "totalScore": 16266,
    "nationalRank": 766,
    "prefRank": 16,
    "fearRating": 4.26,
    "ratingCount": 57,
    "outline": "南昌第一トンネルとは、岩手県雫石町にあるお化けトンネルです。「なんしょうだいいちとんねる」と読みます。この場所では女性の幽霊が現れるといった噂があるため心霊スポットと呼ばれています。",
    "comment": "へー山にこんな心霊がでるとは",
    "imageUrl": "https://ghostmap.jp/img/spot/display/20180827214251616.jpg",
    "sourceUrl": "https://ghostmap.jp/spotdetail.php?spotcd=1792"
   }
  },
  {
   "type": "Feature",
   "geometry": {
    "type": "Point",
    "coordinates": [
     133.960626,
     34.344393
    ]
   },
   "properties": {
    "spotcd": 365,
    "name": "根香寺",
    "kana": "ねごろじ",
    "address": "〒761-8004 香川県高松市中山町１５０６ ８２番札所根香寺",
    "prefecture": "香川県",
    "city": "高松市",
    "genre": "神社・寺",
    "status": "現存",
    "phenomena": [
     "女性の霊"
    ],
    "features": [],
    "totalScore": 16265,
    "nationalRank": 768,
    "prefRank": 10,
    "fearRating": 4.01,
    "ratingCount": 60,
    "outline": "根香寺とは、香川県高松市にある幽霊神社（幽霊寺）です。「ねごろじ」と読みます。この場所では女性の幽霊が現れるといった噂があるため心霊スポットと呼ばれています。",
    "comment": "牛鬼がちょっとかわいいｗ",
    "imageUrl": "https://ghostmap.jp/img/spot/display/201410112310430.jpg",
    "sourceUrl": "https://ghostmap.jp/spotdetail.php?spotcd=365"
   }
  },
  {
   "type": "Feature",
   "geometry": {
    "type": "Point",
    "coordinates": [
     140.310827,
     36.191595
    ]
   },
   "properties": {
    "spotcd": 104,
    "name": "料亭ふるさと（割烹ふるさと）",
    "kana": "りょうていふるさと（かっぽうふるさと）",
    "address": "〒315-0031 茨城県石岡市東大橋２１７１ ※関係者以外は立ち入り禁止、無断で入ると不法侵入になります",
    "prefecture": "茨城県",
    "city": "石岡市",
    "genre": "商業施設",
    "status": "現存",
    "phenomena": [
     "女性の霊"
    ],
    "features": [
     "廃墟",
     "茨城県の廃墟"
    ],
    "totalScore": 16253,
    "nationalRank": 776,
    "prefRank": 12,
    "fearRating": 3.49,
    "ratingCount": 65,
    "outline": "料亭ふるさと（割烹ふるさと）とは、茨城県石岡市にある心霊廃墟です。「りょうていふるさと（かっぽうふるさと）」と読みます。この場所では女性の幽霊が現れるといった噂があるため心霊スポットと呼ばれています。",
    "comment": "追記しておきます 心霊現象としてはオーブが写るという噂がある。",
    "imageUrl": "https://ghostmap.jp/img/spot/display/20260610213145189.jpeg",
    "sourceUrl": "https://ghostmap.jp/spotdetail.php?spotcd=104"
   }
  },
  {
   "type": "Feature",
   "geometry": {
    "type": "Point",
    "coordinates": [
     127.726136,
     26.254462
    ]
   },
   "properties": {
    "spotcd": 1052,
    "name": "浦添大公園",
    "kana": "うらそえだいこうえん",
    "address": "〒901-2104 沖縄県浦添市当山２丁目４０−３−１０",
    "prefecture": "沖縄県",
    "city": "浦添市",
    "genre": "公園・城跡",
    "status": "現存",
    "phenomena": [
     "男性の霊"
    ],
    "features": [],
    "totalScore": 16253,
    "nationalRank": 777,
    "prefRank": 16,
    "fearRating": 3.75,
    "ratingCount": 61,
    "outline": "浦添大公園とは、沖縄県浦添市にある公園・城跡の心霊スポットです。「うらそえだいこうえん」と読みます。この場所では男性の幽霊が現れるといった噂があるため心霊スポットと呼ばれています。",
    "comment": "浦添大公園はディーグガマ(洞窟)、くちくゎーガマ(洞窟)、カガンウカー、浦和の塔、シーマヌ御嶽、浦添よーどれがある公園。夜は行かない",
    "imageUrl": null,
    "sourceUrl": "https://ghostmap.jp/spotdetail.php?spotcd=1052"
   }
  },
  {
   "type": "Feature",
   "geometry": {
    "type": "Point",
    "coordinates": [
     140.40645,
     36.277696
    ]
   },
   "properties": {
    "spotcd": 1009,
    "name": "パチンコ ホールインワン",
    "kana": "ぱちんこ ほーるいんわん",
    "address": "茨城県東茨城郡茨城町 国道6号線 ※関係者以外は立ち入り禁止、無断で入ると不法侵入になります",
    "prefecture": "茨城県",
    "city": "茨城町",
    "genre": "商業施設",
    "status": "現存",
    "phenomena": [
     "老爺の霊",
     "足音"
    ],
    "features": [
     "廃墟",
     "茨城県の廃墟"
    ],
    "totalScore": 16244,
    "nationalRank": 780,
    "prefRank": 13,
    "fearRating": 3.3,
    "ratingCount": 66,
    "outline": "パチンコ ホールインワンとは、茨城県茨城町にある心霊廃墟です。「ぱちんこ ほーるいんわん」と読みます。この場所では老爺の幽霊が現れるといった噂があるため心霊スポットと呼ばれています。",
    "comment": "パチンコ店廃墟でホームレスが行き倒れるのはけっこうよくあります。 水戸のパチンコ店跡地でもありました。 でも、そういうのって事件性は無いのでニュースにはなりません。",
    "imageUrl": "https://ghostmap.jp/img/spot/display/20221231190314276.jpeg",
    "sourceUrl": "https://ghostmap.jp/spotdetail.php?spotcd=1009"
   }
  },
  {
   "type": "Feature",
   "geometry": {
    "type": "Point",
    "coordinates": [
     136.398754,
     36.318924
    ]
   },
   "properties": {
    "spotcd": 663,
    "name": "モテル北陸",
    "kana": "もてるほくりく",
    "address": "〒922-0304 石川県加賀市分校町ち 国道8号線 ※関係者以外は立ち入り禁止、無断で入ると不法侵入になります",
    "prefecture": "石川県",
    "city": "加賀市",
    "genre": "ホテル・旅館",
    "status": "現存",
    "phenomena": [
     "女性の霊"
    ],
    "features": [
     "廃墟",
     "石川県の廃墟"
    ],
    "totalScore": 16235,
    "nationalRank": 788,
    "prefRank": 6,
    "fearRating": 3.45,
    "ratingCount": 61,
    "outline": "モテル北陸とは、石川県加賀市にある心霊廃墟です。「もてるほくりく」と読みます。この場所では女性の幽霊が現れるといった噂があるため心霊スポットと呼ばれています。",
    "comment": "半年前くらいに夜行ったけど、草木が生い茂りすぎてて奥地まで到達出来なかった",
    "imageUrl": "https://ghostmap.jp/img/spot/display/20230325225452208.jpg",
    "sourceUrl": "https://ghostmap.jp/spotdetail.php?spotcd=663"
   }
  },
  {
   "type": "Feature",
   "geometry": {
    "type": "Point",
    "coordinates": [
     136.651992,
     36.582095
    ]
   },
   "properties": {
    "spotcd": 1570,
    "name": "七ツ屋の高架下",
    "kana": "ななつやのこうかした",
    "address": "〒920-0849 石川県金沢市堀川新町７−５０",
    "prefecture": "石川県",
    "city": "金沢市",
    "genre": "駅・踏切",
    "status": "現存",
    "phenomena": [
     "女性の霊"
    ],
    "features": [],
    "totalScore": 16235,
    "nationalRank": 789,
    "prefRank": 7,
    "fearRating": 3.16,
    "ratingCount": 66,
    "outline": "七ツ屋の高架下とは、石川県金沢市にあるお化け駅（お化け踏切）です。「ななつやのこうかした」と読みます。この場所では女性の幽霊が現れるといった噂があるため心霊スポットと呼ばれています。",
    "comment": "噂の白いワンピースの霊による実害はあるのか？",
    "imageUrl": "https://ghostmap.jp/img/spot/display/20191018182328271.jpg",
    "sourceUrl": "https://ghostmap.jp/spotdetail.php?spotcd=1570"
   }
  },
  {
   "type": "Feature",
   "geometry": {
    "type": "Point",
    "coordinates": [
     136.337277,
     35.385212
    ]
   },
   "properties": {
    "spotcd": 832,
    "name": "旧観音坂トンネル",
    "kana": "きゅうかんのんざかとんねる",
    "address": "滋賀県米原市県道509号線",
    "prefecture": "滋賀県",
    "city": "米原市",
    "genre": "トンネル",
    "status": "現存",
    "phenomena": [
     "女性の霊"
    ],
    "features": [],
    "totalScore": 16223,
    "nationalRank": 793,
    "prefRank": 7,
    "fearRating": 4.06,
    "ratingCount": 50,
    "outline": "旧観音坂トンネルとは、滋賀県米原市にあるお化けトンネルです。「きゅうかんのんざかとんねる」と読みます。この場所では女性の幽霊が現れるといった噂があるため心霊スポットと呼ばれています。",
    "comment": "ゲンゴロウブナもいる",
    "imageUrl": null,
    "sourceUrl": "https://ghostmap.jp/spotdetail.php?spotcd=832"
   }
  },
  {
   "type": "Feature",
   "geometry": {
    "type": "Point",
    "coordinates": [
     129.740125,
     32.580391
    ]
   },
   "properties": {
    "spotcd": 382,
    "name": "権現山",
    "kana": "ごんげんやま",
    "address": "〒851-0505 長崎県長崎市野母町３３６１",
    "prefecture": "長崎県",
    "city": "長崎市",
    "genre": "山・森",
    "status": "現存",
    "phenomena": [
     "少年の霊",
     "声"
    ],
    "features": [],
    "totalScore": 16223,
    "nationalRank": 794,
    "prefRank": 7,
    "fearRating": 3.65,
    "ratingCount": 55,
    "outline": "権現山とは、長崎県長崎市にある山・森の心霊スポットです。「ごんげんやま」と読みます。この場所では少年の幽霊が現れるといった噂があるため心霊スポットと呼ばれています。",
    "comment": "本人達が家に着く前に事故で死んだのなら誰がこの話を・・・。",
    "imageUrl": "https://ghostmap.jp/img/spot/display/201410262050490.jpg",
    "sourceUrl": "https://ghostmap.jp/spotdetail.php?spotcd=382"
   }
  },
  {
   "type": "Feature",
   "geometry": {
    "type": "Point",
    "coordinates": [
     136.147831,
     34.647573
    ]
   },
   "properties": {
    "spotcd": 3897,
    "name": "おとぼけビーバー名張店",
    "kana": "おとぼけびーばーなばりてん",
    "address": "〒518-0613 三重県名張市上小波田５５０ ※関係者以外は立ち入り禁止、無断で入ると不法侵入になります",
    "prefecture": "三重県",
    "city": "名張市",
    "genre": "ホテル・旅館",
    "status": "現存",
    "phenomena": [
     "女性の霊",
     "心霊写真"
    ],
    "features": [
     "廃墟",
     "三重県の廃墟"
    ],
    "totalScore": 16218,
    "nationalRank": 797,
    "prefRank": 14,
    "fearRating": 4.04,
    "ratingCount": 49,
    "outline": "おとぼけビーバー名張店とは、三重県名張市にある心霊廃墟です。「おとぼけびーばーなばりてん」と読みます。この場所では女性の幽霊が現れるといった噂があるため心霊スポットと呼ばれています。",
    "comment": "2015年にはコーン置いてあるからその時から廃墟だったのでは？",
    "imageUrl": "https://ghostmap.jp/img/spot/display/20221016012858826.jpeg",
    "sourceUrl": "https://ghostmap.jp/spotdetail.php?spotcd=3897"
   }
  },
  {
   "type": "Feature",
   "geometry": {
    "type": "Point",
    "coordinates": [
     136.670875,
     35.483736
    ]
   },
   "properties": {
    "spotcd": 2454,
    "name": "本巣南踏切",
    "kana": "もとすみなみふみきり",
    "address": "〒501-1205 岐阜県本巣市曽井中島１１７０",
    "prefecture": "岐阜県",
    "city": "本巣市",
    "genre": "駅・踏切",
    "status": "現存",
    "phenomena": [
     "老婆の霊"
    ],
    "features": [],
    "totalScore": 16211,
    "nationalRank": 803,
    "prefRank": 9,
    "fearRating": 4,
    "ratingCount": 48,
    "outline": "本巣南踏切とは、岐阜県本巣市にあるお化け駅（お化け踏切）です。「もとすみなみふみきり」と読みます。この場所では老婆の幽霊が現れるといった噂があるため心霊スポットと呼ばれています。",
    "comment": "こないだはトラックが事故を起こしてた",
    "imageUrl": "https://ghostmap.jp/img/spot/display/20240521225335098.jpg",
    "sourceUrl": "https://ghostmap.jp/spotdetail.php?spotcd=2454"
   }
  },
  {
   "type": "Feature",
   "geometry": {
    "type": "Point",
    "coordinates": [
     130.248532,
     33.242676
    ]
   },
   "properties": {
    "spotcd": 375,
    "name": "佐賀県立森林公園（千人塚）嘉瀬処刑場跡",
    "kana": "さがけんりつしんりんこうえん（せんにんづか）かせしょけいじょうあと",
    "address": "〒840-0864 佐賀県佐賀市嘉瀬町大字荻野 国道207号線",
    "prefecture": "佐賀県",
    "city": "佐賀市",
    "genre": "公園・城跡",
    "status": "現存",
    "phenomena": [
     "女性の霊",
     "心霊写真"
    ],
    "features": [
     "処刑場"
    ],
    "totalScore": 16210,
    "nationalRank": 804,
    "prefRank": 4,
    "fearRating": 3.48,
    "ratingCount": 54,
    "outline": "佐賀県立森林公園（千人塚）嘉瀬処刑場跡とは、佐賀県佐賀市にある公園・城跡の心霊スポットです。「さがけんりつしんりんこうえん（せんにんづか）かせしょけいじょうあと」と読みます。この場所では女性の幽霊が現れるといった噂があるため心霊スポットと呼ばれています。",
    "comment": "しょうもない写真ですが",
    "imageUrl": "https://ghostmap.jp/img/spot/display/20260104231934848.jpg",
    "sourceUrl": "https://ghostmap.jp/spotdetail.php?spotcd=375"
   }
  },
  {
   "type": "Feature",
   "geometry": {
    "type": "Point",
    "coordinates": [
     140.531942,
     38.038712
    ]
   },
   "properties": {
    "spotcd": 875,
    "name": "レイクサイドイン蔵王（宮城県ホワイトハウス）",
    "kana": "れいくさいどいんざおう（みやぎけんほわいとはうす）",
    "address": "〒989-0733 宮城県白石市福岡八宮川原子１１ ※関係者以外は立ち入り禁止、無断で入ると不法侵入になります",
    "prefecture": "宮城県",
    "city": "白石市",
    "genre": "ホテル・旅館",
    "status": "現存",
    "phenomena": [
     "女性の霊"
    ],
    "features": [
     "廃墟",
     "宮城県の廃墟",
     "火事"
    ],
    "totalScore": 16205,
    "nationalRank": 807,
    "prefRank": 15,
    "fearRating": 3.47,
    "ratingCount": 53,
    "outline": "レイクサイドイン蔵王（宮城県ホワイトハウス）とは、宮城県白石市にある心霊廃墟です。「れいくさいどいんざおう（みやぎけんほわいとはうす）」と読みます。この場所では女性の幽霊が現れるといった噂があるため心霊スポットと呼ばれています。",
    "comment": "蔵王キツネ村の近くなんだな",
    "imageUrl": "https://ghostmap.jp/img/spot/display/20260623185946967.jpg",
    "sourceUrl": "https://ghostmap.jp/spotdetail.php?spotcd=875"
   }
  },
  {
   "type": "Feature",
   "geometry": {
    "type": "Point",
    "coordinates": [
     133.61907,
     33.589357
    ]
   },
   "properties": {
    "spotcd": 41,
    "name": "藤宮神社",
    "kana": "ふじみやじんじゃ",
    "address": "〒783-0047 高知県南国市岡豊町常通寺島２８１ 藤宮神社",
    "prefecture": "高知県",
    "city": "南国市",
    "genre": "神社・寺",
    "status": "現存",
    "phenomena": [
     "少女の霊",
     "声"
    ],
    "features": [],
    "totalScore": 16182,
    "nationalRank": 816,
    "prefRank": 4,
    "fearRating": 3.56,
    "ratingCount": 46,
    "outline": "藤宮神社とは、高知県南国市にある幽霊神社（幽霊寺）です。「ふじみやじんじゃ」と読みます。この場所では少女の幽霊が現れるといった噂があるため心霊スポットと呼ばれています。",
    "comment": "首離れ神社ってオカ板の高知県スレで話題になってたな",
    "imageUrl": null,
    "sourceUrl": "https://ghostmap.jp/spotdetail.php?spotcd=41"
   }
  },
  {
   "type": "Feature",
   "geometry": {
    "type": "Point",
    "coordinates": [
     136.656243,
     36.676289
    ]
   },
   "properties": {
    "spotcd": 345,
    "name": "内灘霊園",
    "kana": "うちなだれいえん",
    "address": "〒920-0264 石川県河北郡内灘町宮坂ぬ−２７８−１ 内灘町霊園",
    "prefecture": "石川県",
    "city": "内灘町",
    "genre": "墓地・慰霊碑",
    "status": "現存",
    "phenomena": [
     "女性の霊"
    ],
    "features": [
     "自殺の名所"
    ],
    "totalScore": 16157,
    "nationalRank": 819,
    "prefRank": 8,
    "fearRating": 3.83,
    "ratingCount": 37,
    "outline": "内灘霊園とは、石川県内灘町にある墓地・慰霊碑の心霊スポットです。「うちなだれいえん」と読みます。この場所では女性の幽霊が現れるといった噂があるため心霊スポットと呼ばれています。",
    "comment": "夜に地蔵を撮った奴がいた。見えていた奴に聞くと、霊に取り囲まれていたらしい。 撮った本人は、撮った時の記憶が今もないまま。ほんとに注意したほうがいい。",
    "imageUrl": "https://ghostmap.jp/img/spot/display/201409062242440.jpg",
    "sourceUrl": "https://ghostmap.jp/spotdetail.php?spotcd=345"
   }
  },
  {
   "type": "Feature",
   "geometry": {
    "type": "Point",
    "coordinates": [
     130.801001,
     33.8269
    ]
   },
   "properties": {
    "spotcd": 2901,
    "name": "河内貯水池",
    "kana": "かわちちょすいち",
    "address": "〒805-0045 福岡県北九州市八幡東区河内３丁目１−３",
    "prefecture": "福岡県",
    "city": "北九州市",
    "genre": "湖（池）・ダム",
    "status": "現存",
    "phenomena": [
     "女性の霊"
    ],
    "features": [],
    "totalScore": 15590,
    "nationalRank": 823,
    "prefRank": 15,
    "fearRating": 3.84,
    "ratingCount": 139,
    "outline": "河内貯水池とは、福岡県北九州市にある湖（池）・ダムの心霊スポットです。「かわちちょすいち」と読みます。この場所では女性の幽霊が現れるといった噂があるため心霊スポットと呼ばれています。",
    "comment": "今現在は廃墟建物はもうありません昔に比べて全然霊がでらなくなってますが女性の霊は出ます",
    "imageUrl": "https://ghostmap.jp/img/spot/display/20220209023023776.jpg",
    "sourceUrl": "https://ghostmap.jp/spotdetail.php?spotcd=2901"
   }
  },
  {
   "type": "Feature",
   "geometry": {
    "type": "Point",
    "coordinates": [
     135.168417,
     34.230084
    ]
   },
   "properties": {
    "spotcd": 70,
    "name": "汀公園",
    "kana": "みぎわこうえん",
    "address": "〒640-8227 和歌山県和歌山市西汀丁 けやき大通り",
    "prefecture": "和歌山県",
    "city": "和歌山市",
    "genre": "公園・城跡",
    "status": "現存",
    "phenomena": [
     "少年の霊"
    ],
    "features": [],
    "totalScore": 15568,
    "nationalRank": 826,
    "prefRank": 7,
    "fearRating": 4.07,
    "ratingCount": 127,
    "outline": "汀公園とは、和歌山県和歌山市にある公園・城跡の心霊スポットです。「みぎわこうえん」と読みます。この場所では少年の幽霊が現れるといった噂があるため心霊スポットと呼ばれています。",
    "comment": "見える人から聞いたんです。和歌山城のお堀(東側）の崖を這い上がっている人がいるらしい。 何度も見るそうです。",
    "imageUrl": null,
    "sourceUrl": "https://ghostmap.jp/spotdetail.php?spotcd=70"
   }
  },
  {
   "type": "Feature",
   "geometry": {
    "type": "Point",
    "coordinates": [
     133.904774,
     34.455361
    ]
   },
   "properties": {
    "spotcd": 4244,
    "name": "岡山県渋川青年の家",
    "kana": "おかやまけんしぶかわせいねんのいえ",
    "address": "〒706-0028 岡山県玉野市渋川２丁目７１",
    "prefecture": "岡山県",
    "city": "玉野市",
    "genre": "ホテル・旅館",
    "status": "現存",
    "phenomena": [
     "女性の霊"
    ],
    "features": [],
    "totalScore": 15512,
    "nationalRank": 832,
    "prefRank": 15,
    "fearRating": 3.56,
    "ratingCount": 129,
    "outline": "岡山県渋川青年の家とは、岡山県玉野市にある幽霊ホテル（幽霊旅館）です。「おかやまけんしぶかわせいねんのいえ」と読みます。この場所では女性の幽霊が現れるといった噂があるため心霊スポットと呼ばれています。",
    "comment": "青年の家だから、個人的に泊まりに行くことは出来ないんだろうなあ。",
    "imageUrl": null,
    "sourceUrl": "https://ghostmap.jp/spotdetail.php?spotcd=4244"
   }
  },
  {
   "type": "Feature",
   "geometry": {
    "type": "Point",
    "coordinates": [
     141.107214,
     38.397051
    ]
   },
   "properties": {
    "spotcd": 435,
    "name": "富山観音",
    "kana": "とみやまかんのん",
    "address": "〒981-0211 宮城県宮城郡松島町手樽三浦９３",
    "prefecture": "宮城県",
    "city": "松島町",
    "genre": "墓地・慰霊碑",
    "status": "現存",
    "phenomena": [
     "女性の霊"
    ],
    "features": [],
    "totalScore": 15498,
    "nationalRank": 833,
    "prefRank": 16,
    "fearRating": 4.38,
    "ratingCount": 104,
    "outline": "富山観音とは、宮城県松島町にある墓地・慰霊碑の心霊スポットです。「とみやまかんのん」と読みます。この場所では女性の幽霊が現れるといった噂があるため心霊スポットと呼ばれています。",
    "comment": "景色が良さそうなので昼間に行きたいです。",
    "imageUrl": "https://ghostmap.jp/img/spot/display/201502261118410.jpg",
    "sourceUrl": "https://ghostmap.jp/spotdetail.php?spotcd=435"
   }
  },
  {
   "type": "Feature",
   "geometry": {
    "type": "Point",
    "coordinates": [
     140.83364,
     40.680825
    ]
   },
   "properties": {
    "spotcd": 118,
    "name": "八甲田山",
    "kana": "はっこうださん",
    "address": "青森県青森市 八甲田ゴールドライン",
    "prefecture": "青森県",
    "city": "青森市",
    "genre": "山・森",
    "status": "現存",
    "phenomena": [
     "男性の霊"
    ],
    "features": [],
    "totalScore": 15458,
    "nationalRank": 835,
    "prefRank": 11,
    "fearRating": 4.08,
    "ratingCount": 102,
    "outline": "八甲田山とは、青森県青森市にある山・森の心霊スポットです。「はっこうださん」と読みます。この場所では男性の幽霊が現れるといった噂があるため心霊スポットと呼ばれています。",
    "comment": "スキーで毎年亡くなってる人いるし、酸ヶ湯温泉の自炊でポックリいくご老人もいるし、わりと色々あると思います",
    "imageUrl": "https://ghostmap.jp/img/spot/display/20230320004624017.JPG",
    "sourceUrl": "https://ghostmap.jp/spotdetail.php?spotcd=118"
   }
  },
  {
   "type": "Feature",
   "geometry": {
    "type": "Point",
    "coordinates": [
     134.331552,
     35.207701
    ]
   },
   "properties": {
    "spotcd": 300,
    "name": "旧志戸坂トンネル",
    "kana": "きゅうしとざかとんねる",
    "address": "〒707-0502 岡山県英田郡西粟倉村坂根",
    "prefecture": "岡山県",
    "city": "西粟倉村",
    "genre": "トンネル",
    "status": "現存",
    "phenomena": [
     "老婆の霊",
     "人影"
    ],
    "features": [],
    "totalScore": 15450,
    "nationalRank": 839,
    "prefRank": 16,
    "fearRating": 3.88,
    "ratingCount": 105,
    "outline": "旧志戸坂トンネルとは、岡山県西粟倉村にあるお化けトンネルです。「きゅうしとざかとんねる」と読みます。この場所では老婆の幽霊が現れるといった噂があるため心霊スポットと呼ばれています。",
    "comment": "閉鎖後は地元町村が管理し、西粟倉村がシイタケ栽培実験施設として、智頭町が板井原ごうこ（漬物）の生産場として活用されている。 wikipediaより これで、このページの怪現象半分は解決です。",
    "imageUrl": "https://ghostmap.jp/img/spot/display/20240813082112485.jpg",
    "sourceUrl": "https://ghostmap.jp/spotdetail.php?spotcd=300"
   }
  },
  {
   "type": "Feature",
   "geometry": {
    "type": "Point",
    "coordinates": [
     131.818428,
     34.00742
    ]
   },
   "properties": {
    "spotcd": 6377,
    "name": "太華山",
    "kana": "たいかざん",
    "address": "山口県周南市",
    "prefecture": "山口県",
    "city": "周南市",
    "genre": "山・森",
    "status": "現存",
    "phenomena": [
     "男性の霊"
    ],
    "features": [
     "デートスポット"
    ],
    "totalScore": 15432,
    "nationalRank": 841,
    "prefRank": 12,
    "fearRating": 3.42,
    "ratingCount": 113,
    "outline": "太華山とは、山口県周南市にある山・森の心霊スポットです。「たいかざん」と読みます。この場所では男性の幽霊が現れるといった噂があるため心霊スポットと呼ばれています。",
    "comment": "地元のデートスポット。ま、雰囲気はあるよね",
    "imageUrl": "https://ghostmap.jp/img/spot/display/20241214091806354.jpeg",
    "sourceUrl": "https://ghostmap.jp/spotdetail.php?spotcd=6377"
   }
  },
  {
   "type": "Feature",
   "geometry": {
    "type": "Point",
    "coordinates": [
     135.462321,
     34.248308
    ]
   },
   "properties": {
    "spotcd": 3789,
    "name": "ホテル飯盛山荘",
    "kana": "ほてるいいもりさんそう",
    "address": "和歌山県紀の川市 ※関係者以外は立ち入り禁止、無断で入ると不法侵入になります",
    "prefecture": "和歌山県",
    "city": "紀の川市",
    "genre": "ホテル・旅館",
    "status": "現存",
    "phenomena": [
     "女性の霊",
     "足音",
     "ラップ音"
    ],
    "features": [
     "デートスポット",
     "廃墟",
     "和歌山県の廃墟"
    ],
    "totalScore": 15405,
    "nationalRank": 848,
    "prefRank": 8,
    "fearRating": 3.86,
    "ratingCount": 95,
    "outline": "ホテル飯盛山荘とは、和歌山県紀の川市にある心霊廃墟です。「ほてるいいもりさんそう」と読みます。この場所では女性の幽霊が現れるといった噂があるため心霊スポットと呼ばれています。",
    "comment": "年配女性や老婆の霊が沢山います",
    "imageUrl": "https://ghostmap.jp/img/spot/display/20210920041051892.jpeg",
    "sourceUrl": "https://ghostmap.jp/spotdetail.php?spotcd=3789"
   }
  },
  {
   "type": "Feature",
   "geometry": {
    "type": "Point",
    "coordinates": [
     133.729268,
     33.692638
    ]
   },
   "properties": {
    "spotcd": 450,
    "name": "見返り橋",
    "kana": "みかえりばし",
    "address": "〒789-0581 高知県香美市土佐山田町西又",
    "prefecture": "高知県",
    "city": "香美市",
    "genre": "橋",
    "status": "現存",
    "phenomena": [
     "女性の霊"
    ],
    "features": [],
    "totalScore": 15395,
    "nationalRank": 851,
    "prefRank": 5,
    "fearRating": 3.51,
    "ratingCount": 101,
    "outline": "見返り橋とは、高知県香美市にある幽霊橋です。「みかえりばし」と読みます。この場所では女性の幽霊が現れるといった噂があるため心霊スポットと呼ばれています。",
    "comment": "大手心霊マニアの朱い塚が映像を収めているので、ある程度信じていいかな。",
    "imageUrl": "https://ghostmap.jp/img/spot/display/20250701221835582.jpeg",
    "sourceUrl": "https://ghostmap.jp/spotdetail.php?spotcd=450"
   }
  },
  {
   "type": "Feature",
   "geometry": {
    "type": "Point",
    "coordinates": [
     135.714386,
     34.762231
    ]
   },
   "properties": {
    "spotcd": 1222,
    "name": "くろんど池",
    "kana": "くろんどいけ",
    "address": "〒630-0101 奈良県生駒市高山町５０１９−２",
    "prefecture": "奈良県",
    "city": "生駒市",
    "genre": "湖（池）・ダム",
    "status": "現存",
    "phenomena": [
     "女性の霊",
     "人影"
    ],
    "features": [],
    "totalScore": 15386,
    "nationalRank": 854,
    "prefRank": 11,
    "fearRating": 4.25,
    "ratingCount": 83,
    "outline": "くろんど池とは、奈良県生駒市にある湖（池）・ダムの心霊スポットです。「くろんどいけ」と読みます。この場所では女性の幽霊が現れるといった噂があるため心霊スポットと呼ばれています。",
    "comment": "ここで「くろんど、くろんど」と名前を呼ぶと、くろんどさんが出てくるんだっけ？",
    "imageUrl": "https://ghostmap.jp/img/spot/display/20240102010152646.jpg",
    "sourceUrl": "https://ghostmap.jp/spotdetail.php?spotcd=1222"
   }
  },
  {
   "type": "Feature",
   "geometry": {
    "type": "Point",
    "coordinates": [
     136.815296,
     36.674537
    ]
   },
   "properties": {
    "spotcd": 475,
    "name": "倶利伽羅トンネル",
    "kana": "くりからとんねる",
    "address": "〒929-0412 石川県河北郡津幡町九折 倶利伽羅バイパス",
    "prefecture": "石川県",
    "city": "津幡町",
    "genre": "トンネル",
    "status": "現存",
    "phenomena": [
     "女性の霊"
    ],
    "features": [],
    "totalScore": 15372,
    "nationalRank": 856,
    "prefRank": 9,
    "fearRating": 3.47,
    "ratingCount": 96,
    "outline": "倶利伽羅トンネルとは、石川県津幡町にあるお化けトンネルです。「くりからとんねる」と読みます。この場所では女性の幽霊が現れるといった噂があるため心霊スポットと呼ばれています。",
    "comment": "ここは何度も自転車で通ってるけど、霊なんかより間近ですれ違う大型トラックの方が怖い",
    "imageUrl": "https://ghostmap.jp/img/spot/display/201504031727430.jpg",
    "sourceUrl": "https://ghostmap.jp/spotdetail.php?spotcd=475"
   }
  },
  {
   "type": "Feature",
   "geometry": {
    "type": "Point",
    "coordinates": [
     136.548214,
     36.411975
    ]
   },
   "properties": {
    "spotcd": 99,
    "name": "旧無患子トンネル",
    "kana": "きゅうむくろじとんねる",
    "address": "〒923-1217 石川県能美市仏大寺町 県道55号線",
    "prefecture": "石川県",
    "city": "能美市",
    "genre": "トンネル",
    "status": "現存",
    "phenomena": [
     "男性の霊"
    ],
    "features": [],
    "totalScore": 15370,
    "nationalRank": 859,
    "prefRank": 10,
    "fearRating": 3.71,
    "ratingCount": 90,
    "outline": "旧無患子トンネルとは、石川県能美市にあるお化けトンネルです。「きゅうむくろじとんねる」と読みます。この場所では男性の幽霊が現れるといった噂があるため心霊スポットと呼ばれています。",
    "comment": "ここに行く途中、至る所に熊の罠用檻がたくさんあります。確かにここには何かいますね。必ずトンネル内部から声なり音なり聞こえます。電気の強い配電盤があり、携帯の電波を邪魔します。",
    "imageUrl": "https://ghostmap.jp/img/spot/display/20230325224310433.jpg",
    "sourceUrl": "https://ghostmap.jp/spotdetail.php?spotcd=99"
   }
  },
  {
   "type": "Feature",
   "geometry": {
    "type": "Point",
    "coordinates": [
     131.709653,
     34.668369
    ]
   },
   "properties": {
    "spotcd": 515,
    "name": "人形トンネル",
    "kana": "にんぎょうとんねる",
    "address": "〒699-3761 島根県益田市飯浦町 国道191号",
    "prefecture": "島根県",
    "city": "益田市",
    "genre": "トンネル",
    "status": "現存",
    "phenomena": [
     "老婆の霊"
    ],
    "features": [],
    "totalScore": 15362,
    "nationalRank": 865,
    "prefRank": 6,
    "fearRating": 2.63,
    "ratingCount": 119,
    "outline": "人形トンネルとは、島根県益田市にあるお化けトンネルです。「にんぎょうとんねる」と読みます。この場所では老婆の幽霊が現れるといった噂があるため心霊スポットと呼ばれています。",
    "comment": "日本どころか世界中探してもトンネル内に忘れ物箱があるところなんて無いよね",
    "imageUrl": null,
    "sourceUrl": "https://ghostmap.jp/spotdetail.php?spotcd=515"
   }
  },
  {
   "type": "Feature",
   "geometry": {
    "type": "Point",
    "coordinates": [
     136.270094,
     34.671291
    ]
   },
   "properties": {
    "spotcd": 285,
    "name": "青山トンネル",
    "kana": "あおやまとんねる",
    "address": "三重県津市白山町垣内国道165号線",
    "prefecture": "三重県",
    "city": "津市",
    "genre": "トンネル",
    "status": "現存",
    "phenomena": [
     "少年の霊",
     "人影"
    ],
    "features": [],
    "totalScore": 15356,
    "nationalRank": 870,
    "prefRank": 15,
    "fearRating": 3.68,
    "ratingCount": 87,
    "outline": "青山トンネルとは、三重県津市にあるお化けトンネルです。「あおやまとんねる」と読みます。この場所では少年の幽霊が現れるといった噂があるため心霊スポットと呼ばれています。",
    "comment": "伊勢暴動の時の農民の霊や、たまに忍者走りする忍者の霊も目撃されているそうです。",
    "imageUrl": "https://ghostmap.jp/img/spot/display/20180902124336461.jpg",
    "sourceUrl": "https://ghostmap.jp/spotdetail.php?spotcd=285"
   }
  },
  {
   "type": "Feature",
   "geometry": {
    "type": "Point",
    "coordinates": [
     132.901095,
     35.457654
    ]
   },
   "properties": {
    "spotcd": 1660,
    "name": "宍道湖",
    "kana": "しんじこ",
    "address": "〒691-0073 島根県出雲市美野町１１７５",
    "prefecture": "島根県",
    "city": "出雲市",
    "genre": "湖（池）・ダム",
    "status": "現存",
    "phenomena": [
     "女性の霊",
     "声"
    ],
    "features": [],
    "totalScore": 15355,
    "nationalRank": 872,
    "prefRank": 7,
    "fearRating": 2.55,
    "ratingCount": 120,
    "outline": "宍道湖とは、島根県出雲市にある湖（池）・ダムの心霊スポットです。「しんじこ」と読みます。この場所では女性の幽霊が現れるといった噂があるため心霊スポットと呼ばれています。",
    "comment": "何もないいいところ",
    "imageUrl": "https://ghostmap.jp/img/spot/display/20180707181909978.jpg",
    "sourceUrl": "https://ghostmap.jp/spotdetail.php?spotcd=1660"
   }
  },
  {
   "type": "Feature",
   "geometry": {
    "type": "Point",
    "coordinates": [
     136.891301,
     36.919679
    ]
   },
   "properties": {
    "spotcd": 7385,
    "name": "鹿島少年自然の家",
    "kana": "かしましょうねんしぜんのいえ",
    "address": "〒929-1635 石川県鹿島郡中能登町高畠原山ハ１",
    "prefecture": "石川県",
    "city": "能登町",
    "genre": "ホテル・旅館",
    "status": "現存",
    "phenomena": [
     "男性の霊"
    ],
    "features": [],
    "totalScore": 15352,
    "nationalRank": 874,
    "prefRank": 11,
    "fearRating": 4.11,
    "ratingCount": 78,
    "outline": "鹿島少年自然の家とは、石川県能登町にある幽霊ホテル（幽霊旅館）です。「かしましょうねんしぜんのいえ」と読みます。この場所では男性の幽霊が現れるといった噂があるため心霊スポットと呼ばれています。",
    "comment": "夜中に光る人間が周りをランニングしているらしい。",
    "imageUrl": null,
    "sourceUrl": "https://ghostmap.jp/spotdetail.php?spotcd=7385"
   }
  },
  {
   "type": "Feature",
   "geometry": {
    "type": "Point",
    "coordinates": [
     133.366106,
     35.429873
    ]
   },
   "properties": {
    "spotcd": 191,
    "name": "旧日野橋",
    "kana": "きゅうひのばし",
    "address": "鳥取県米子市 山陰道",
    "prefecture": "鳥取県",
    "city": "米子市",
    "genre": "橋",
    "status": "現存",
    "phenomena": [
     "女性の霊"
    ],
    "features": [],
    "totalScore": 15349,
    "nationalRank": 875,
    "prefRank": 5,
    "fearRating": 2.83,
    "ratingCount": 108,
    "outline": "旧日野橋とは、鳥取県米子市にある幽霊橋です。「きゅうひのばし」と読みます。この場所では女性の幽霊が現れるといった噂があるため心霊スポットと呼ばれています。",
    "comment": "別名 自殺橋",
    "imageUrl": "https://ghostmap.jp/img/spot/display/20230814203949864.jpg",
    "sourceUrl": "https://ghostmap.jp/spotdetail.php?spotcd=191"
   }
  },
  {
   "type": "Feature",
   "geometry": {
    "type": "Point",
    "coordinates": [
     138.778777,
     35.639844
    ]
   },
   "properties": {
    "spotcd": 1478,
    "name": "諏訪神社（呪いの御神木）",
    "kana": "すわじんじゃ（のろいのごしんぼく）",
    "address": "〒409-1203 山梨県甲州市大和町初鹿野 県道203号線",
    "prefecture": "山梨県",
    "city": "甲州市",
    "genre": "樹木",
    "status": "現存",
    "phenomena": [
     "女性の霊",
     "声",
     "祟り"
    ],
    "features": [],
    "totalScore": 15345,
    "nationalRank": 879,
    "prefRank": 14,
    "fearRating": 4.38,
    "ratingCount": 72,
    "outline": "諏訪神社（呪いの御神木）とは、山梨県甲州市にある樹木の心霊スポットです。「すわじんじゃ（のろいのごしんぼく）」と読みます。この場所では女性の幽霊が現れるといった噂があるため心霊スポットと呼ばれています。",
    "comment": "去年の年末かに緊急検証でやってたヤツだな",
    "imageUrl": null,
    "sourceUrl": "https://ghostmap.jp/spotdetail.php?spotcd=1478"
   }
  },
  {
   "type": "Feature",
   "geometry": {
    "type": "Point",
    "coordinates": [
     131.552412,
     33.256928
    ]
   },
   "properties": {
    "spotcd": 39,
    "name": "別大国道（手招き地蔵）",
    "kana": "べつだいこくどう（てまねきじぞう）",
    "address": "〒870-0100 大分県大分市神崎",
    "prefecture": "大分県",
    "city": "大分市",
    "genre": "道・峠",
    "status": "現存",
    "phenomena": [
     "男性の霊"
    ],
    "features": [],
    "totalScore": 15342,
    "nationalRank": 880,
    "prefRank": 6,
    "fearRating": 3.36,
    "ratingCount": 91,
    "outline": "別大国道（手招き地蔵）とは、大分県大分市にある道・峠の心霊スポットです。「べつだいこくどう（てまねきじぞう）」と読みます。この場所では男性の幽霊が現れるといった噂があるため心霊スポットと呼ばれています。",
    "comment": "ここのカーブは潮の流れが急なので、道幅を広くするのは不可能ということを聞いたことがありますが、今では6車線の立派な道ができました。",
    "imageUrl": "https://ghostmap.jp/img/spot/display/201505301630490.jpg",
    "sourceUrl": "https://ghostmap.jp/spotdetail.php?spotcd=39"
   }
  },
  {
   "type": "Feature",
   "geometry": {
    "type": "Point",
    "coordinates": [
     139.971526,
     37.512196
    ]
   },
   "properties": {
    "spotcd": 221,
    "name": "滝沢峠",
    "kana": "たきざわとおげ",
    "address": "〒965-0002 福島県会津若松市一箕町大字金堀古道１",
    "prefecture": "福島県",
    "city": "会津若松市",
    "genre": "道・峠",
    "status": "現存",
    "phenomena": [
     "老婆の霊"
    ],
    "features": [],
    "totalScore": 15319,
    "nationalRank": 885,
    "prefRank": 15,
    "fearRating": 3.58,
    "ratingCount": 80,
    "outline": "滝沢峠とは、福島県会津若松市にある道・峠の心霊スポットです。「たきざわとおげ」と読みます。この場所では老婆の幽霊が現れるといった噂があるため心霊スポットと呼ばれています。",
    "comment": "もし、赤べこが凄いスピードで追いかけてきたら要注意。赤べこに追い抜かれた人は、食事をした後1時間以内に寝ると、牛になってしまうそうです。",
    "imageUrl": null,
    "sourceUrl": "https://ghostmap.jp/spotdetail.php?spotcd=221"
   }
  },
  {
   "type": "Feature",
   "geometry": {
    "type": "Point",
    "coordinates": [
     136.959815,
     35.416207
    ]
   },
   "properties": {
    "spotcd": 4827,
    "name": "ゴーストパーク",
    "kana": "ごーすとぱーく",
    "address": "〒505-0076 岐阜県加茂郡坂祝町勝山１０４５ ※関係者以外は立ち入り禁止、無断で入ると不法侵入になります",
    "prefecture": "岐阜県",
    "city": "坂祝町",
    "genre": "商業施設",
    "status": "現存",
    "phenomena": [
     "女性の霊"
    ],
    "features": [
     "廃墟",
     "岐阜県の廃墟"
    ],
    "totalScore": 15310,
    "nationalRank": 890,
    "prefRank": 10,
    "fearRating": 3.84,
    "ratingCount": 73,
    "outline": "ゴーストパークとは、岐阜県坂祝町にある心霊廃墟です。「ごーすとぱーく」と読みます。この場所では女性の幽霊が現れるといった噂があるため心霊スポットと呼ばれています。",
    "comment": "最近友達が探検行ったらステージ場の落書き等GHOST PARK書かれてる場所に女性の生写真がばら撒かれていると言ってました…… 18禁の生写真だそうですが僕は怖くて行けないです…",
    "imageUrl": "https://ghostmap.jp/img/spot/display/20220902235318485.JPG",
    "sourceUrl": "https://ghostmap.jp/spotdetail.php?spotcd=4827"
   }
  },
  {
   "type": "Feature",
   "geometry": {
    "type": "Point",
    "coordinates": [
     134.149391,
     35.516841
    ]
   },
   "properties": {
    "spotcd": 309,
    "name": "湖山池・青島",
    "kana": "こやまいけ・あおしま",
    "address": "〒689-0203 鳥取県鳥取市三津８８０",
    "prefecture": "鳥取県",
    "city": "鳥取市",
    "genre": "湖（池）・ダム",
    "status": "現存",
    "phenomena": [
     "女性の霊"
    ],
    "features": [],
    "totalScore": 15304,
    "nationalRank": 895,
    "prefRank": 6,
    "fearRating": 2.87,
    "ratingCount": 93,
    "outline": "湖山池・青島とは、鳥取県鳥取市にある湖（池）・ダムの心霊スポットです。「こやまいけ・あおしま」と読みます。この場所では女性の幽霊が現れるといった噂があるため心霊スポットと呼ばれています。",
    "comment": "犬神家の一族みたいな足がありそうな池だね",
    "imageUrl": "https://ghostmap.jp/img/spot/display/201407022125530.JPG",
    "sourceUrl": "https://ghostmap.jp/spotdetail.php?spotcd=309"
   }
  },
  {
   "type": "Feature",
   "geometry": {
    "type": "Point",
    "coordinates": [
     130.546298,
     31.559321
    ]
   },
   "properties": {
    "spotcd": 403,
    "name": "涙橋",
    "kana": "なみだばし",
    "address": "〒890-0069 鹿児島県鹿児島市南郡元町２−１",
    "prefecture": "鹿児島県",
    "city": "鹿児島市",
    "genre": "橋",
    "status": "現存",
    "phenomena": [
     "男性の霊"
    ],
    "features": [
     "処刑場"
    ],
    "totalScore": 15293,
    "nationalRank": 902,
    "prefRank": 10,
    "fearRating": 2.75,
    "ratingCount": 93,
    "outline": "涙橋とは、鹿児島県鹿児島市にある幽霊橋です。「なみだばし」と読みます。この場所では男性の幽霊が現れるといった噂があるため心霊スポットと呼ばれています。",
    "comment": "涙橋の先の、南新町の彦四郎川上流にあった刑場跡の方がよりやばそうですね。",
    "imageUrl": "https://ghostmap.jp/img/spot/display/201411241727480.jpg",
    "sourceUrl": "https://ghostmap.jp/spotdetail.php?spotcd=403"
   }
  },
  {
   "type": "Feature",
   "geometry": {
    "type": "Point",
    "coordinates": [
     132.511534,
     33.336265
    ]
   },
   "properties": {
    "spotcd": 457,
    "name": "俵津隧道",
    "kana": "たわらつずいどう",
    "address": "〒797-0014 愛媛県西予市宇和町伊賀上 県道45号線",
    "prefecture": "愛媛県",
    "city": "西予市",
    "genre": "トンネル",
    "status": "現存",
    "phenomena": [
     "女性の霊"
    ],
    "features": [],
    "totalScore": 15292,
    "nationalRank": 903,
    "prefRank": 6,
    "fearRating": 3.89,
    "ratingCount": 68,
    "outline": "俵津隧道とは、愛媛県西予市にあるお化けトンネルです。「たわらつずいどう」と読みます。この場所では女性の幽霊が現れるといった噂があるため心霊スポットと呼ばれています。",
    "comment": "俵津隧道への一本道の道中、廃墟と化したホテルがあります 心霊スポットとはなっていませんがやはり雰囲気はあります トンネルの真下辺りですので満足できなかった方はいらしてください",
    "imageUrl": "https://ghostmap.jp/img/spot/display/20230327000620085.jpg",
    "sourceUrl": "https://ghostmap.jp/spotdetail.php?spotcd=457"
   }
  },
  {
   "type": "Feature",
   "geometry": {
    "type": "Point",
    "coordinates": [
     137.172035,
     35.468998
    ]
   },
   "properties": {
    "spotcd": 317,
    "name": "丸山ダム",
    "kana": "まるやまだむ",
    "address": "〒505-0301 岐阜県加茂郡八百津町八百津１２６２",
    "prefecture": "岐阜県",
    "city": "八百津町",
    "genre": "湖（池）・ダム",
    "status": "現存",
    "phenomena": [
     "男性の霊"
    ],
    "features": [],
    "totalScore": 15287,
    "nationalRank": 906,
    "prefRank": 11,
    "fearRating": 3.88,
    "ratingCount": 67,
    "outline": "丸山ダムとは、岐阜県八百津町にある湖（池）・ダムの心霊スポットです。「まるやまだむ」と読みます。この場所では男性の幽霊が現れるといった噂があるため心霊スポットと呼ばれています。",
    "comment": "丸山ダムの上流の旅足橋から数百メートル先辺りの、木曽川に突き出たカーブの法面から、お化けが出てくるのを見たことがあります。",
    "imageUrl": "https://ghostmap.jp/img/spot/display/20230409152835502.jpg",
    "sourceUrl": "https://ghostmap.jp/spotdetail.php?spotcd=317"
   }
  },
  {
   "type": "Feature",
   "geometry": {
    "type": "Point",
    "coordinates": [
     140.409069,
     37.268997
    ]
   },
   "properties": {
    "spotcd": 1549,
    "name": "祈祷師殺人事件の家",
    "kana": "きとうしさつじんじけんのいえ",
    "address": "〒962-0727 福島県須賀川市小作田竹ノ花１５−５ ※関係者以外は立ち入り禁止、無断で入ると不法侵入になります",
    "prefecture": "福島県",
    "city": "須賀川市",
    "genre": "住居",
    "status": "現存",
    "phenomena": [
     "女性の霊"
    ],
    "features": [
     "廃墟",
     "福島県の廃墟"
    ],
    "totalScore": 15279,
    "nationalRank": 914,
    "prefRank": 16,
    "fearRating": 3.58,
    "ratingCount": 70,
    "outline": "祈祷師殺人事件の家とは、福島県須賀川市にある心霊廃墟です。「きとうしさつじんじけんのいえ」と読みます。この場所では女性の幽霊が現れるといった噂があるため心霊スポットと呼ばれています。",
    "comment": "しかし人が死んだ場所が心霊スポットになるのなら、そこらじゅうが心霊スポットじゃん",
    "imageUrl": "https://ghostmap.jp/img/spot/display/20260331145252873.jpg",
    "sourceUrl": "https://ghostmap.jp/spotdetail.php?spotcd=1549"
   }
  },
  {
   "type": "Feature",
   "geometry": {
    "type": "Point",
    "coordinates": [
     129.869168,
     32.729293
    ]
   },
   "properties": {
    "spotcd": 380,
    "name": "鍋冠山公園",
    "kana": "なべかんむりやまこうえん",
    "address": "〒850-0924 長崎県長崎市出雲２丁目１７−３６",
    "prefecture": "長崎県",
    "city": "長崎市",
    "genre": "公園・城跡",
    "status": "現存",
    "phenomena": [
     "女性の霊",
     "声"
    ],
    "features": [
     "デートスポット"
    ],
    "totalScore": 15273,
    "nationalRank": 920,
    "prefRank": 8,
    "fearRating": 3.38,
    "ratingCount": 72,
    "outline": "鍋冠山公園とは、長崎県長崎市にある公園・城跡の心霊スポットです。「なべかんむりやまこうえん」と読みます。この場所では女性の幽霊が現れるといった噂があるため心霊スポットと呼ばれています。",
    "comment": "長崎市の生まれ育ちの五十代です。私が小学生のころ、確かに「鍋冠山殺人事件」ってありましたよ。地元ニュースで言っていたのを記憶しています。結局、犯人は捕まっていないのですね。被害女性が可哀想すぎます。",
    "imageUrl": "https://ghostmap.jp/img/spot/display/201410242339470.jpg",
    "sourceUrl": "https://ghostmap.jp/spotdetail.php?spotcd=380"
   }
  },
  {
   "type": "Feature",
   "geometry": {
    "type": "Point",
    "coordinates": [
     133.526931,
     33.942425
    ]
   },
   "properties": {
    "spotcd": 1460,
    "name": "法皇トンネル",
    "kana": "ほうおうとんねる",
    "address": "愛媛県四国中央市 国道319号線",
    "prefecture": "愛媛県",
    "city": "四国中央市",
    "genre": "トンネル",
    "status": "現存",
    "phenomena": [
     "男性の霊"
    ],
    "features": [],
    "totalScore": 15271,
    "nationalRank": 923,
    "prefRank": 7,
    "fearRating": 3.58,
    "ratingCount": 68,
    "outline": "法皇トンネルとは、愛媛県四国中央市にあるお化けトンネルです。「ほうおうとんねる」と読みます。この場所では男性の幽霊が現れるといった噂があるため心霊スポットと呼ばれています。",
    "comment": "地元民ですけど、心霊スポットでも何でもないよ。ここ。",
    "imageUrl": "https://ghostmap.jp/img/spot/display/20180825141142016.JPG",
    "sourceUrl": "https://ghostmap.jp/spotdetail.php?spotcd=1460"
   }
  },
  {
   "type": "Feature",
   "geometry": {
    "type": "Point",
    "coordinates": [
     136.601564,
     35.245603
    ]
   },
   "properties": {
    "spotcd": 3692,
    "name": "ホテルFleurs(ホテル・フルー)",
    "kana": "ほてるFleurs(ほてる・ふるー)",
    "address": "〒503-1275 岐阜県養老郡養老町大巻１９８９ ※関係者以外は立ち入り禁止、無断で入ると不法侵入になります",
    "prefecture": "岐阜県",
    "city": "養老町",
    "genre": "ホテル・旅館",
    "status": "現存",
    "phenomena": [
     "女性の霊",
     "足音",
     "声"
    ],
    "features": [
     "廃墟",
     "岐阜県の廃墟"
    ],
    "totalScore": 15270,
    "nationalRank": 924,
    "prefRank": 12,
    "fearRating": 3.5,
    "ratingCount": 69,
    "outline": "ホテルFleurs(ホテル・フルー)とは、岐阜県養老町にある心霊廃墟です。「ほてるFleurs(ほてる・ふるー)」と読みます。この場所では女性の幽霊が現れるといった噂があるため心霊スポットと呼ばれています。",
    "comment": "４日午前５時ごろ、岐阜県養老郡養老町大巻の廃業した鉄骨３階建てホテル「フルー」から出火、２階の客室１室の約３６平方メートルを焼き、約２時間後に消えた。けが人はいなかった。",
    "imageUrl": null,
    "sourceUrl": "https://ghostmap.jp/spotdetail.php?spotcd=3692"
   }
  },
  {
   "type": "Feature",
   "geometry": {
    "type": "Point",
    "coordinates": [
     136.211492,
     36.063229
    ]
   },
   "properties": {
    "spotcd": 278,
    "name": "九十九橋",
    "kana": "つくもばし",
    "address": "福井県福井市 中央大通り",
    "prefecture": "福井県",
    "city": "福井市",
    "genre": "橋",
    "status": "現存",
    "phenomena": [
     "男性の霊"
    ],
    "features": [],
    "totalScore": 15263,
    "nationalRank": 932,
    "prefRank": 6,
    "fearRating": 3.77,
    "ratingCount": 63,
    "outline": "九十九橋とは、福井県福井市にある幽霊橋です。「つくもばし」と読みます。この場所では男性の幽霊が現れるといった噂があるため心霊スポットと呼ばれています。",
    "comment": "正直なところ柴田勝家公というよりもお堀の福井大空襲の被害者の方がありえるんですけどね・・・九十九橋は春には足羽川の桜並木がとてもきれいですよ。",
    "imageUrl": "https://ghostmap.jp/img/spot/display/20230727002019482.jpg",
    "sourceUrl": "https://ghostmap.jp/spotdetail.php?spotcd=278"
   }
  },
  {
   "type": "Feature",
   "geometry": {
    "type": "Point",
    "coordinates": [
     132.491489,
     33.46884
    ]
   },
   "properties": {
    "spotcd": 458,
    "name": "夜昼トンネル",
    "kana": "よるひるとんねる",
    "address": "愛媛県八幡浜市川之内国道197号線",
    "prefecture": "愛媛県",
    "city": "八幡浜市",
    "genre": "トンネル",
    "status": "現存",
    "phenomena": [
     "女性の霊"
    ],
    "features": [],
    "totalScore": 15263,
    "nationalRank": 933,
    "prefRank": 8,
    "fearRating": 3.14,
    "ratingCount": 74,
    "outline": "夜昼トンネルとは、愛媛県八幡浜市にあるお化けトンネルです。「よるひるとんねる」と読みます。この場所では女性の幽霊が現れるといった噂があるため心霊スポットと呼ばれています。",
    "comment": ">>1 愛知ェ…",
    "imageUrl": "https://ghostmap.jp/img/spot/display/201503211058150.JPG",
    "sourceUrl": "https://ghostmap.jp/spotdetail.php?spotcd=458"
   }
  },
  {
   "type": "Feature",
   "geometry": {
    "type": "Point",
    "coordinates": [
     134.471042,
     34.049041
    ]
   },
   "properties": {
    "spotcd": 1528,
    "name": "旧一宮火葬場",
    "kana": "きゅういちのみやかそうじょう",
    "address": "〒779-3132 徳島県徳島市一宮町西丁８６９−５",
    "prefecture": "徳島県",
    "city": "徳島市",
    "genre": "墓地・慰霊碑",
    "status": "現存",
    "phenomena": [
     "女性の霊"
    ],
    "features": [],
    "totalScore": 15261,
    "nationalRank": 935,
    "prefRank": 4,
    "fearRating": 3.44,
    "ratingCount": 68,
    "outline": "旧一宮火葬場とは、徳島県徳島市にある墓地・慰霊碑の心霊スポットです。「きゅういちのみやかそうじょう」と読みます。この場所では女性の幽霊が現れるといった噂があるため心霊スポットと呼ばれています。",
    "comment": "昔、手がつけられない息子を親がお仕置きのために火葬場に一晩閉じ込めたことがあった。 次の日に親が迎えに行くとそこには白髪になって気が狂った息子の姿があったそうだ。 今でも精神病院に入院中なのだとか。",
    "imageUrl": null,
    "sourceUrl": "https://ghostmap.jp/spotdetail.php?spotcd=1528"
   }
  },
  {
   "type": "Feature",
   "geometry": {
    "type": "Point",
    "coordinates": [
     138.419319,
     36.30394
    ]
   },
   "properties": {
    "spotcd": 2435,
    "name": "小諸大橋",
    "kana": "こもろおおはし",
    "address": "〒384-0077 長野県小諸市大字山浦大杭９２５",
    "prefecture": "長野県",
    "city": "小諸市",
    "genre": "橋",
    "status": "現存",
    "phenomena": [
     "女性の霊"
    ],
    "features": [],
    "totalScore": 15255,
    "nationalRank": 941,
    "prefRank": 11,
    "fearRating": 3.7,
    "ratingCount": 62,
    "outline": "小諸大橋とは、長野県小諸市にある幽霊橋です。「こもろおおはし」と読みます。この場所では女性の幽霊が現れるといった噂があるため心霊スポットと呼ばれています。",
    "comment": "竣工は平成6年と書いてあるので1994年ですね。",
    "imageUrl": null,
    "sourceUrl": "https://ghostmap.jp/spotdetail.php?spotcd=2435"
   }
  },
  {
   "type": "Feature",
   "geometry": {
    "type": "Point",
    "coordinates": [
     131.300378,
     32.701762
    ]
   },
   "properties": {
    "spotcd": 401,
    "name": "高千穂峡",
    "kana": "たかちほきょう",
    "address": "宮崎県西臼杵郡高千穂町 県道50号線",
    "prefecture": "宮崎県",
    "city": "高千穂町",
    "genre": "川・滝",
    "status": "現存",
    "phenomena": [
     "少女の霊"
    ],
    "features": [
     "自殺の名所"
    ],
    "totalScore": 15255,
    "nationalRank": 940,
    "prefRank": 4,
    "fearRating": 3.28,
    "ratingCount": 69,
    "outline": "高千穂峡とは、宮崎県高千穂町にあるオバケ川（幽霊滝）です。「たかちほきょう」と読みます。この場所では少女の幽霊が現れるといった噂があるため心霊スポットと呼ばれています。",
    "comment": "あまり話題にはなってないかな、この近くの水が先地区ここはヤバイ。",
    "imageUrl": "https://ghostmap.jp/img/spot/display/201411202155000.jpg",
    "sourceUrl": "https://ghostmap.jp/spotdetail.php?spotcd=401"
   }
  },
  {
   "type": "Feature",
   "geometry": {
    "type": "Point",
    "coordinates": [
     136.325396,
     34.76248
    ]
   },
   "properties": {
    "spotcd": 286,
    "name": "旧長野トンネル（昭和のトンネル）",
    "kana": "きゅうながのとんねる（しょうわのとんねる）",
    "address": "三重県伊賀市上阿波伊賀街道",
    "prefecture": "三重県",
    "city": "伊賀市",
    "genre": "トンネル",
    "status": "現存",
    "phenomena": [
     "女性の霊"
    ],
    "features": [],
    "totalScore": 15253,
    "nationalRank": 942,
    "prefRank": 16,
    "fearRating": 3.75,
    "ratingCount": 61,
    "outline": "旧長野トンネル（昭和のトンネル）とは、三重県伊賀市にあるお化けトンネルです。「きゅうながのとんねる（しょうわのとんねる）」と読みます。この場所では女性の幽霊が現れるといった噂があるため心霊スポットと呼ばれています。",
    "comment": "名古屋アベック殺人事件の被害者の幽霊が出るそうです 名古屋アベック",
    "imageUrl": "https://ghostmap.jp/img/spot/display/20230630165034067.jpg",
    "sourceUrl": "https://ghostmap.jp/spotdetail.php?spotcd=286"
   }
  },
  {
   "type": "Feature",
   "geometry": {
    "type": "Point",
    "coordinates": [
     130.944654,
     34.139174
    ]
   },
   "properties": {
    "spotcd": 4393,
    "name": "ホテルティナ",
    "kana": "ほてるてぃな",
    "address": "〒759-6301 山口県下関市豊浦町大字川棚山１７６０ ※関係者以外は立ち入り禁止、無断で入ると不法侵入になります",
    "prefecture": "山口県",
    "city": "下関市",
    "genre": "ホテル・旅館",
    "status": "現存",
    "phenomena": [
     "男性の霊"
    ],
    "features": [
     "廃墟",
     "山口県の廃墟"
    ],
    "totalScore": 15248,
    "nationalRank": 952,
    "prefRank": 13,
    "fearRating": 3.87,
    "ratingCount": 58,
    "outline": "ホテルティナとは、山口県下関市にある心霊廃墟です。「ほてるてぃな」と読みます。この場所では男性の幽霊が現れるといった噂があるため心霊スポットと呼ばれています。",
    "comment": "命… 夢… 希望… どこからきて どこへ行く？ そんなものは…このわたしが 破壊する！！",
    "imageUrl": null,
    "sourceUrl": "https://ghostmap.jp/spotdetail.php?spotcd=4393"
   }
  },
  {
   "type": "Feature",
   "geometry": {
    "type": "Point",
    "coordinates": [
     131.414496,
     31.948053
    ]
   },
   "properties": {
    "spotcd": 399,
    "name": "平和台公園",
    "kana": "へいわだいこうえん",
    "address": "〒880-0035 宮崎県宮崎市下北方町 平和の塔",
    "prefecture": "宮崎県",
    "city": "宮崎市",
    "genre": "公園・城跡",
    "status": "現存",
    "phenomena": [
     "女性の霊"
    ],
    "features": [],
    "totalScore": 15248,
    "nationalRank": 950,
    "prefRank": 5,
    "fearRating": 3.46,
    "ratingCount": 64,
    "outline": "平和台公園とは、宮崎県宮崎市にある公園・城跡の心霊スポットです。「へいわだいこうえん」と読みます。この場所では女性の幽霊が現れるといった噂があるため心霊スポットと呼ばれています。",
    "comment": "なぜ埴輪！？まあ、埴輪は古墳に置かれるものだから、死者の霊を慰めるという意味では間違っていないのだが。宮崎は未だに古墳時代らしい。",
    "imageUrl": "https://ghostmap.jp/img/spot/display/201411152117550.JPG",
    "sourceUrl": "https://ghostmap.jp/spotdetail.php?spotcd=399"
   }
  },
  {
   "type": "Feature",
   "geometry": {
    "type": "Point",
    "coordinates": [
     131.118728,
     34.239227
    ]
   },
   "properties": {
    "spotcd": 315,
    "name": "豊田湖の近くにあるトンネル",
    "kana": "とよたこのちかくにあるとんねる",
    "address": "〒750-0432 山口県下関市豊田町大字地吉 県道319号線",
    "prefecture": "山口県",
    "city": "下関市",
    "genre": "トンネル",
    "status": "現存",
    "phenomena": [
     "女性の霊"
    ],
    "features": [],
    "totalScore": 15243,
    "nationalRank": 957,
    "prefRank": 14,
    "fearRating": 3.51,
    "ratingCount": 62,
    "outline": "豊田湖の近くにあるトンネルとは、山口県下関市にあるお化けトンネルです。「とよたこのちかくにあるとんねる」と読みます。この場所では女性の幽霊が現れるといった噂があるため心霊スポットと呼ばれています。",
    "comment": "よく通るのですが 白いワンピースの女性ならたまに見かけますよ",
    "imageUrl": "https://ghostmap.jp/img/spot/display/201407152213180.JPG",
    "sourceUrl": "https://ghostmap.jp/spotdetail.php?spotcd=315"
   }
  },
  {
   "type": "Feature",
   "geometry": {
    "type": "Point",
    "coordinates": [
     138.582487,
     35.462558
    ]
   },
   "properties": {
    "spotcd": 1726,
    "name": "本栖湖",
    "kana": "もとすこ",
    "address": "〒409-3104 山梨県南巨摩郡身延町中ノ倉 県道709号線",
    "prefecture": "山梨県",
    "city": "身延町",
    "genre": "湖（池）・ダム",
    "status": "現存",
    "phenomena": [
     "女性の霊"
    ],
    "features": [],
    "totalScore": 15230,
    "nationalRank": 967,
    "prefRank": 15,
    "fearRating": 4.2,
    "ratingCount": 50,
    "outline": "本栖湖とは、山梨県身延町にある湖（池）・ダムの心霊スポットです。「もとすこ」と読みます。この場所では女性の幽霊が現れるといった噂があるため心霊スポットと呼ばれています。",
    "comment": "ここに行ったらお守りがぐちゃぐちゃになっていたって話がある",
    "imageUrl": null,
    "sourceUrl": "https://ghostmap.jp/spotdetail.php?spotcd=1726"
   }
  },
  {
   "type": "Feature",
   "geometry": {
    "type": "Point",
    "coordinates": [
     137.843033,
     35.474738
    ]
   },
   "properties": {
    "spotcd": 1553,
    "name": "南原橋",
    "kana": "みなばらばし",
    "address": "長野県飯田市 県道247号線",
    "prefecture": "長野県",
    "city": "飯田市",
    "genre": "橋",
    "status": "現存",
    "phenomena": [
     "男性の霊"
    ],
    "features": [
     "自殺の名所"
    ],
    "totalScore": 15227,
    "nationalRank": 970,
    "prefRank": 12,
    "fearRating": 3.57,
    "ratingCount": 57,
    "outline": "南原橋とは、長野県飯田市にある幽霊橋です。「みなばらばし」と読みます。この場所では男性の幽霊が現れるといった噂があるため心霊スポットと呼ばれています。",
    "comment": "橋の手前にある病院の精神患者が飛ぶそうな。 別コメにもあるけど病院側の民家近くから橋の下に降りるとトンネル",
    "imageUrl": null,
    "sourceUrl": "https://ghostmap.jp/spotdetail.php?spotcd=1553"
   }
  },
  {
   "type": "Feature",
   "geometry": {
    "type": "Point",
    "coordinates": [
     136.726774,
     36.478368
    ]
   },
   "properties": {
    "spotcd": 81,
    "name": "熊走大橋",
    "kana": "くまばしりおおはし",
    "address": "〒920-1313 石川県金沢市駒帰町ヲ−１−３",
    "prefecture": "石川県",
    "city": "金沢市",
    "genre": "橋",
    "status": "現存",
    "phenomena": [
     "女性の霊"
    ],
    "features": [],
    "totalScore": 15212,
    "nationalRank": 982,
    "prefRank": 12,
    "fearRating": 3.84,
    "ratingCount": 50,
    "outline": "熊走大橋とは、石川県金沢市にある幽霊橋です。「くまばしりおおはし」と読みます。この場所では女性の幽霊が現れるといった噂があるため心霊スポットと呼ばれています。",
    "comment": "夜は暗さのせいで谷の深さがよくわかりませんが、かなりの高さがあることが伺えます。左右の欄干に小学生の描いた絵画が並んでいます。意図はわかりませんが、それが不気味で恐怖感を煽ります。",
    "imageUrl": null,
    "sourceUrl": "https://ghostmap.jp/spotdetail.php?spotcd=81"
   }
  },
  {
   "type": "Feature",
   "geometry": {
    "type": "Point",
    "coordinates": [
     130.486729,
     31.485501
    ]
   },
   "properties": {
    "spotcd": 2191,
    "name": "錫山自然遊歩道",
    "kana": "すずやましぜんゆうほどう",
    "address": "〒891-0144 鹿児島県鹿児島市下福元町８４０６",
    "prefecture": "鹿児島県",
    "city": "鹿児島市",
    "genre": "道・峠",
    "status": "現存",
    "phenomena": [
     "少女の霊",
     "心霊写真"
    ],
    "features": [],
    "totalScore": 15211,
    "nationalRank": 983,
    "prefRank": 11,
    "fearRating": 4.51,
    "ratingCount": 43,
    "outline": "錫山自然遊歩道とは、鹿児島県鹿児島市にある道・峠の心霊スポットです。「すずやましぜんゆうほどう」と読みます。この場所では少女の幽霊が現れるといった噂があるため心霊スポットと呼ばれています。",
    "comment": "ここは夜ヤバそうな雰囲気",
    "imageUrl": "https://ghostmap.jp/img/spot/display/20190427143214667.jpg",
    "sourceUrl": "https://ghostmap.jp/spotdetail.php?spotcd=2191"
   }
  },
  {
   "type": "Feature",
   "geometry": {
    "type": "Point",
    "coordinates": [
     138.438446,
     36.780256
    ]
   },
   "properties": {
    "spotcd": 771,
    "name": "夜間瀬隧道（竜王トンネル）",
    "kana": "よませずいどう（りゅうおうとんねる）",
    "address": "〒381-0405 長野県下高井郡山ノ内町夜間瀬",
    "prefecture": "長野県",
    "city": "山ノ内町",
    "genre": "トンネル",
    "status": "現存",
    "phenomena": [
     "男性の霊"
    ],
    "features": [],
    "totalScore": 15210,
    "nationalRank": 985,
    "prefRank": 13,
    "fearRating": 3.8,
    "ratingCount": 50,
    "outline": "夜間瀬隧道（竜王トンネル）とは、長野県山ノ内町にあるお化けトンネルです。「よませずいどう（りゅうおうとんねる）」と読みます。この場所では男性の幽霊が現れるといった噂があるため心霊スポットと呼ばれています。",
    "comment": "夜間瀬トンネルでは、トンネルの掘削作業中に事故死した作業員の霊が現れるとか、その作業員のうめき声が聞こえるとか言われてます。",
    "imageUrl": "https://ghostmap.jp/img/spot/display/20230325132959088.JPG",
    "sourceUrl": "https://ghostmap.jp/spotdetail.php?spotcd=771"
   }
  },
  {
   "type": "Feature",
   "geometry": {
    "type": "Point",
    "coordinates": [
     131.005201,
     33.273433
    ]
   },
   "properties": {
    "spotcd": 1574,
    "name": "観音の滝近くの歩道橋",
    "kana": "かんのんのたきちかくのほどうきょう",
    "address": "〒879-4122 大分県日田市天瀬町合田 筑後街道",
    "prefecture": "大分県",
    "city": "日田市",
    "genre": "橋",
    "status": "現存",
    "phenomena": [
     "女性の霊",
     "声"
    ],
    "features": [],
    "totalScore": 15207,
    "nationalRank": 987,
    "prefRank": 7,
    "fearRating": 3.66,
    "ratingCount": 51,
    "outline": "観音の滝近くの歩道橋とは、大分県日田市にある幽霊橋です。「かんのんのたきちかくのほどうきょう」と読みます。この場所では女性の幽霊が現れるといった噂があるため心霊スポットと呼ばれています。",
    "comment": "ここ、この前行きました！歩道橋は案の定、ビデオカメラのピントが合わない！観音の滝は怖くて近づかなかったです！ww",
    "imageUrl": "https://ghostmap.jp/img/spot/display/20180525092212531.jpeg",
    "sourceUrl": "https://ghostmap.jp/spotdetail.php?spotcd=1574"
   }
  },
  {
   "type": "Feature",
   "geometry": {
    "type": "Point",
    "coordinates": [
     130.360469,
     32.098674
    ]
   },
   "properties": {
    "spotcd": 729,
    "name": "東光山公園",
    "kana": "とうこうざんこうえん",
    "address": "〒899-0203 鹿児島県出水市上鯖渕６３３２",
    "prefecture": "鹿児島県",
    "city": "出水市",
    "genre": "公園・城跡",
    "status": "現存",
    "phenomena": [
     "女性の霊"
    ],
    "features": [],
    "totalScore": 15206,
    "nationalRank": 988,
    "prefRank": 12,
    "fearRating": 3.08,
    "ratingCount": 59,
    "outline": "東光山公園とは、鹿児島県出水市にある公園・城跡の心霊スポットです。「とうこうざんこうえん」と読みます。この場所では女性の幽霊が現れるといった噂があるため心霊スポットと呼ばれています。",
    "comment": "地図の場所が違っているみたいです。 正しくは、鹿児島県出水市上鯖渕6332-5ですよ。",
    "imageUrl": null,
    "sourceUrl": "https://ghostmap.jp/spotdetail.php?spotcd=729"
   }
  },
  {
   "type": "Feature",
   "geometry": {
    "type": "Point",
    "coordinates": [
     140.554293,
     36.307024
    ]
   },
   "properties": {
    "spotcd": 1326,
    "name": "大洗町のトンネル",
    "kana": "おおあらいまちのとんねる",
    "address": "〒311-1311 茨城県東茨城郡大洗町大貫町 国道51号線",
    "prefecture": "茨城県",
    "city": "大洗町",
    "genre": "トンネル",
    "status": "現存",
    "phenomena": [
     "女性の霊"
    ],
    "features": [],
    "totalScore": 15196,
    "nationalRank": 995,
    "prefRank": 14,
    "fearRating": 3.59,
    "ratingCount": 49,
    "outline": "大洗町のトンネルとは、茨城県大洗町にあるお化けトンネルです。「おおあらいまちのとんねる」と読みます。この場所では女性の幽霊が現れるといった噂があるため心霊スポットと呼ばれています。",
    "comment": "大洗町では第二次世界大戦時代に走ってた戦車がいまだに走ってるらしい。 その理由は不明。",
    "imageUrl": null,
    "sourceUrl": "https://ghostmap.jp/spotdetail.php?spotcd=1326"
   }
  },
  {
   "type": "Feature",
   "geometry": {
    "type": "Point",
    "coordinates": [
     134.540495,
     34.058591
    ]
   },
   "properties": {
    "spotcd": 3571,
    "name": "闇の廃ホテル シャガール",
    "kana": "やみのはいほてる しゃがーる",
    "address": "〒770-8063 徳島県徳島市南二軒屋町西山９５５−４ ※関係者以外は立ち入り禁止、無断で入ると不法侵入になります",
    "prefecture": "徳島県",
    "city": "徳島市",
    "genre": "ホテル・旅館",
    "status": "現存",
    "phenomena": [
     "正体不明の霊",
     "声",
     "人影"
    ],
    "features": [
     "廃墟",
     "徳島県の廃墟"
    ],
    "totalScore": 15189,
    "nationalRank": 1004,
    "prefRank": 5,
    "fearRating": 4,
    "ratingCount": 43,
    "outline": "闇の廃ホテル シャガールとは、徳島県徳島市にある心霊廃墟です。「やみのはいほてる しゃがーる」と読みます。この場所では正体不明の幽霊が現れるといった噂があるため心霊スポットと呼ばれています。",
    "comment": "中は綺麗でした",
    "imageUrl": null,
    "sourceUrl": "https://ghostmap.jp/spotdetail.php?spotcd=3571"
   }
  },
  {
   "type": "Feature",
   "geometry": {
    "type": "Point",
    "coordinates": [
     131.300451,
     34.235381
    ]
   },
   "properties": {
    "spotcd": 1578,
    "name": "すだもふ山荘",
    "kana": "すだもふさんそう",
    "address": "〒754-0511 山口県美祢市秋芳町秋吉１２３７−７３９ ※関係者以外は立ち入り禁止、無断で入ると不法侵入になります",
    "prefecture": "山口県",
    "city": "美祢市",
    "genre": "ホテル・旅館",
    "status": "現存",
    "phenomena": [
     "正体不明の霊"
    ],
    "features": [
     "廃墟",
     "山口県の廃墟"
    ],
    "totalScore": 15180,
    "nationalRank": 1007,
    "prefRank": 15,
    "fearRating": 3.35,
    "ratingCount": 48,
    "outline": "すだもふ山荘とは、山口県美祢市にある心霊廃墟です。「すだもふさんそう」と読みます。この場所では正体不明の幽霊が現れるといった噂があるため心霊スポットと呼ばれています。",
    "comment": "『すだもふ』って言うのは、すだもふさんのことですw すだもふさんは廃墟探訪系youtuberです！以前すだもふさんが動画で発見した山荘なので、この名前がついたのだと思われます！w",
    "imageUrl": "https://ghostmap.jp/img/spot/display/20180526173229015.jpeg",
    "sourceUrl": "https://ghostmap.jp/spotdetail.php?spotcd=1578"
   }
  },
  {
   "type": "Feature",
   "geometry": {
    "type": "Point",
    "coordinates": [
     130.576973,
     32.521631
    ]
   },
   "properties": {
    "spotcd": 1827,
    "name": "高島山・高島公園",
    "kana": "たかしまやま・たかしまこうえん",
    "address": "〒866-0014 熊本県八代市高島町４７６７",
    "prefecture": "熊本県",
    "city": "八代市",
    "genre": "公園・城跡",
    "status": "現存",
    "phenomena": [
     "女性の霊"
    ],
    "features": [],
    "totalScore": 15178,
    "nationalRank": 1010,
    "prefRank": 8,
    "fearRating": 3.38,
    "ratingCount": 47,
    "outline": "高島山・高島公園とは、熊本県八代市にある公園・城跡の心霊スポットです。「たかしまやま・たかしまこうえん」と読みます。この場所では女性の幽霊が現れるといった噂があるため心霊スポットと呼ばれています。",
    "comment": "たしかにあまり近寄りたくない雰囲気がある",
    "imageUrl": "https://ghostmap.jp/img/spot/display/20210421215202564.jpeg",
    "sourceUrl": "https://ghostmap.jp/spotdetail.php?spotcd=1827"
   }
  },
  {
   "type": "Feature",
   "geometry": {
    "type": "Point",
    "coordinates": [
     134.040848,
     34.339028
    ]
   },
   "properties": {
    "spotcd": 825,
    "name": "旧香川県立中央病院",
    "kana": "きゅうかがわけんりつちゅうおうびょういん",
    "address": "〒760-0017 香川県高松市番町５丁目４−１５ ※関係者以外は立ち入り禁止、無断で入ると不法侵入になります",
    "prefecture": "香川県",
    "city": "高松市",
    "genre": "病院",
    "status": "現存",
    "phenomena": [
     "男性の霊"
    ],
    "features": [
     "廃墟",
     "香川県の廃墟"
    ],
    "totalScore": 15177,
    "nationalRank": 1012,
    "prefRank": 11,
    "fearRating": 3.36,
    "ratingCount": 47,
    "outline": "旧香川県立中央病院とは、香川県高松市にある心霊廃墟です。「きゅうかがわけんりつちゅうおうびょういん」と読みます。この場所では男性の幽霊が現れるといった噂があるため心霊スポットと呼ばれています。",
    "comment": "わたしが看護学生のころ中央病院で実習していました 実習中、乳飲み子を抱えた若い母親が北館10階から飛び降りました 病院のイメージダウンもあるのでニュースにもなりません 12年前の夏の事でした",
    "imageUrl": null,
    "sourceUrl": "https://ghostmap.jp/spotdetail.php?spotcd=825"
   }
  },
  {
   "type": "Feature",
   "geometry": {
    "type": "Point",
    "coordinates": [
     140.642281,
     36.603635
    ]
   },
   "properties": {
    "spotcd": 4378,
    "name": "ホテルスイス・ホテル京都",
    "kana": "ほてるすいす・ほてるきょうと",
    "address": "〒317-0066 茨城県日立市高鈴町５丁目２３ ※関係者以外は立ち入り禁止、無断で入ると不法侵入になります",
    "prefecture": "茨城県",
    "city": "日立市",
    "genre": "ホテル・旅館",
    "status": "現存",
    "phenomena": [
     "女性の霊"
    ],
    "features": [
     "廃墟",
     "茨城県の廃墟"
    ],
    "totalScore": 15173,
    "nationalRank": 1013,
    "prefRank": 15,
    "fearRating": 3.92,
    "ratingCount": 40,
    "outline": "ホテルスイス・ホテル京都とは、茨城県日立市にある心霊廃墟です。「ほてるすいす・ほてるきょうと」と読みます。この場所では女性の幽霊が現れるといった噂があるため心霊スポットと呼ばれています。",
    "comment": "ホテルスイス近くにあるこの辺りの廃墟は何でしょうか？36.603833, 140.640506",
    "imageUrl": null,
    "sourceUrl": "https://ghostmap.jp/spotdetail.php?spotcd=4378"
   }
  },
  {
   "type": "Feature",
   "geometry": {
    "type": "Point",
    "coordinates": [
     140.651756,
     39.608174
    ]
   },
   "properties": {
    "spotcd": 427,
    "name": "抱返り渓谷",
    "kana": "だきがえりけいこく",
    "address": "〒014-1113 秋田県仙北市田沢湖卒田",
    "prefecture": "秋田県",
    "city": "仙北市",
    "genre": "川・滝",
    "status": "現存",
    "phenomena": [
     "正体不明の霊"
    ],
    "features": [
     "自殺の名所"
    ],
    "totalScore": 15171,
    "nationalRank": 1015,
    "prefRank": 9,
    "fearRating": 3.47,
    "ratingCount": 44,
    "outline": "抱返り渓谷とは、秋田県仙北市にあるオバケ川（幽霊滝）です。「だきがえりけいこく」と読みます。この場所では正体不明の幽霊が現れるといった噂があるため心霊スポットと呼ばれています。",
    "comment": "ここのトンネルの手前に来た時何故か背筋が寒くなって近づきたくなくて、怖かった。アイホンで撮ったトンネルの入り口が何故かボヤけてた。",
    "imageUrl": null,
    "sourceUrl": "https://ghostmap.jp/spotdetail.php?spotcd=427"
   }
  },
  {
   "type": "Feature",
   "geometry": {
    "type": "Point",
    "coordinates": [
     136.601163,
     36.366231
    ]
   },
   "properties": {
    "spotcd": 344,
    "name": "鳥越城跡",
    "kana": "とりごえじょうし",
    "address": "石川県白山市 県道44号線",
    "prefecture": "石川県",
    "city": "白山市",
    "genre": "公園・城跡",
    "status": "現存",
    "phenomena": [
     "女性の霊",
     "人影"
    ],
    "features": [],
    "totalScore": 15168,
    "nationalRank": 1019,
    "prefRank": 13,
    "fearRating": 3.8,
    "ratingCount": 40,
    "outline": "鳥越城跡とは、石川県白山市にある公園・城跡の心霊スポットです。「とりごえじょうし」と読みます。この場所では女性の幽霊が現れるといった噂があるため心霊スポットと呼ばれています。",
    "comment": "ここはマヂでヤバいって！！その筋の人たちの間では有名だし",
    "imageUrl": "https://ghostmap.jp/img/spot/display/201408232242570.jpg",
    "sourceUrl": "https://ghostmap.jp/spotdetail.php?spotcd=344"
   }
  },
  {
   "type": "Feature",
   "geometry": {
    "type": "Point",
    "coordinates": [
     130.477982,
     31.511436
    ]
   },
   "properties": {
    "spotcd": 1161,
    "name": "指宿スカイライン",
    "kana": "いぶすきすかいらいん",
    "address": "〒891-0144 鹿児島県鹿児島市下福元町 指宿有料道路",
    "prefecture": "鹿児島県",
    "city": "鹿児島市",
    "genre": "道・峠",
    "status": "現存",
    "phenomena": [
     "老婆の霊"
    ],
    "features": [],
    "totalScore": 15164,
    "nationalRank": 1020,
    "prefRank": 13,
    "fearRating": 2.53,
    "ratingCount": 56,
    "outline": "指宿スカイラインとは、鹿児島県鹿児島市にある道・峠の心霊スポットです。「いぶすきすかいらいん」と読みます。この場所では老婆の幽霊が現れるといった噂があるため心霊スポットと呼ばれています。",
    "comment": "地図と住所を訂正しました。",
    "imageUrl": "https://ghostmap.jp/img/spot/display/20170621150250895.jpg",
    "sourceUrl": "https://ghostmap.jp/spotdetail.php?spotcd=1161"
   }
  },
  {
   "type": "Feature",
   "geometry": {
    "type": "Point",
    "coordinates": [
     138.143972,
     36.144114
    ]
   },
   "properties": {
    "spotcd": 1314,
    "name": "旧和田峠トンネル",
    "kana": "きゅうわだとうげとんねる",
    "address": "〒393-0000 長野県諏訪郡下諏訪町",
    "prefecture": "長野県",
    "city": "下諏訪町",
    "genre": "トンネル",
    "status": "現存",
    "phenomena": [
     "女性の霊",
     "心霊写真"
    ],
    "features": [],
    "totalScore": 15160,
    "nationalRank": 1022,
    "prefRank": 14,
    "fearRating": 3.15,
    "ratingCount": 45,
    "outline": "旧和田峠トンネルとは、長野県下諏訪町にあるお化けトンネルです。「きゅうわだとうげとんねる」と読みます。この場所では女性の幽霊が現れるといった噂があるため心霊スポットと呼ばれています。",
    "comment": "ここって思ってるより車通る(トラックが多い)し近くに人住んでるから全然怖い場所ではないよ。 トンネルより崖の方が怖いわ。",
    "imageUrl": "https://ghostmap.jp/img/spot/display/20190602170206927.JPG",
    "sourceUrl": "https://ghostmap.jp/spotdetail.php?spotcd=1314"
   }
  },
  {
   "type": "Feature",
   "geometry": {
    "type": "Point",
    "coordinates": [
     131.675971,
     34.051024
    ]
   },
   "properties": {
    "spotcd": 6321,
    "name": "JR鉄道廃トンネル",
    "kana": "じぇいあーるてつどうはいとんねる",
    "address": "山口県周南市",
    "prefecture": "山口県",
    "city": "周南市",
    "genre": "トンネル",
    "status": "現存",
    "phenomena": [
     "男性の霊"
    ],
    "features": [],
    "totalScore": 14572,
    "nationalRank": 1031,
    "prefRank": 16,
    "fearRating": 3.9,
    "ratingCount": 133,
    "outline": "JR鉄道廃トンネルとは、山口県周南市にあるお化けトンネルです。「じぇいあーるてつどうはいとんねる」と読みます。この場所では男性の幽霊が現れるといった噂があるため心霊スポットと呼ばれています。",
    "comment": "真名ヶ尻トンネルでしょうか？",
    "imageUrl": "https://ghostmap.jp/img/spot/display/20241106203408224.jpg",
    "sourceUrl": "https://ghostmap.jp/spotdetail.php?spotcd=6321"
   }
  },
  {
   "type": "Feature",
   "geometry": {
    "type": "Point",
    "coordinates": [
     133.641591,
     35.516259
    ]
   },
   "properties": {
    "spotcd": 748,
    "name": "花見潟墓地",
    "kana": "はなみがたぼち",
    "address": "〒689-2501 鳥取県東伯郡琴浦町赤碕 県道267号線",
    "prefecture": "鳥取県",
    "city": "琴浦町",
    "genre": "墓地・慰霊碑",
    "status": "現存",
    "phenomena": [
     "老婆の霊"
    ],
    "features": [],
    "totalScore": 14526,
    "nationalRank": 1033,
    "prefRank": 8,
    "fearRating": 3.2,
    "ratingCount": 146,
    "outline": "花見潟墓地とは、鳥取県琴浦町にある墓地・慰霊碑の心霊スポットです。「はなみがたぼち」と読みます。この場所では老婆の幽霊が現れるといった噂があるため心霊スポットと呼ばれています。",
    "comment": "海岸の墓地って珍しいですね。しかも海が無茶苦茶近い！",
    "imageUrl": "https://ghostmap.jp/img/spot/display/20160510185608473.jpg",
    "sourceUrl": "https://ghostmap.jp/spotdetail.php?spotcd=748"
   }
  },
  {
   "type": "Feature",
   "geometry": {
    "type": "Point",
    "coordinates": [
     138.894276,
     35.427535
    ]
   },
   "properties": {
    "spotcd": 612,
    "name": "洗心寮",
    "kana": "せんしんりょう",
    "address": "〒401-0502 山梨県南都留郡山中湖村平野２２９４ ※関係者以外は立ち入り禁止、無断で入ると不法侵入になります",
    "prefecture": "山梨県",
    "city": "山中湖村",
    "genre": "ホテル・旅館",
    "status": "現存",
    "phenomena": [
     "少女の霊",
     "心霊写真"
    ],
    "features": [
     "廃墟",
     "山梨県の廃墟"
    ],
    "totalScore": 14518,
    "nationalRank": 1034,
    "prefRank": 16,
    "fearRating": 3.64,
    "ratingCount": 128,
    "outline": "洗心寮とは、山梨県山中湖村にある心霊廃墟です。「せんしんりょう」と読みます。この場所では少女の幽霊が現れるといった噂があるため心霊スポットと呼ばれています。",
    "comment": "しかし、いくらバブル期の証券会社とはいえ、たかだか社員の研修施設にこんな巨大金庫が必要だろうか？脱税した裏金でも隠してたんじゃなかろか？",
    "imageUrl": "https://ghostmap.jp/img/spot/display/20160320170259043.jpg",
    "sourceUrl": "https://ghostmap.jp/spotdetail.php?spotcd=612"
   }
  },
  {
   "type": "Feature",
   "geometry": {
    "type": "Point",
    "coordinates": [
     130.551253,
     31.591186
    ]
   },
   "properties": {
    "spotcd": 35,
    "name": "ザビエル公園",
    "kana": "ざびえるこうえん",
    "address": "〒892-0842 鹿児島県鹿児島市東千石町 二官橋通り",
    "prefecture": "鹿児島県",
    "city": "鹿児島市",
    "genre": "公園・城跡",
    "status": "現存",
    "phenomena": [
     "女性の霊"
    ],
    "features": [],
    "totalScore": 14412,
    "nationalRank": 1050,
    "prefRank": 14,
    "fearRating": 2.71,
    "ratingCount": 132,
    "outline": "ザビエル公園とは、鹿児島県鹿児島市にある公園・城跡の心霊スポットです。「ざびえるこうえん」と読みます。この場所では女性の幽霊が現れるといった噂があるため心霊スポットと呼ばれています。",
    "comment": "夜中に友達と肝試しに行ったらザビエルに怒られた",
    "imageUrl": null,
    "sourceUrl": "https://ghostmap.jp/spotdetail.php?spotcd=35"
   }
  },
  {
   "type": "Feature",
   "geometry": {
    "type": "Point",
    "coordinates": [
     131.068233,
     33.265115
    ]
   },
   "properties": {
    "spotcd": 3921,
    "name": "慈恩の滝",
    "kana": "じおんのたき",
    "address": "〒879-4332 大分県玖珠郡玖珠町山浦６１８",
    "prefecture": "大分県",
    "city": "玖珠町",
    "genre": "川・滝",
    "status": "現存",
    "phenomena": [
     "女性の霊",
     "心霊写真"
    ],
    "features": [],
    "totalScore": 14355,
    "nationalRank": 1070,
    "prefRank": 8,
    "fearRating": 4.46,
    "ratingCount": 73,
    "outline": "慈恩の滝とは、大分県玖珠町にあるオバケ川（幽霊滝）です。「じおんのたき」と読みます。この場所では女性の幽霊が現れるといった噂があるため心霊スポットと呼ばれています。",
    "comment": "昼間は人がいっぱい",
    "imageUrl": null,
    "sourceUrl": "https://ghostmap.jp/spotdetail.php?spotcd=3921"
   }
  },
  {
   "type": "Feature",
   "geometry": {
    "type": "Point",
    "coordinates": [
     130.539364,
     31.55411
    ]
   },
   "properties": {
    "spotcd": 3678,
    "name": "地獄谷",
    "kana": "じごくだに",
    "address": "〒890-0086 鹿児島県鹿児島市日之出町２−２１",
    "prefecture": "鹿児島県",
    "city": "鹿児島市",
    "genre": "川・滝",
    "status": "現存",
    "phenomena": [
     "男性の霊",
     "声"
    ],
    "features": [
     "処刑場"
    ],
    "totalScore": 14351,
    "nationalRank": 1072,
    "prefRank": 15,
    "fearRating": 3.93,
    "ratingCount": 81,
    "outline": "地獄谷とは、鹿児島県鹿児島市にあるオバケ川（幽霊滝）です。「じごくだに」と読みます。この場所では男性の幽霊が現れるといった噂があるため心霊スポットと呼ばれています。",
    "comment": "もはやただの住宅地。見る影もない。昔の人しかわからん。",
    "imageUrl": "https://ghostmap.jp/img/spot/display/20210403013716610.jpeg",
    "sourceUrl": "https://ghostmap.jp/spotdetail.php?spotcd=3678"
   }
  },
  {
   "type": "Feature",
   "geometry": {
    "type": "Point",
    "coordinates": [
     135.345804,
     34.307392
    ]
   },
   "properties": {
    "spotcd": 603,
    "name": "あるはずのないトンネル",
    "kana": "あるはずのないとんねる",
    "address": "〒649-6447 和歌山県紀の川市西山田",
    "prefecture": "和歌山県",
    "city": "紀の川市",
    "genre": "トンネル",
    "status": "現存",
    "phenomena": [
     "女性の霊"
    ],
    "features": [],
    "totalScore": 14338,
    "nationalRank": 1074,
    "prefRank": 9,
    "fearRating": 3.08,
    "ratingCount": 97,
    "outline": "あるはずのないトンネルとは、和歌山県紀の川市にあるお化けトンネルです。「あるはずのないとんねる」と読みます。この場所では女性の幽霊が現れるといった噂があるため心霊スポットと呼ばれています。",
    "comment": "あるんだがねーんだかハッキリしろや。",
    "imageUrl": null,
    "sourceUrl": "https://ghostmap.jp/spotdetail.php?spotcd=603"
   }
  },
  {
   "type": "Feature",
   "geometry": {
    "type": "Point",
    "coordinates": [
     130.857181,
     33.778718
    ]
   },
   "properties": {
    "spotcd": 2417,
    "name": "櫨ヶ峠隧道",
    "kana": "はぜがとうげずいどう",
    "address": "〒803-0186 福岡県北九州市小倉南区大字新道寺 県道28号",
    "prefecture": "福岡県",
    "city": "北九州市",
    "genre": "トンネル",
    "status": "現存",
    "phenomena": [
     "男性の霊",
     "人影"
    ],
    "features": [],
    "totalScore": 14329,
    "nationalRank": 1076,
    "prefRank": 16,
    "fearRating": 3.51,
    "ratingCount": 84,
    "outline": "櫨ヶ峠隧道とは、福岡県北九州市にあるお化けトンネルです。「はぜがとうげずいどう」と読みます。この場所では男性の幽霊が現れるといった噂があるため心霊スポットと呼ばれています。",
    "comment": "先日、行ってきました まるで誘い込まれる様に 迷わずに辿り着きました 足を踏み入れた時 すぐに悲鳴が聞こえて 居るはずのない 黒い人影が見えました",
    "imageUrl": null,
    "sourceUrl": "https://ghostmap.jp/spotdetail.php?spotcd=2417"
   }
  },
  {
   "type": "Feature",
   "geometry": {
    "type": "Point",
    "coordinates": [
     136.254066,
     35.97905
    ]
   },
   "properties": {
    "spotcd": 2018,
    "name": "旧戸口トンネル",
    "kana": "きゅうとのくちとんねる",
    "address": "〒916-1232 福井県鯖江市上戸口町",
    "prefecture": "福井県",
    "city": "鯖江市",
    "genre": "トンネル",
    "status": "現存",
    "phenomena": [
     "女性の霊"
    ],
    "features": [],
    "totalScore": 14327,
    "nationalRank": 1079,
    "prefRank": 7,
    "fearRating": 4.47,
    "ratingCount": 67,
    "outline": "旧戸口トンネルとは、福井県鯖江市にあるお化けトンネルです。「きゅうとのくちとんねる」と読みます。この場所では女性の幽霊が現れるといった噂があるため心霊スポットと呼ばれています。",
    "comment": "無し",
    "imageUrl": "https://ghostmap.jp/img/spot/display/20190429172629393.jpeg",
    "sourceUrl": "https://ghostmap.jp/spotdetail.php?spotcd=2018"
   }
  },
  {
   "type": "Feature",
   "geometry": {
    "type": "Point",
    "coordinates": [
     132.86044,
     33.707684
    ]
   },
   "properties": {
    "spotcd": 43,
    "name": "三坂峠",
    "kana": "みさかとうげ",
    "address": "愛媛県松山市三坂",
    "prefecture": "愛媛県",
    "city": "松山市",
    "genre": "道・峠",
    "status": "現存",
    "phenomena": [
     "女性の霊"
    ],
    "features": [],
    "totalScore": 14310,
    "nationalRank": 1090,
    "prefRank": 9,
    "fearRating": 3.24,
    "ratingCount": 85,
    "outline": "三坂峠とは、愛媛県松山市にある道・峠の心霊スポットです。「みさかとうげ」と読みます。この場所では女性の幽霊が現れるといった噂があるため心霊スポットと呼ばれています。",
    "comment": "三坂峠の小さなトンネル行ってみたらなんかカメラに映ってた急いで走って逃げ出したんだけどなんだかその日から気分がおかしくなったんだ",
    "imageUrl": null,
    "sourceUrl": "https://ghostmap.jp/spotdetail.php?spotcd=43"
   }
  },
  {
   "type": "Feature",
   "geometry": {
    "type": "Point",
    "coordinates": [
     133.89726,
     35.486742
    ]
   },
   "properties": {
    "spotcd": 4114,
    "name": "小木弾正輝信の墓所",
    "kana": "おぎだんじょうてるのぶのはかしょ",
    "address": "〒689-0707 鳥取県東伯郡湯梨浜町宮内",
    "prefecture": "鳥取県",
    "city": "湯梨浜町",
    "genre": "墓地・慰霊碑",
    "status": "現存",
    "phenomena": [
     "男性の霊",
     "声"
    ],
    "features": [],
    "totalScore": 14309,
    "nationalRank": 1091,
    "prefRank": 9,
    "fearRating": 2.95,
    "ratingCount": 92,
    "outline": "小木弾正輝信の墓所とは、鳥取県湯梨浜町にある墓地・慰霊碑の心霊スポットです。「おぎだんじょうてるのぶのはかしょ」と読みます。この場所では男性の幽霊が現れるといった噂があるため心霊スポットと呼ばれています。",
    "comment": "鳥取県東伯郡湯梨浜町宮内地区に入り口の北側の斜面に五輪塔と大きな慰霊碑があります。",
    "imageUrl": "https://ghostmap.jp/img/spot/display/20240818172735755.JPG",
    "sourceUrl": "https://ghostmap.jp/spotdetail.php?spotcd=4114"
   }
  },
  {
   "type": "Feature",
   "geometry": {
    "type": "Point",
    "coordinates": [
     131.475854,
     31.792657
    ]
   },
   "properties": {
    "spotcd": 395,
    "name": "仏舎利塔",
    "kana": "ぶっしゃりとう",
    "address": "〒889-2162 宮崎県宮崎市青島６丁目１３−１５",
    "prefecture": "宮崎県",
    "city": "宮崎市",
    "genre": "墓地・慰霊碑",
    "status": "現存",
    "phenomena": [
     "少年の霊"
    ],
    "features": [],
    "totalScore": 14299,
    "nationalRank": 1095,
    "prefRank": 6,
    "fearRating": 3.58,
    "ratingCount": 75,
    "outline": "仏舎利塔とは、宮崎県宮崎市にある墓地・慰霊碑の心霊スポットです。「ぶっしゃりとう」と読みます。この場所では少年の幽霊が現れるといった噂があるため心霊スポットと呼ばれています。",
    "comment": "そんな惨殺事件があったら大ニュースになっとるわ",
    "imageUrl": "https://ghostmap.jp/img/spot/display/201411100940000.jpg",
    "sourceUrl": "https://ghostmap.jp/spotdetail.php?spotcd=395"
   }
  },
  {
   "type": "Feature",
   "geometry": {
    "type": "Point",
    "coordinates": [
     136.444992,
     36.331328
    ]
   },
   "properties": {
    "spotcd": 2583,
    "name": "坂田屋",
    "kana": "さかたや",
    "address": "〒923-0326 石川県小松市粟津町イ−５４ ※関係者以外は立ち入り禁止、無断で入ると不法侵入になります",
    "prefecture": "石川県",
    "city": "小松市",
    "genre": "ホテル・旅館",
    "status": "現存",
    "phenomena": [
     "女性の霊"
    ],
    "features": [
     "廃墟",
     "石川県の廃墟"
    ],
    "totalScore": 14287,
    "nationalRank": 1103,
    "prefRank": 14,
    "fearRating": 3.88,
    "ratingCount": 67,
    "outline": "坂田屋とは、石川県小松市にある心霊廃墟です。「さかたや」と読みます。この場所では女性の幽霊が現れるといった噂があるため心霊スポットと呼ばれています。",
    "comment": "3F 部屋 八重",
    "imageUrl": "https://ghostmap.jp/img/spot/display/20250913205036188.jpg",
    "sourceUrl": "https://ghostmap.jp/spotdetail.php?spotcd=2583"
   }
  },
  {
   "type": "Feature",
   "geometry": {
    "type": "Point",
    "coordinates": [
     138.053963,
     36.377966
    ]
   },
   "properties": {
    "spotcd": 618,
    "name": "会吉トンネル",
    "kana": "あいよしとんねる",
    "address": "〒399-7502 長野県東筑摩郡筑北村東条",
    "prefecture": "長野県",
    "city": "筑北村",
    "genre": "トンネル",
    "status": "現存",
    "phenomena": [
     "女性の霊",
     "声"
    ],
    "features": [],
    "totalScore": 14280,
    "nationalRank": 1110,
    "prefRank": 15,
    "fearRating": 3.77,
    "ratingCount": 67,
    "outline": "会吉トンネルとは、長野県筑北村にあるお化けトンネルです。「あいよしとんねる」と読みます。この場所では女性の幽霊が現れるといった噂があるため心霊スポットと呼ばれています。",
    "comment": "怖くてやばい",
    "imageUrl": "https://ghostmap.jp/img/spot/display/201601021641050.jpeg",
    "sourceUrl": "https://ghostmap.jp/spotdetail.php?spotcd=618"
   }
  },
  {
   "type": "Feature",
   "geometry": {
    "type": "Point",
    "coordinates": [
     133.16204,
     35.427705
    ]
   },
   "properties": {
    "spotcd": 1658,
    "name": "黄泉比良坂",
    "kana": "よもつひらさか",
    "address": "〒699-0101 島根県松江市東出雲町揖屋２３５２",
    "prefecture": "島根県",
    "city": "松江市",
    "genre": "道・峠",
    "status": "現存",
    "phenomena": [
     "正体不明の霊",
     "心霊写真"
    ],
    "features": [],
    "totalScore": 14280,
    "nationalRank": 1111,
    "prefRank": 8,
    "fearRating": 2.37,
    "ratingCount": 101,
    "outline": "黄泉比良坂とは、島根県松江市にある道・峠の心霊スポットです。「よもつひらさか」と読みます。この場所では正体不明の幽霊が現れるといった噂があるため心霊スポットと呼ばれています。",
    "comment": "ちなみに北川景子主演の「瞬（まばたき）」という映画の舞台にもなっているそうだ。",
    "imageUrl": "https://ghostmap.jp/img/spot/display/20180707174125739.jpg",
    "sourceUrl": "https://ghostmap.jp/spotdetail.php?spotcd=1658"
   }
  },
  {
   "type": "Feature",
   "geometry": {
    "type": "Point",
    "coordinates": [
     130.986998,
     31.761365
    ]
   },
   "properties": {
    "spotcd": 157,
    "name": "関之尾滝",
    "kana": "せきのおたき",
    "address": "〒885-0113 宮崎県都城市関之尾町",
    "prefecture": "宮崎県",
    "city": "都城市",
    "genre": "川・滝",
    "status": "現存",
    "phenomena": [
     "女性の霊"
    ],
    "features": [],
    "totalScore": 14280,
    "nationalRank": 1109,
    "prefRank": 7,
    "fearRating": 3.6,
    "ratingCount": 70,
    "outline": "関之尾滝とは、宮崎県都城市にあるオバケ川（幽霊滝）です。「せきのおたき」と読みます。この場所では女性の幽霊が現れるといった噂があるため心霊スポットと呼ばれています。",
    "comment": "管理人様ありがとうございました。うちの若けえもんが迷惑おかけしてすみませんでした。",
    "imageUrl": null,
    "sourceUrl": "https://ghostmap.jp/spotdetail.php?spotcd=157"
   }
  },
  {
   "type": "Feature",
   "geometry": {
    "type": "Point",
    "coordinates": [
     140.545618,
     36.105503
    ]
   },
   "properties": {
    "spotcd": 1004,
    "name": "龍宮城",
    "kana": "りゅうぐうじょう",
    "address": "〒311-2104 茨城県鉾田市梶山１６５−３９ ※関係者以外は立ち入り禁止、無断で入ると不法侵入になります",
    "prefecture": "茨城県",
    "city": "鉾田市",
    "genre": "ホテル・旅館",
    "status": "現存",
    "phenomena": [
     "老爺の霊"
    ],
    "features": [
     "廃墟",
     "茨城県の廃墟"
    ],
    "totalScore": 14276,
    "nationalRank": 1116,
    "prefRank": 16,
    "fearRating": 3.84,
    "ratingCount": 65,
    "outline": "龍宮城とは、茨城県鉾田市にある心霊廃墟です。「りゅうぐうじょう」と読みます。この場所では老爺の幽霊が現れるといった噂があるため心霊スポットと呼ばれています。",
    "comment": "なんか変わった独居老人が一人で作ったテーマパーク？みたいな所だったらしい。うーん、竜宮城といわれてもねぇ〜。",
    "imageUrl": "https://ghostmap.jp/img/spot/display/20230426222921095.jpg",
    "sourceUrl": "https://ghostmap.jp/spotdetail.php?spotcd=1004"
   }
  },
  {
   "type": "Feature",
   "geometry": {
    "type": "Point",
    "coordinates": [
     135.87352,
     34.689139
    ]
   },
   "properties": {
    "spotcd": 2369,
    "name": "鶯の滝",
    "kana": "うぐいすのたき",
    "address": "奈良県奈良市 新若草山ドライブウェイ",
    "prefecture": "奈良県",
    "city": "奈良市",
    "genre": "川・滝",
    "status": "現存",
    "phenomena": [
     "女性の霊",
     "心霊写真"
    ],
    "features": [
     "パワースポット"
    ],
    "totalScore": 14276,
    "nationalRank": 1118,
    "prefRank": 12,
    "fearRating": 4.53,
    "ratingCount": 56,
    "outline": "鶯の滝とは、奈良県奈良市にあるオバケ川（幽霊滝）です。「うぐいすのたき」と読みます。この場所では女性の幽霊が現れるといった噂があるため心霊スポットと呼ばれています。",
    "comment": "ここでは飛び降り自殺をした女性とそれを助けようとして亡くなった女性の霊が出るそうですよ",
    "imageUrl": null,
    "sourceUrl": "https://ghostmap.jp/spotdetail.php?spotcd=2369"
   }
  },
  {
   "type": "Feature",
   "geometry": {
    "type": "Point",
    "coordinates": [
     130.564173,
     31.632652
    ]
   },
   "properties": {
    "spotcd": 193,
    "name": "天神山",
    "kana": "てんじんやま",
    "address": "〒892-0872 鹿児島県鹿児島市大明丘３丁目４−１１",
    "prefecture": "鹿児島県",
    "city": "鹿児島市",
    "genre": "山・森",
    "status": "現存",
    "phenomena": [
     "男性の霊",
     "声"
    ],
    "features": [
     "処刑場"
    ],
    "totalScore": 14276,
    "nationalRank": 1117,
    "prefRank": 16,
    "fearRating": 2.81,
    "ratingCount": 86,
    "outline": "天神山とは、鹿児島県鹿児島市にある山・森の心霊スポットです。「てんじんやま」と読みます。この場所では男性の幽霊が現れるといった噂があるため心霊スポットと呼ばれています。",
    "comment": "車でよく通ります。昼夜、関係なく見えますよ。",
    "imageUrl": "https://ghostmap.jp/img/spot/display/20170621142404024.jpeg",
    "sourceUrl": "https://ghostmap.jp/spotdetail.php?spotcd=193"
   }
  },
  {
   "type": "Feature",
   "geometry": {
    "type": "Point",
    "coordinates": [
     135.804899,
     34.512507
    ]
   },
   "properties": {
    "spotcd": 2555,
    "name": "耳成山公園",
    "kana": "みみなしやまこうえん",
    "address": "〒634-0004 奈良県橿原市木原町１０８",
    "prefecture": "奈良県",
    "city": "橿原市",
    "genre": "公園・城跡",
    "status": "現存",
    "phenomena": [
     "少女の霊"
    ],
    "features": [],
    "totalScore": 14270,
    "nationalRank": 1125,
    "prefRank": 13,
    "fearRating": 4.16,
    "ratingCount": 59,
    "outline": "耳成山公園とは、奈良県橿原市にある公園・城跡の心霊スポットです。「みみなしやまこうえん」と読みます。この場所では少女の幽霊が現れるといった噂があるため心霊スポットと呼ばれています。",
    "comment": "耳成山は人工ピラミッドではないかとの説があります。そのエネルギーが霊が引き寄せられているのかもしれませんね。",
    "imageUrl": null,
    "sourceUrl": "https://ghostmap.jp/spotdetail.php?spotcd=2555"
   }
  },
  {
   "type": "Feature",
   "geometry": {
    "type": "Point",
    "coordinates": [
     135.093788,
     34.287796
    ]
   },
   "properties": {
    "spotcd": 1023,
    "name": "和歌山森林公園（恐竜公園）",
    "kana": "わかやましんりんこうえん（きょうりゅうこうえん）",
    "address": "〒640-0102 和歌山県和歌山市深山６００",
    "prefecture": "和歌山県",
    "city": "和歌山市",
    "genre": "公園・城跡",
    "status": "現存",
    "phenomena": [
     "少女の霊",
     "声"
    ],
    "features": [],
    "totalScore": 14267,
    "nationalRank": 1129,
    "prefRank": 10,
    "fearRating": 4.28,
    "ratingCount": 57,
    "outline": "和歌山森林公園（恐竜公園）とは、和歌山県和歌山市にある公園・城跡の心霊スポットです。「わかやましんりんこうえん（きょうりゅうこうえん）」と読みます。この場所では少女の幽霊が現れるといった噂があるため心霊スポットと呼ばれています。",
    "comment": "ここで普通に恐竜と写真を取ったら下半分が何故か切れてました。 ここでは二度と写真は取りません。",
    "imageUrl": null,
    "sourceUrl": "https://ghostmap.jp/spotdetail.php?spotcd=1023"
   }
  },
  {
   "type": "Feature",
   "geometry": {
    "type": "Point",
    "coordinates": [
     140.250313,
     38.171695
    ]
   },
   "properties": {
    "spotcd": 624,
    "name": "山元トンネル",
    "kana": "やまもととんねる",
    "address": "〒999-3155 山形県上山市鶴脛町 県道104号線",
    "prefecture": "山形県",
    "city": "上山市",
    "genre": "トンネル",
    "status": "現存",
    "phenomena": [
     "女性の霊"
    ],
    "features": [
     "何だコレ！？"
    ],
    "totalScore": 14265,
    "nationalRank": 1133,
    "prefRank": 6,
    "fearRating": 3.67,
    "ratingCount": 65,
    "outline": "山元トンネルとは、山形県上山市にあるお化けトンネルです。「やまもととんねる」と読みます。この場所では女性の幽霊が現れるといった噂があるため心霊スポットと呼ばれています。",
    "comment": "2回ぐらい通ったけど、別に何とも無かったけどな…",
    "imageUrl": "https://ghostmap.jp/img/spot/display/20260101211958932.jpeg",
    "sourceUrl": "https://ghostmap.jp/spotdetail.php?spotcd=624"
   }
  },
  {
   "type": "Feature",
   "geometry": {
    "type": "Point",
    "coordinates": [
     129.974701,
     33.356915
    ]
   },
   "properties": {
    "spotcd": 1153,
    "name": "岸岳城跡",
    "kana": "きしだけじょうあと",
    "address": "〒847-1214 佐賀県唐津市北波多稗田",
    "prefecture": "佐賀県",
    "city": "唐津市",
    "genre": "公園・城跡",
    "status": "現存",
    "phenomena": [
     "男性の霊",
     "祟り"
    ],
    "features": [],
    "totalScore": 14259,
    "nationalRank": 1140,
    "prefRank": 5,
    "fearRating": 4.14,
    "ratingCount": 57,
    "outline": "岸岳城跡とは、佐賀県唐津市にある公園・城跡の心霊スポットです。「きしだけじょうあと」と読みます。この場所では男性の幽霊が現れるといった噂があるため心霊スポットと呼ばれています。",
    "comment": "ここ何でこんな順位低いのかサッパリ分からない。オレンジハウスなんかよりよっぽどここでしょ。",
    "imageUrl": "https://ghostmap.jp/img/spot/display/20250120070953353.jpeg",
    "sourceUrl": "https://ghostmap.jp/spotdetail.php?spotcd=1153"
   }
  },
  {
   "type": "Feature",
   "geometry": {
    "type": "Point",
    "coordinates": [
     132.790526,
     33.735038
    ]
   },
   "properties": {
    "spotcd": 456,
    "name": "原池",
    "kana": "はらいけ",
    "address": "〒791-2132 愛媛県伊予郡砥部町大南１０６２",
    "prefecture": "愛媛県",
    "city": "砥部町",
    "genre": "湖（池）・ダム",
    "status": "現存",
    "phenomena": [
     "女性の霊",
     "声"
    ],
    "features": [],
    "totalScore": 14256,
    "nationalRank": 1143,
    "prefRank": 10,
    "fearRating": 3.72,
    "ratingCount": 62,
    "outline": "原池とは、愛媛県砥部町にある湖（池）・ダムの心霊スポットです。「はらいけ」と読みます。この場所では女性の幽霊が現れるといった噂があるため心霊スポットと呼ばれています。",
    "comment": "そう言えば 数年前に男性が...。昨年は早朝 女性の方が頭を出して土手にしがみ付き助けを求めている所を発見され救急車で運ばれていました。",
    "imageUrl": "https://ghostmap.jp/img/spot/display/20171013173054020.jpg",
    "sourceUrl": "https://ghostmap.jp/spotdetail.php?spotcd=456"
   }
  },
  {
   "type": "Feature",
   "geometry": {
    "type": "Point",
    "coordinates": [
     138.203153,
     36.408532
    ]
   },
   "properties": {
    "spotcd": 2447,
    "name": "半過洞門",
    "kana": "はんがどうもん",
    "address": "〒386-1106 長野県上田市小泉 県道77号",
    "prefecture": "長野県",
    "city": "上田市",
    "genre": "道・峠",
    "status": "現存",
    "phenomena": [
     "少年の霊"
    ],
    "features": [],
    "totalScore": 14255,
    "nationalRank": 1145,
    "prefRank": 16,
    "fearRating": 4,
    "ratingCount": 58,
    "outline": "半過洞門とは、長野県上田市にある道・峠の心霊スポットです。「はんがどうもん」と読みます。この場所では少年の幽霊が現れるといった噂があるため心霊スポットと呼ばれています。",
    "comment": "無し",
    "imageUrl": "https://ghostmap.jp/img/spot/display/20230714155812299.jpg",
    "sourceUrl": "https://ghostmap.jp/spotdetail.php?spotcd=2447"
   }
  },
  {
   "type": "Feature",
   "geometry": {
    "type": "Point",
    "coordinates": [
     135.708405,
     34.313207
    ]
   },
   "properties": {
    "spotcd": 3302,
    "name": "生子トンネル",
    "kana": "おぶすとんねる",
    "address": "〒637-0053 奈良県五條市生子町８３",
    "prefecture": "奈良県",
    "city": "五條市",
    "genre": "トンネル",
    "status": "現存",
    "phenomena": [
     "女性の霊",
     "声"
    ],
    "features": [],
    "totalScore": 14255,
    "nationalRank": 1148,
    "prefRank": 14,
    "fearRating": 4.41,
    "ratingCount": 53,
    "outline": "生子トンネルとは、奈良県五條市にあるお化けトンネルです。「おぶすとんねる」と読みます。この場所では女性の幽霊が現れるといった噂があるため心霊スポットと呼ばれています。",
    "comment": "入口に簡易慰霊碑？のような感じで、花が添えられているみたいです。",
    "imageUrl": null,
    "sourceUrl": "https://ghostmap.jp/spotdetail.php?spotcd=3302"
   }
  },
  {
   "type": "Feature",
   "geometry": {
    "type": "Point",
    "coordinates": [
     130.214825,
     33.325509
    ]
   },
   "properties": {
    "spotcd": 378,
    "name": "清水の滝",
    "kana": "きよみずのたき",
    "address": "〒845-0004 佐賀県小城市小城町松尾 県道44号線",
    "prefecture": "佐賀県",
    "city": "小城市",
    "genre": "川・滝",
    "status": "現存",
    "phenomena": [
     "少年の霊",
     "心霊写真"
    ],
    "features": [
     "キャンプ場"
    ],
    "totalScore": 14255,
    "nationalRank": 1144,
    "prefRank": 6,
    "fearRating": 3.57,
    "ratingCount": 64,
    "outline": "清水の滝とは、佐賀県小城市にあるオバケ川（幽霊滝）です。「きよみずのたき」と読みます。この場所では少年の幽霊が現れるといった噂があるため心霊スポットと呼ばれています。",
    "comment": "ここ心霊スポットってよりもパワースポット的な場所じゃね？",
    "imageUrl": "https://ghostmap.jp/img/spot/display/20260102100245889.jpg",
    "sourceUrl": "https://ghostmap.jp/spotdetail.php?spotcd=378"
   }
  },
  {
   "type": "Feature",
   "geometry": {
    "type": "Point",
    "coordinates": [
     131.551996,
     33.256557
    ]
   },
   "properties": {
    "spotcd": 162,
    "name": "仏崎公園（仏崎遊園地）",
    "kana": "ほとけざきこうえん（ほとけざきゆうえんち）",
    "address": "〒870-0100 大分県大分市八幡",
    "prefecture": "大分県",
    "city": "大分市",
    "genre": "海",
    "status": "現存",
    "phenomena": [
     "男性の霊",
     "人影"
    ],
    "features": [],
    "totalScore": 14255,
    "nationalRank": 1146,
    "prefRank": 9,
    "fearRating": 3.57,
    "ratingCount": 64,
    "outline": "仏崎公園（仏崎遊園地）とは、大分県大分市にある海の心霊スポットです。「ほとけざきこうえん（ほとけざきゆうえんち）」と読みます。この場所では男性の幽霊が現れるといった噂があるため心霊スポットと呼ばれています。",
    "comment": "水をかけると事故るとかｗ供養する行為なのに理不尽すぎるｗｗ",
    "imageUrl": null,
    "sourceUrl": "https://ghostmap.jp/spotdetail.php?spotcd=162"
   }
  },
  {
   "type": "Feature",
   "geometry": {
    "type": "Point",
    "coordinates": [
     134.238179,
     35.535457
    ]
   },
   "properties": {
    "spotcd": 308,
    "name": "多鯰ヶ池",
    "kana": "たねがいけ",
    "address": "〒689-0105 鳥取県鳥取市福部町湯山２０６２",
    "prefecture": "鳥取県",
    "city": "鳥取市",
    "genre": "湖（池）・ダム",
    "status": "現存",
    "phenomena": [
     "男性の霊"
    ],
    "features": [],
    "totalScore": 14252,
    "nationalRank": 1152,
    "prefRank": 10,
    "fearRating": 2.71,
    "ratingCount": 81,
    "outline": "多鯰ヶ池とは、鳥取県鳥取市にある湖（池）・ダムの心霊スポットです。「たねがいけ」と読みます。この場所では男性の幽霊が現れるといった噂があるため心霊スポットと呼ばれています。",
    "comment": "耳元で、複数の人が話す声が聞こえた。 お社(?)が、荒れ気味で、感じがよくなかったです。 伝説巡りの旅として、散策するつもりでしたが…",
    "imageUrl": "https://ghostmap.jp/img/spot/display/201406262158340.jpg",
    "sourceUrl": "https://ghostmap.jp/spotdetail.php?spotcd=308"
   }
  },
  {
   "type": "Feature",
   "geometry": {
    "type": "Point",
    "coordinates": [
     140.87381,
     40.42045
    ]
   },
   "properties": {
    "spotcd": 3,
    "name": "十和田湖",
    "kana": "とわだこ",
    "address": "〒018-5511 秋田県鹿角郡小坂町十和田湖 十和田道",
    "prefecture": "秋田県",
    "city": "小坂町",
    "genre": "湖（池）・ダム",
    "status": "現存",
    "phenomena": [
     "女性の霊"
    ],
    "features": [],
    "totalScore": 14247,
    "nationalRank": 1155,
    "prefRank": 10,
    "fearRating": 3.77,
    "ratingCount": 59,
    "outline": "十和田湖とは、秋田県小坂町にある湖（池）・ダムの心霊スポットです。「とわだこ」と読みます。この場所では女性の幽霊が現れるといった噂があるため心霊スポットと呼ばれています。",
    "comment": "ダイナマイト心中があったと聞きましたが・・。",
    "imageUrl": null,
    "sourceUrl": "https://ghostmap.jp/spotdetail.php?spotcd=3"
   }
  },
  {
   "type": "Feature",
   "geometry": {
    "type": "Point",
    "coordinates": [
     139.876391,
     39.909942
    ]
   },
   "properties": {
    "spotcd": 420,
    "name": "茶臼峠",
    "kana": "ちゃうすとうげ",
    "address": "〒010-0343 秋田県男鹿市脇本田谷沢要沢 県道59号線",
    "prefecture": "秋田県",
    "city": "男鹿市",
    "genre": "道・峠",
    "status": "現存",
    "phenomena": [
     "女性の霊"
    ],
    "features": [],
    "totalScore": 14246,
    "nationalRank": 1157,
    "prefRank": 11,
    "fearRating": 4,
    "ratingCount": 56,
    "outline": "茶臼峠とは、秋田県男鹿市にある道・峠の心霊スポットです。「ちゃうすとうげ」と読みます。この場所では女性の幽霊が現れるといった噂があるため心霊スポットと呼ばれています。",
    "comment": "カーブミラーに手招きをする女性が写っている話も有名ですね。 時々花が供えられているそうです。 他にもカーラジオが止まったり後部座席に女性が乗っていたりいろんな噂があります。",
    "imageUrl": "https://ghostmap.jp/img/spot/display/20210506200204061.JPG",
    "sourceUrl": "https://ghostmap.jp/spotdetail.php?spotcd=420"
   }
  },
  {
   "type": "Feature",
   "geometry": {
    "type": "Point",
    "coordinates": [
     135.968599,
     34.99664
    ]
   },
   "properties": {
    "spotcd": 4758,
    "name": "ロクハ公園",
    "kana": "ろくはこうえん",
    "address": "〒525-0047 滋賀県草津市追分７丁目１１２ロクハ公園",
    "prefecture": "滋賀県",
    "city": "草津市",
    "genre": "公園・城跡",
    "status": "現存",
    "phenomena": [
     "女性の霊"
    ],
    "features": [],
    "totalScore": 14240,
    "nationalRank": 1164,
    "prefRank": 8,
    "fearRating": 4.31,
    "ratingCount": 51,
    "outline": "ロクハ公園とは、滋賀県草津市にある公園・城跡の心霊スポットです。「ろくはこうえん」と読みます。この場所では女性の幽霊が現れるといった噂があるため心霊スポットと呼ばれています。",
    "comment": "ロクハ公園、行った事あります。 夕暮れの時もなにも問題なかったですよ。 心霊スポットとは初めて知りました。",
    "imageUrl": "https://ghostmap.jp/img/spot/display/20241128161314833.jpeg",
    "sourceUrl": "https://ghostmap.jp/spotdetail.php?spotcd=4758"
   }
  },
  {
   "type": "Feature",
   "geometry": {
    "type": "Point",
    "coordinates": [
     130.238126,
     33.429534
    ]
   },
   "properties": {
    "spotcd": 2025,
    "name": "北山少年自然の家",
    "kana": "ほくざんしょうねんしぜんのいえ",
    "address": "〒840-0541 佐賀県佐賀市富士町大字関屋514-1",
    "prefecture": "佐賀県",
    "city": "佐賀市",
    "genre": "ホテル・旅館",
    "status": "現存",
    "phenomena": [
     "女性の霊"
    ],
    "features": [],
    "totalScore": 14240,
    "nationalRank": 1165,
    "prefRank": 7,
    "fearRating": 3.41,
    "ratingCount": 63,
    "outline": "北山少年自然の家とは、佐賀県佐賀市にある幽霊ホテル（幽霊旅館）です。「ほくざんしょうねんしぜんのいえ」と読みます。この場所では女性の幽霊が現れるといった噂があるため心霊スポットと呼ばれています。",
    "comment": "情報ありがとうございます。 地図と住所を訂正しました。",
    "imageUrl": "https://ghostmap.jp/img/spot/display/20190525210919650.jpg",
    "sourceUrl": "https://ghostmap.jp/spotdetail.php?spotcd=2025"
   }
  },
  {
   "type": "Feature",
   "geometry": {
    "type": "Point",
    "coordinates": [
     131.698992,
     33.018073
    ]
   },
   "properties": {
    "spotcd": 4690,
    "name": "ホテル ラール(Larle)",
    "kana": "ほてる らーる(Larle)",
    "address": "〒875-0342 大分県臼杵市野津町大字落谷１４２７ ※関係者以外は立ち入り禁止、無断で入ると不法侵入になります",
    "prefecture": "大分県",
    "city": "臼杵市",
    "genre": "ホテル・旅館",
    "status": "現存",
    "phenomena": [
     "男性の霊",
     "心霊写真"
    ],
    "features": [
     "神隠し",
     "廃墟",
     "大分県の廃墟"
    ],
    "totalScore": 14240,
    "nationalRank": 1163,
    "prefRank": 10,
    "fearRating": 4.13,
    "ratingCount": 53,
    "outline": "ホテル ラール(Larle)とは、大分県臼杵市にある心霊廃墟です。「ほてる らーる(Larle)」と読みます。この場所では男性の幽霊が現れるといった噂があるため心霊スポットと呼ばれています。",
    "comment": "地元住民ですが、火事はありましたが死体が出たという話はありません。幽霊を見た住民もいません。 大変迷惑しておりますので、見つけ次第警察に通報しています。",
    "imageUrl": "https://ghostmap.jp/img/spot/display/20240614040157165.jpeg",
    "sourceUrl": "https://ghostmap.jp/spotdetail.php?spotcd=4690"
   }
  },
  {
   "type": "Feature",
   "geometry": {
    "type": "Point",
    "coordinates": [
     135.741829,
     34.695741
    ]
   },
   "properties": {
    "spotcd": 4245,
    "name": "トーテムポールの家",
    "kana": "とーてむぽーるのいえ",
    "address": "〒631-0024 奈良県奈良市百楽園２丁目３２ ※関係者以外は立ち入り禁止、無断で入ると不法侵入になります",
    "prefecture": "奈良県",
    "city": "奈良市",
    "genre": "住居",
    "status": "現存",
    "phenomena": [
     "女性の霊",
     "声"
    ],
    "features": [
     "廃墟",
     "奈良県の廃墟"
    ],
    "totalScore": 14235,
    "nationalRank": 1172,
    "prefRank": 15,
    "fearRating": 4.21,
    "ratingCount": 51,
    "outline": "トーテムポールの家とは、奈良県奈良市にある心霊廃墟です。「とーてむぽーるのいえ」と読みます。この場所では女性の幽霊が現れるといった噂があるため心霊スポットと呼ばれています。",
    "comment": "ここの場所知ってるよ 地図のちょっとだけ奥に行ったところ ただ今は建て替えて普通に人が住んでるから場所不明のままにしておいたほうがいいかも",
    "imageUrl": null,
    "sourceUrl": "https://ghostmap.jp/spotdetail.php?spotcd=4245"
   }
  },
  {
   "type": "Feature",
   "geometry": {
    "type": "Point",
    "coordinates": [
     139.682982,
     38.724796
    ]
   },
   "properties": {
    "spotcd": 442,
    "name": "白山島（白山神社）",
    "kana": "はくさんじま（はくさんじんじゃ）",
    "address": "〒999-7464 山形県鶴岡市由良２丁目 白山神社",
    "prefecture": "山形県",
    "city": "鶴岡市",
    "genre": "神社・寺",
    "status": "現存",
    "phenomena": [
     "女性の霊"
    ],
    "features": [],
    "totalScore": 14232,
    "nationalRank": 1177,
    "prefRank": 7,
    "fearRating": 3.6,
    "ratingCount": 58,
    "outline": "白山島（白山神社）とは、山形県鶴岡市にある幽霊神社（幽霊寺）です。「はくさんじま（はくさんじんじゃ）」と読みます。この場所では女性の幽霊が現れるといった噂があるため心霊スポットと呼ばれています。",
    "comment": "頂上が高くて行くのがつらい",
    "imageUrl": "https://ghostmap.jp/img/spot/display/20260101220643360.jpeg",
    "sourceUrl": "https://ghostmap.jp/spotdetail.php?spotcd=442"
   }
  },
  {
   "type": "Feature",
   "geometry": {
    "type": "Point",
    "coordinates": [
     136.683588,
     37.209516
    ]
   },
   "properties": {
    "spotcd": 347,
    "name": "ヤセの断崖",
    "kana": "やせのだんがい",
    "address": "〒925-0577 石川県羽咋郡志賀町笹波 県道49号線",
    "prefecture": "石川県",
    "city": "志賀町",
    "genre": "海",
    "status": "現存",
    "phenomena": [
     "女性の霊"
    ],
    "features": [
     "自殺の名所"
    ],
    "totalScore": 14225,
    "nationalRank": 1191,
    "prefRank": 15,
    "fearRating": 3.84,
    "ratingCount": 53,
    "outline": "ヤセの断崖とは、石川県志賀町にある海の心霊スポットです。「やせのだんがい」と読みます。この場所では女性の幽霊が現れるといった噂があるため心霊スポットと呼ばれています。",
    "comment": "ここが自殺の名所というのは事実である根拠はない。中途半端な高さな上、ほぼ車じゃないと来れないとこにわざわざ自殺しに行くかってのも疑問。",
    "imageUrl": "https://ghostmap.jp/img/spot/display/201409142119000.jpg",
    "sourceUrl": "https://ghostmap.jp/spotdetail.php?spotcd=347"
   }
  },
  {
   "type": "Feature",
   "geometry": {
    "type": "Point",
    "coordinates": [
     130.244903,
     33.433776
    ]
   },
   "properties": {
    "spotcd": 1644,
    "name": "北山ダム",
    "kana": "ほくざんだむ",
    "address": "〒840-0542 佐賀県佐賀市富士町大字藤瀬７２４",
    "prefecture": "佐賀県",
    "city": "佐賀市",
    "genre": "湖（池）・ダム",
    "status": "現存",
    "phenomena": [
     "女性の霊"
    ],
    "features": [
     "キャンプ場",
     "自殺の名所"
    ],
    "totalScore": 14223,
    "nationalRank": 1195,
    "prefRank": 8,
    "fearRating": 4.55,
    "ratingCount": 45,
    "outline": "北山ダムとは、佐賀県佐賀市にある湖（池）・ダムの心霊スポットです。「ほくざんだむ」と読みます。この場所では女性の幽霊が現れるといった噂があるため心霊スポットと呼ばれています。",
    "comment": "無し",
    "imageUrl": null,
    "sourceUrl": "https://ghostmap.jp/spotdetail.php?spotcd=1644"
   }
  },
  {
   "type": "Feature",
   "geometry": {
    "type": "Point",
    "coordinates": [
     140.570498,
     38.388832
    ]
   },
   "properties": {
    "spotcd": 325,
    "name": "関山トンネル",
    "kana": "せきやまとんねる",
    "address": "〒999-3724 山形県東根市関山 国道48号線",
    "prefecture": "山形県",
    "city": "東根市",
    "genre": "トンネル",
    "status": "現存",
    "phenomena": [
     "女性の霊"
    ],
    "features": [],
    "totalScore": 14213,
    "nationalRank": 1207,
    "prefRank": 8,
    "fearRating": 4.23,
    "ratingCount": 46,
    "outline": "関山トンネルとは、山形県東根市にあるお化けトンネルです。「せきやまとんねる」と読みます。この場所では女性の幽霊が現れるといった噂があるため心霊スポットと呼ばれています。",
    "comment": "乙女の祈りをレポートしたアナウンサーが亡くなった場所がこの関山トンネルらしいね。",
    "imageUrl": "https://ghostmap.jp/img/spot/display/20260623185405470.jpg",
    "sourceUrl": "https://ghostmap.jp/spotdetail.php?spotcd=325"
   }
  },
  {
   "type": "Feature",
   "geometry": {
    "type": "Point",
    "coordinates": [
     129.969411,
     33.079752
    ]
   },
   "properties": {
    "spotcd": 3770,
    "name": "ホテル・ヒルトン",
    "kana": "ほてる・ひるとん",
    "address": "〒843-0304 佐賀県嬉野市嬉野町大字岩屋川内乙３４１９−１ ※関係者以外は立ち入り禁止、無断で入ると不法侵入になります",
    "prefecture": "佐賀県",
    "city": "嬉野市",
    "genre": "ホテル・旅館",
    "status": "現存",
    "phenomena": [
     "男性の霊"
    ],
    "features": [
     "廃墟",
     "佐賀県の廃墟"
    ],
    "totalScore": 14209,
    "nationalRank": 1211,
    "prefRank": 9,
    "fearRating": 4.15,
    "ratingCount": 46,
    "outline": "ホテル・ヒルトンとは、佐賀県嬉野市にある心霊廃墟です。「ほてる・ひるとん」と読みます。この場所では男性の幽霊が現れるといった噂があるため心霊スポットと呼ばれています。",
    "comment": "ここのオーナー住居ヤバいね！",
    "imageUrl": "https://ghostmap.jp/img/spot/display/20230704223233976.jpeg",
    "sourceUrl": "https://ghostmap.jp/spotdetail.php?spotcd=3770"
   }
  },
  {
   "type": "Feature",
   "geometry": {
    "type": "Point",
    "coordinates": [
     131.471588,
     31.776715
    ]
   },
   "properties": {
    "spotcd": 396,
    "name": "青島グリーンパーク",
    "kana": "あおしまぐりーんぱーく",
    "address": "非公開 ※関係者以外は立ち入り禁止、無断で入ると不法侵入になります",
    "prefecture": "宮崎県",
    "city": "宮崎市",
    "genre": "商業施設",
    "status": "現存",
    "phenomena": [
     "女性の霊"
    ],
    "features": [
     "廃墟",
     "宮崎県の廃墟"
    ],
    "totalScore": 14202,
    "nationalRank": 1221,
    "prefRank": 8,
    "fearRating": 3.33,
    "ratingCount": 54,
    "outline": "青島グリーンパークとは、宮崎県宮崎市にある心霊廃墟です。「あおしまぐりーんぱーく」と読みます。この場所では女性の幽霊が現れるといった噂があるため心霊スポットと呼ばれています。",
    "comment": "ここにきたときに、管理人さんとたまたま会い、話をしました。 この管理人さん自身も根も葉もない噂で人が知らず知らず出入りし、何度も警察を呼んだりと、とても迷惑しているといっておりました。",
    "imageUrl": "https://ghostmap.jp/img/spot/display/201411112046050.jpg",
    "sourceUrl": "https://ghostmap.jp/spotdetail.php?spotcd=396"
   }
  },
  {
   "type": "Feature",
   "geometry": {
    "type": "Point",
    "coordinates": [
     140.809437,
     39.706658
    ]
   },
   "properties": {
    "spotcd": 430,
    "name": "仙岩トンネル",
    "kana": "せんがんとんねる",
    "address": "〒014-1201 秋田県仙北市田沢湖生保内 秋田街道",
    "prefecture": "秋田県",
    "city": "仙北市",
    "genre": "トンネル",
    "status": "現存",
    "phenomena": [
     "女性の霊"
    ],
    "features": [],
    "totalScore": 14199,
    "nationalRank": 1227,
    "prefRank": 12,
    "fearRating": 3.65,
    "ratingCount": 49,
    "outline": "仙岩トンネルとは、秋田県仙北市にあるお化けトンネルです。「せんがんとんねる」と読みます。この場所では女性の幽霊が現れるといった噂があるため心霊スポットと呼ばれています。",
    "comment": "よく通るけどビビりそうな物一つもない。",
    "imageUrl": null,
    "sourceUrl": "https://ghostmap.jp/spotdetail.php?spotcd=430"
   }
  },
  {
   "type": "Feature",
   "geometry": {
    "type": "Point",
    "coordinates": [
     129.717959,
     33.178473
    ]
   },
   "properties": {
    "spotcd": 5951,
    "name": "万松楼",
    "kana": "ばんしょうろう",
    "address": "〒857-0027 長崎県佐世保市谷郷町５−３２ ※関係者以外は立ち入り禁止、無断で入ると不法侵入になります",
    "prefecture": "長崎県",
    "city": "佐世保市",
    "genre": "ホテル・旅館",
    "status": "現存",
    "phenomena": [
     "女性の霊",
     "声"
    ],
    "features": [
     "廃墟",
     "長崎県の廃墟"
    ],
    "totalScore": 14191,
    "nationalRank": 1237,
    "prefRank": 9,
    "fearRating": 3.32,
    "ratingCount": 52,
    "outline": "万松楼とは、長崎県佐世保市にある心霊廃墟です。「ばんしょうろう」と読みます。この場所では女性の幽霊が現れるといった噂があるため心霊スポットと呼ばれています。",
    "comment": "手前のホテルの前を通ってしまったらジジイが警察に通報するため中に入れないので気をつけてください",
    "imageUrl": "https://ghostmap.jp/img/spot/display/20250731231353194.jpeg",
    "sourceUrl": "https://ghostmap.jp/spotdetail.php?spotcd=5951"
   }
  },
  {
   "type": "Feature",
   "geometry": {
    "type": "Point",
    "coordinates": [
     136.204,
     36.0531
    ]
   },
   "properties": {
    "spotcd": 1876,
    "name": "足羽山",
    "kana": "あすわやま",
    "address": "〒918-8009 福井県福井市小山谷町33−4−1 ※関係者以外は立ち入り禁止、無断で入ると不法侵入になります",
    "prefecture": "福井県",
    "city": "福井市",
    "genre": "山・森",
    "status": "現存",
    "phenomena": [
     "男性の霊"
    ],
    "features": [
     "廃墟",
     "福井県の廃墟"
    ],
    "totalScore": 14187,
    "nationalRank": 1245,
    "prefRank": 8,
    "fearRating": 4.04,
    "ratingCount": 42,
    "outline": "足羽山とは、福井県福井市にある心霊廃墟です。「あすわやま」と読みます。この場所では男性の幽霊が現れるといった噂があるため心霊スポットと呼ばれています。",
    "comment": "そもそも山の中に何基も古墳があるし、西側は元火葬場で今は墓地。さらに過去に焼身自殺があったという話もあるし、むしろ幽霊が出ない方がおかしい。",
    "imageUrl": "https://ghostmap.jp/img/spot/display/20230927000904397.jpg",
    "sourceUrl": "https://ghostmap.jp/spotdetail.php?spotcd=1876"
   }
  },
  {
   "type": "Feature",
   "geometry": {
    "type": "Point",
    "coordinates": [
     140.688981,
     40.818331
    ]
   },
   "properties": {
    "spotcd": 1547,
    "name": "三内霊園",
    "kana": "さんないれいえん",
    "address": "〒038-0031 青森県青森市三内沢部３５３",
    "prefecture": "青森県",
    "city": "青森市",
    "genre": "墓地・慰霊碑",
    "status": "現存",
    "phenomena": [
     "少年の霊",
     "心霊写真"
    ],
    "features": [],
    "totalScore": 14184,
    "nationalRank": 1252,
    "prefRank": 12,
    "fearRating": 3.88,
    "ratingCount": 43,
    "outline": "三内霊園とは、青森県青森市にある墓地・慰霊碑の心霊スポットです。「さんないれいえん」と読みます。この場所では少年の幽霊が現れるといった噂があるため心霊スポットと呼ばれています。",
    "comment": "愛車を一緒に埋葬する人とか初めて聞いたｗ法律的には問題ないんだろうか？土壌汚染を防ぐため当然ガソリン、オイル、クーラントは抜くんだろうな。 関係ないけど山内丸山遺跡に縄文人の幽霊は出るのか？",
    "imageUrl": null,
    "sourceUrl": "https://ghostmap.jp/spotdetail.php?spotcd=1547"
   }
  },
  {
   "type": "Feature",
   "geometry": {
    "type": "Point",
    "coordinates": [
     136.259896,
     35.0047
    ]
   },
   "properties": {
    "spotcd": 899,
    "name": "日野川ダム",
    "kana": "ひのがわだむ",
    "address": "〒529-1604 滋賀県蒲生郡日野町村井（大字）２０２２−８",
    "prefecture": "滋賀県",
    "city": "日野町",
    "genre": "湖（池）・ダム",
    "status": "現存",
    "phenomena": [
     "女性の霊"
    ],
    "features": [],
    "totalScore": 14183,
    "nationalRank": 1255,
    "prefRank": 9,
    "fearRating": 3.75,
    "ratingCount": 44,
    "outline": "日野川ダムとは、滋賀県日野町にある湖（池）・ダムの心霊スポットです。「ひのがわだむ」と読みます。この場所では女性の幽霊が現れるといった噂があるため心霊スポットと呼ばれています。",
    "comment": "日野のダムって日野川ダムじゃないの？ 昔は自殺される方が多かった記憶がある",
    "imageUrl": "https://ghostmap.jp/img/spot/display/20171225192709450.jpg",
    "sourceUrl": "https://ghostmap.jp/spotdetail.php?spotcd=899"
   }
  },
  {
   "type": "Feature",
   "geometry": {
    "type": "Point",
    "coordinates": [
     137.184083,
     35.557278
    ]
   },
   "properties": {
    "spotcd": 583,
    "name": "天心白菊の塔",
    "kana": "てんしんしらぎくのとう",
    "address": "〒509-1105 岐阜県加茂郡白川町河岐",
    "prefecture": "岐阜県",
    "city": "白川町",
    "genre": "墓地・慰霊碑",
    "status": "現存",
    "phenomena": [
     "少女の霊",
     "声"
    ],
    "features": [],
    "totalScore": 14176,
    "nationalRank": 1266,
    "prefRank": 13,
    "fearRating": 3.59,
    "ratingCount": 44,
    "outline": "天心白菊の塔とは、岐阜県白川町にある墓地・慰霊碑の心霊スポットです。「てんしんしらぎくのとう」と読みます。この場所では女性の幽霊が現れるといった噂があるため心霊スポットと呼ばれています。",
    "comment": "トラック運転手です 深夜眠気が来たので停めるスペースがあったのでなにも知らず仮眠したところ金縛りなりました 会社の人に聞いたら大事故があり慰霊の搭の場所と聞いてびっくりしたの覚えてます。",
    "imageUrl": "https://ghostmap.jp/img/spot/display/20250104064016366.jpeg",
    "sourceUrl": "https://ghostmap.jp/spotdetail.php?spotcd=583"
   }
  },
  {
   "type": "Feature",
   "geometry": {
    "type": "Point",
    "coordinates": [
     140.147502,
     36.042714
    ]
   },
   "properties": {
    "spotcd": 4712,
    "name": "乙戸沼公園",
    "kana": "おっとぬまこうえん",
    "address": "茨城県土浦市",
    "prefecture": "茨城県",
    "city": "土浦市",
    "genre": "公園・城跡",
    "status": "現存",
    "phenomena": [
     "男性の霊"
    ],
    "features": [
     "自殺の名所"
    ],
    "totalScore": 14174,
    "nationalRank": 1268,
    "prefRank": 17,
    "fearRating": 3.65,
    "ratingCount": 43,
    "outline": "乙戸沼公園とは、茨城県土浦市にある公園・城跡の心霊スポットです。「おっとぬまこうえん」と読みます。この場所では男性の幽霊が現れるといった噂があるため心霊スポットと呼ばれています。",
    "comment": "奥の駐車場は人の出入り多いんであんま自殺とかはないと思う。 前によく一人で夜釣りとかしてたしなー あ、乙戸川への排水口の辺りは中々ビリビリきますね、夜行くと",
    "imageUrl": "https://ghostmap.jp/img/spot/display/20250119114806200.jpg",
    "sourceUrl": "https://ghostmap.jp/spotdetail.php?spotcd=4712"
   }
  },
  {
   "type": "Feature",
   "geometry": {
    "type": "Point",
    "coordinates": [
     133.867087,
     34.165245
    ]
   },
   "properties": {
    "spotcd": 369,
    "name": "満濃池",
    "kana": "まんのういけ",
    "address": "〒766-0024 香川県仲多度郡まんのう町神野１６８−２",
    "prefecture": "香川県",
    "city": "まんのう町",
    "genre": "湖（池）・ダム",
    "status": "現存",
    "phenomena": [
     "女性の霊"
    ],
    "features": [],
    "totalScore": 14174,
    "nationalRank": 1267,
    "prefRank": 12,
    "fearRating": 3.73,
    "ratingCount": 42,
    "outline": "満濃池とは、香川県まんのう町にある湖（池）・ダムの心霊スポットです。「まんのういけ」と読みます。この場所では女性の幽霊が現れるといった噂があるため心霊スポットと呼ばれています。",
    "comment": "うどん作りすぎるから渇水になるんじゃないの？",
    "imageUrl": "https://ghostmap.jp/img/spot/display/201410152154310.jpg",
    "sourceUrl": "https://ghostmap.jp/spotdetail.php?spotcd=369"
   }
  },
  {
   "type": "Feature",
   "geometry": {
    "type": "Point",
    "coordinates": [
     133.941337,
     34.345053
    ]
   },
   "properties": {
    "spotcd": 735,
    "name": "五色台トンネル",
    "kana": "ごしきだいとんねる",
    "address": "香川県坂出市青海町さぬき浜街道",
    "prefecture": "香川県",
    "city": "坂出市",
    "genre": "トンネル",
    "status": "現存",
    "phenomena": [
     "少女の霊"
    ],
    "features": [],
    "totalScore": 14173,
    "nationalRank": 1270,
    "prefRank": 13,
    "fearRating": 3.62,
    "ratingCount": 43,
    "outline": "五色台トンネルとは、香川県坂出市にあるお化けトンネルです。「ごしきだいとんねる」と読みます。この場所では少女の幽霊が現れるといった噂があるため心霊スポットと呼ばれています。",
    "comment": "幽霊は出ないけど、高松市側で西方面行きのネズミ取りが行われてます。 また、トンネル出口坂出側では白バイが出ます。 皆さん、安全運転で走行ください。",
    "imageUrl": null,
    "sourceUrl": "https://ghostmap.jp/spotdetail.php?spotcd=735"
   }
  },
  {
   "type": "Feature",
   "geometry": {
    "type": "Point",
    "coordinates": [
     131.464972,
     31.963395
    ]
   },
   "properties": {
    "spotcd": 397,
    "name": "市民の森",
    "kana": "しみんのもり",
    "address": "〒880-0835 宮崎県宮崎市阿波岐原町 県道11号線",
    "prefecture": "宮崎県",
    "city": "宮崎市",
    "genre": "山・森",
    "status": "現存",
    "phenomena": [
     "女性の霊",
     "足音"
    ],
    "features": [
     "自殺の名所"
    ],
    "totalScore": 14167,
    "nationalRank": 1277,
    "prefRank": 9,
    "fearRating": 3.31,
    "ratingCount": 45,
    "outline": "市民の森とは、宮崎県宮崎市にある山・森の心霊スポットです。「しみんのもり」と読みます。この場所では女性の幽霊が現れるといった噂があるため心霊スポットと呼ばれています。",
    "comment": "池の近くもやばいね一人では来ないほうがいい",
    "imageUrl": "https://ghostmap.jp/img/spot/display/201411112100070.jpg",
    "sourceUrl": "https://ghostmap.jp/spotdetail.php?spotcd=397"
   }
  },
  {
   "type": "Feature",
   "geometry": {
    "type": "Point",
    "coordinates": [
     133.673403,
     34.149788
    ]
   },
   "properties": {
    "spotcd": 775,
    "name": "不動の滝",
    "kana": "ふどうのたき",
    "address": "〒769-1507 香川県三豊市豊中町岡本３５６７",
    "prefecture": "香川県",
    "city": "三豊市",
    "genre": "川・滝",
    "status": "現存",
    "phenomena": [
     "女性の霊"
    ],
    "features": [],
    "totalScore": 14165,
    "nationalRank": 1280,
    "prefRank": 14,
    "fearRating": 3.44,
    "ratingCount": 43,
    "outline": "不動の滝とは、香川県三豊市にあるオバケ川（幽霊滝）です。「ふどうのたき」と読みます。この場所では女性の幽霊が現れるといった噂があるため心霊スポットと呼ばれています。",
    "comment": "景色いいけど昔、何人かの遺体が見つかったらしい( ﾟдﾟ)∑(ﾟДﾟ)",
    "imageUrl": null,
    "sourceUrl": "https://ghostmap.jp/spotdetail.php?spotcd=775"
   }
  },
  {
   "type": "Feature",
   "geometry": {
    "type": "Point",
    "coordinates": [
     134.049829,
     34.317413
    ]
   },
   "properties": {
    "spotcd": 1041,
    "name": "行方不明橋",
    "kana": "ゆくえふめいばし",
    "address": "〒761-8071 香川県高松市伏石町１３６８−４",
    "prefecture": "香川県",
    "city": "高松市",
    "genre": "橋",
    "status": "現存",
    "phenomena": [
     "女性の霊"
    ],
    "features": [
     "神隠し"
    ],
    "totalScore": 14164,
    "nationalRank": 1282,
    "prefRank": 15,
    "fearRating": 3.5,
    "ratingCount": 42,
    "outline": "行方不明橋とは、香川県高松市にある幽霊橋です。「ゆくえふめいばし」と読みます。この場所では女性の幽霊が現れるといった噂があるため心霊スポットと呼ばれています。",
    "comment": "自転車でゆめタウンに行く道でよく通る。 心霊スポットの様には思えない。",
    "imageUrl": null,
    "sourceUrl": "https://ghostmap.jp/spotdetail.php?spotcd=1041"
   }
  },
  {
   "type": "Feature",
   "geometry": {
    "type": "Point",
    "coordinates": [
     139.804386,
     38.886006
    ]
   },
   "properties": {
    "spotcd": 809,
    "name": "パラダイスアイネ",
    "kana": "ぱらだいすあいね",
    "address": "〒998-0114 山形県酒田市十里塚村東山北 国道112号線 ※関係者以外は立ち入り禁止、無断で入ると不法侵入になります",
    "prefecture": "山形県",
    "city": "酒田市",
    "genre": "ホテル・旅館",
    "status": "現存",
    "phenomena": [
     "男性の霊"
    ],
    "features": [
     "廃墟",
     "山形県の廃墟"
    ],
    "totalScore": 14155,
    "nationalRank": 1291,
    "prefRank": 9,
    "fearRating": 3.6,
    "ratingCount": 40,
    "outline": "パラダイスアイネとは、山形県酒田市にある心霊廃墟です。「ぱらだいすあいね」と読みます。この場所では男性の幽霊が現れるといった噂があるため心霊スポットと呼ばれています。",
    "comment": "現在も営業中のホテルなので名前は出せませんが元従業員ですが、普通に体験しますよw週に2、3回はw 足音が追いかけてきたり、名前呼ばれたり。 やっぱ、ラブホは心霊あるんだなぁと思いましたねw",
    "imageUrl": null,
    "sourceUrl": "https://ghostmap.jp/spotdetail.php?spotcd=809"
   }
  },
  {
   "type": "Feature",
   "geometry": {
    "type": "Point",
    "coordinates": [
     136.942043,
     35.431254
    ]
   },
   "properties": {
    "spotcd": 2170,
    "name": "迫間不動",
    "kana": "はさまふどう",
    "address": "〒501-3924 岐阜県関市迫間８９１",
    "prefecture": "岐阜県",
    "city": "関市",
    "genre": "その他",
    "status": "現存",
    "phenomena": [
     "正体不明の霊",
     "声"
    ],
    "features": [
     "パワースポット"
    ],
    "totalScore": 14153,
    "nationalRank": 1295,
    "prefRank": 14,
    "fearRating": 3.88,
    "ratingCount": 36,
    "outline": "迫間不動とは、岐阜県関市にあるその他の心霊スポットです。「はさまふどう」と読みます。この場所では正体不明の幽霊が現れるといった噂があるため心霊スポットと呼ばれています。",
    "comment": "ここは昔からけっこう有名ですよね",
    "imageUrl": "https://ghostmap.jp/img/spot/display/20190418200859332.jpg",
    "sourceUrl": "https://ghostmap.jp/spotdetail.php?spotcd=2170"
   }
  },
  {
   "type": "Feature",
   "geometry": {
    "type": "Point",
    "coordinates": [
     140.840504,
     40.856223
    ]
   },
   "properties": {
    "spotcd": 965,
    "name": "旧久栗坂トンネル",
    "kana": "きゅうくぐりざかとんねる",
    "address": "青森県青森市 青森東バイパス",
    "prefecture": "青森県",
    "city": "青森市",
    "genre": "トンネル",
    "status": "現存",
    "phenomena": [
     "女性の霊"
    ],
    "features": [],
    "totalScore": 14152,
    "nationalRank": 1298,
    "prefRank": 13,
    "fearRating": 3.83,
    "ratingCount": 36,
    "outline": "旧久栗坂トンネルとは、青森県青森市にあるお化けトンネルです。「きゅうくぐりざかとんねる」と読みます。この場所では女性の幽霊が現れるといった噂があるため心霊スポットと呼ばれています。",
    "comment": "それって旧うとうトンネルじゃなくて？天井が低くて大きくつくったと聞きます。",
    "imageUrl": "https://ghostmap.jp/img/spot/display/20260620140458370.jpg",
    "sourceUrl": "https://ghostmap.jp/spotdetail.php?spotcd=965"
   }
  },
  {
   "type": "Feature",
   "geometry": {
    "type": "Point",
    "coordinates": [
     140.412004,
     39.499543
    ]
   },
   "properties": {
    "spotcd": 1714,
    "name": "レストハウス岳見",
    "kana": "れすとはうすたけみ",
    "address": "〒019-1701 秋田県大仙市神宮寺大坪街道下入１５ ※関係者以外は立ち入り禁止、無断で入ると不法侵入になります",
    "prefecture": "秋田県",
    "city": "大仙市",
    "genre": "住居",
    "status": "現存",
    "phenomena": [
     "女性の霊"
    ],
    "features": [
     "廃墟",
     "秋田県の廃墟"
    ],
    "totalScore": 14151,
    "nationalRank": 1299,
    "prefRank": 13,
    "fearRating": 3.46,
    "ratingCount": 39,
    "outline": "レストハウス岳見とは、秋田県大仙市にある心霊廃墟です。「れすとはうすたけみ」と読みます。この場所では女性の幽霊が現れるといった噂があるため心霊スポットと呼ばれています。",
    "comment": "この農家の納屋みたいなトタン小屋がレストハウスだったの？？",
    "imageUrl": "https://ghostmap.jp/img/spot/display/20180729145946400.JPG",
    "sourceUrl": "https://ghostmap.jp/spotdetail.php?spotcd=1714"
   }
  },
  {
   "type": "Feature",
   "geometry": {
    "type": "Point",
    "coordinates": [
     129.798054,
     33.788056
    ]
   },
   "properties": {
    "spotcd": 3253,
    "name": "左京鼻",
    "kana": "さきょうばな",
    "address": "〒811-5311 長崎県壱岐市芦辺町諸吉本村触１５０９",
    "prefecture": "長崎県",
    "city": "壱岐市",
    "genre": "海",
    "status": "現存",
    "phenomena": [
     "男性の霊"
    ],
    "features": [
     "自殺の名所"
    ],
    "totalScore": 14137,
    "nationalRank": 1305,
    "prefRank": 10,
    "fearRating": 3.41,
    "ratingCount": 36,
    "outline": "左京鼻とは、長崎県壱岐市にある海の心霊スポットです。「さきょうばな」と読みます。この場所では男性の幽霊が現れるといった噂があるため心霊スポットと呼ばれています。",
    "comment": "この近くの三角ハウスと左京鼻のトイレは、もっとやばい",
    "imageUrl": null,
    "sourceUrl": "https://ghostmap.jp/spotdetail.php?spotcd=3253"
   }
  },
  {
   "type": "Feature",
   "geometry": {
    "type": "Point",
    "coordinates": [
     136.16267,
     34.522795
    ]
   },
   "properties": {
    "spotcd": 4325,
    "name": "曽爾高原 青少年自然の家",
    "kana": "そにこうげん せいしょうねんしぜんのいえ",
    "address": "〒633-1202 奈良県宇陀郡曽爾村太良路１１７０",
    "prefecture": "奈良県",
    "city": "曽爾村",
    "genre": "ホテル・旅館",
    "status": "現存",
    "phenomena": [
     "少女の霊"
    ],
    "features": [],
    "totalScore": 13515,
    "nationalRank": 1320,
    "prefRank": 16,
    "fearRating": 3.85,
    "ratingCount": 121,
    "outline": "曽爾高原 青少年自然の家とは、奈良県曽爾村にある幽霊ホテル（幽霊旅館）です。「そにこうげん せいしょうねんしぜんのいえ」と読みます。この場所では少女の幽霊が現れるといった噂があるため心霊スポットと呼ばれています。",
    "comment": "夜中友達二人とトイレ行った後に広場へ向かう途中玄関を出てすぐの上の方の坂からドドドドっという足音が聞こえ女の子の声が聞こえました。",
    "imageUrl": null,
    "sourceUrl": "https://ghostmap.jp/spotdetail.php?spotcd=4325"
   }
  },
  {
   "type": "Feature",
   "geometry": {
    "type": "Point",
    "coordinates": [
     140.651187,
     40.822282
    ]
   },
   "properties": {
    "spotcd": 6324,
    "name": "オルゴール3",
    "kana": "おるごーる3",
    "address": "〒038-0042 青森県青森市新城山田２５８ ※関係者以外は立ち入り禁止、無断で入ると不法侵入になります",
    "prefecture": "青森県",
    "city": "青森市",
    "genre": "ホテル・旅館",
    "status": "現存",
    "phenomena": [
     "男性の霊"
    ],
    "features": [
     "廃墟",
     "青森県の廃墟"
    ],
    "totalScore": 13394,
    "nationalRank": 1329,
    "prefRank": 14,
    "fearRating": 4.58,
    "ratingCount": 79,
    "outline": "オルゴール3とは、青森県青森市にある心霊廃墟です。「おるごーる3」と読みます。この場所では男性の幽霊が現れるといった噂があるため心霊スポットと呼ばれています。",
    "comment": "行ってきました もちろん中には入りませんでしたが、何か出てきそうな雰囲気があって不気味でした Aomori poriceのテープがあったので青森県警が管理していると思われます",
    "imageUrl": "https://ghostmap.jp/img/spot/display/20241116183520277.jpeg",
    "sourceUrl": "https://ghostmap.jp/spotdetail.php?spotcd=6324"
   }
  },
  {
   "type": "Feature",
   "geometry": {
    "type": "Point",
    "coordinates": [
     132.629349,
     35.433755
    ]
   },
   "properties": {
    "spotcd": 3635,
    "name": "日御碕灯台",
    "kana": "ひのみさきとうだい",
    "address": "〒699-0763 島根県出雲市大社町日御碕１４８４−９",
    "prefecture": "島根県",
    "city": "出雲市",
    "genre": "海",
    "status": "現存",
    "phenomena": [
     "女性の霊"
    ],
    "features": [
     "自殺の名所"
    ],
    "totalScore": 13338,
    "nationalRank": 1348,
    "prefRank": 9,
    "fearRating": 2.56,
    "ratingCount": 114,
    "outline": "日御碕灯台とは、島根県出雲市にある海の心霊スポットです。「ひのみさきとうだい」と読みます。この場所では女性の幽霊が現れるといった噂があるため心霊スポットと呼ばれています。",
    "comment": "飛び降りを止めてくれる心優しい方がいらっしゃいます。本当にそういうスポットなんだと感じました。何度行っても霊は見ませんがそういう気持ちにはさせられます。心の弱い方は覚悟していくといいかもしれません。",
    "imageUrl": null,
    "sourceUrl": "https://ghostmap.jp/spotdetail.php?spotcd=3635"
   }
  },
  {
   "type": "Feature",
   "geometry": {
    "type": "Point",
    "coordinates": [
     132.715313,
     33.86882
    ]
   },
   "properties": {
    "spotcd": 3868,
    "name": "観月山公園",
    "kana": "かんげつやまこうえん",
    "address": "〒791-8085 愛媛県松山市港山町３ 観月山公園 ※関係者以外は立ち入り禁止、無断で入ると不法侵入になります",
    "prefecture": "愛媛県",
    "city": "松山市",
    "genre": "公園・城跡",
    "status": "現存",
    "phenomena": [
     "女性の霊",
     "声"
    ],
    "features": [
     "廃墟",
     "愛媛県の廃墟"
    ],
    "totalScore": 13304,
    "nationalRank": 1369,
    "prefRank": 11,
    "fearRating": 4,
    "ratingCount": 69,
    "outline": "観月山公園とは、愛媛県松山市にある心霊廃墟です。「かんげつやまこうえん」と読みます。この場所では女性の幽霊が現れるといった噂があるため心霊スポットと呼ばれています。",
    "comment": "今日行きました。 正体不明のものが見えました。 形は逆三角形で朝は小さく胸元は大きく顔がぐちゃぐちゃになっててマジでやばかったです。",
    "imageUrl": null,
    "sourceUrl": "https://ghostmap.jp/spotdetail.php?spotcd=3868"
   }
  },
  {
   "type": "Feature",
   "geometry": {
    "type": "Point",
    "coordinates": [
     137.313307,
     36.738124
    ]
   },
   "properties": {
    "spotcd": 3782,
    "name": "ホテル あとりあ(atelier)",
    "kana": "ほてる あとりあ(あとりえ)",
    "address": "〒939-0553 富山県富山市水橋小出１２３９ ※関係者以外は立ち入り禁止、無断で入ると不法侵入になります",
    "prefecture": "富山県",
    "city": "富山市",
    "genre": "ホテル・旅館",
    "status": "現存",
    "phenomena": [
     "女性の霊",
     "声"
    ],
    "features": [
     "廃墟",
     "富山県の廃墟"
    ],
    "totalScore": 13291,
    "nationalRank": 1382,
    "prefRank": 7,
    "fearRating": 4.14,
    "ratingCount": 64,
    "outline": "ホテル あとりあ(atelier)とは、富山県富山市にある心霊廃墟です。「ほてる あとりあ(あとりえ)」と読みます。この場所では女性の幽霊が現れるといった噂があるため心霊スポットと呼ばれています。",
    "comment": "ボロボロやった",
    "imageUrl": "https://ghostmap.jp/img/spot/display/20231128233256923.png",
    "sourceUrl": "https://ghostmap.jp/spotdetail.php?spotcd=3782"
   }
  },
  {
   "type": "Feature",
   "geometry": {
    "type": "Point",
    "coordinates": [
     141.580322,
     40.539039
    ]
   },
   "properties": {
    "spotcd": 1568,
    "name": "葦毛崎展望台",
    "kana": "あしげざきてんぼうだい",
    "address": "〒031-0841 青森県八戸市鮫町小舟渡平１０−１０４",
    "prefecture": "青森県",
    "city": "八戸市",
    "genre": "公園・城跡",
    "status": "現存",
    "phenomena": [
     "女性の霊"
    ],
    "features": [],
    "totalScore": 13280,
    "nationalRank": 1390,
    "prefRank": 15,
    "fearRating": 3.65,
    "ratingCount": 69,
    "outline": "葦毛崎展望台とは、青森県八戸市にある公園・城跡の心霊スポットです。「あしげざきてんぼうだい」と読みます。この場所では女性の幽霊が現れるといった噂があるため心霊スポットと呼ばれています。",
    "comment": "ここのソフトクリームは恐ろしいほど美味しい 霊障なんて全くといっていいほどない",
    "imageUrl": null,
    "sourceUrl": "https://ghostmap.jp/spotdetail.php?spotcd=1568"
   }
  },
  {
   "type": "Feature",
   "geometry": {
    "type": "Point",
    "coordinates": [
     131.459589,
     33.329773
    ]
   },
   "properties": {
    "spotcd": 163,
    "name": "十文字原高原",
    "kana": "じゅうもんじばるこうげん",
    "address": "〒874-0016 大分県別府市野田（大字）１２００",
    "prefecture": "大分県",
    "city": "別府市",
    "genre": "公園・城跡",
    "status": "現存",
    "phenomena": [
     "正体不明の霊",
     "心霊写真"
    ],
    "features": [
     "デートスポット"
    ],
    "totalScore": 13276,
    "nationalRank": 1393,
    "prefRank": 11,
    "fearRating": 3.28,
    "ratingCount": 75,
    "outline": "十文字原高原とは、大分県別府市にある公園・城跡の心霊スポットです。「じゅうもんじばるこうげん」と読みます。この場所では正体不明の幽霊が現れるといった噂があるため心霊スポットと呼ばれています。",
    "comment": "夜景を撮影しに来たおっちゃんが、ここでカーS○Xしてた大学生とトラブルにあったとかなんとか。 幽霊よりもモラルの無い人間が怖いわ～。",
    "imageUrl": null,
    "sourceUrl": "https://ghostmap.jp/spotdetail.php?spotcd=163"
   }
  },
  {
   "type": "Feature",
   "geometry": {
    "type": "Point",
    "coordinates": [
     131.482349,
     31.775858
    ]
   },
   "properties": {
    "spotcd": 158,
    "name": "堀切峠",
    "kana": "ほりきりとうげ",
    "address": "宮崎県宮崎市 日南海岸ロードパーク",
    "prefecture": "宮崎県",
    "city": "宮崎市",
    "genre": "道・峠",
    "status": "現存",
    "phenomena": [
     "少年の霊",
     "声"
    ],
    "features": [],
    "totalScore": 13263,
    "nationalRank": 1406,
    "prefRank": 10,
    "fearRating": 3.4,
    "ratingCount": 69,
    "outline": "堀切峠とは、宮崎県宮崎市にある道・峠の心霊スポットです。「ほりきりとうげ」と読みます。この場所では少年の幽霊が現れるといった噂があるため心霊スポットと呼ばれています。",
    "comment": "行かない方がいいです。バスは見つかりません。",
    "imageUrl": "https://ghostmap.jp/img/spot/display/201411100929290.jpg",
    "sourceUrl": "https://ghostmap.jp/spotdetail.php?spotcd=158"
   }
  },
  {
   "type": "Feature",
   "geometry": {
    "type": "Point",
    "coordinates": [
     132.451638,
     35.107887
    ]
   },
   "properties": {
    "spotcd": 1477,
    "name": "千人壺",
    "kana": "せんにんつぼ",
    "address": "〒694-0305 島根県大田市大森町イ９０４",
    "prefecture": "島根県",
    "city": "大田市",
    "genre": "墓地・慰霊碑",
    "status": "現存",
    "phenomena": [
     "正体不明の霊",
     "足音",
     "声"
    ],
    "features": [],
    "totalScore": 13255,
    "nationalRank": 1419,
    "prefRank": 10,
    "fearRating": 2.26,
    "ratingCount": 96,
    "outline": "千人壺とは、島根県大田市にある墓地・慰霊碑の心霊スポットです。「せんにんつぼ」と読みます。この場所では正体不明の幽霊が現れるといった噂があるため心霊スポットと呼ばれています。",
    "comment": "↑日本語下手くそだけど外国人？それとも頭おかしい人？",
    "imageUrl": null,
    "sourceUrl": "https://ghostmap.jp/spotdetail.php?spotcd=1477"
   }
  },
  {
   "type": "Feature",
   "geometry": {
    "type": "Point",
    "coordinates": [
     134.608715,
     34.250396
    ]
   },
   "properties": {
    "spotcd": 8144,
    "name": "予科練習生救助顕彰碑奥の海岸",
    "kana": "よかれんしゅうせいきゅうじょけんしょうひおくのかいがん",
    "address": "〒771-0367 徳島県鳴門市瀬戸町大島田田尻",
    "prefecture": "徳島県",
    "city": "鳴門市",
    "genre": "海",
    "status": "現存",
    "phenomena": [
     "正体不明の霊"
    ],
    "features": [],
    "totalScore": 13255,
    "nationalRank": 1418,
    "prefRank": 6,
    "fearRating": 4.79,
    "ratingCount": 49,
    "outline": "予科練習生救助顕彰碑奥の海岸とは、徳島県鳴門市にある海の心霊スポットです。「よかれんしゅうせいきゅうじょけんしょうひおくのかいがん」と読みます。この場所では正体不明の幽霊が現れるといった噂があるため心霊スポットと呼ばれています。",
    "comment": "予科練生の怨念が詰まってる心霊スポットですね。 安易に検証すれば高い確実で霊障が",
    "imageUrl": null,
    "sourceUrl": "https://ghostmap.jp/spotdetail.php?spotcd=8144"
   }
  },
  {
   "type": "Feature",
   "geometry": {
    "type": "Point",
    "coordinates": [
     131.024919,
     33.370039
    ]
   },
   "properties": {
    "spotcd": 3191,
    "name": "おしがとう (旧大石峠トンネル)",
    "kana": "おしがとう (きゅうおおいしとうげとんねる)",
    "address": "〒871-0714 大分県中津市山国町長尾野 大石峠3",
    "prefecture": "大分県",
    "city": "中津市",
    "genre": "トンネル",
    "status": "現存",
    "phenomena": [
     "正体不明の霊"
    ],
    "features": [
     "神隠し"
    ],
    "totalScore": 13253,
    "nationalRank": 1426,
    "prefRank": 12,
    "fearRating": 3.88,
    "ratingCount": 59,
    "outline": "おしがとう (旧大石峠トンネル)とは、大分県中津市にあるお化けトンネルです。「おしがとう (きゅうおおいしとうげとんねる)」と読みます。この場所では正体不明の幽霊が現れるといった噂があるため心霊スポットと呼ばれています。",
    "comment": "確かに景色が奇麗だね",
    "imageUrl": "https://ghostmap.jp/img/spot/display/20200602075116773.jpeg",
    "sourceUrl": "https://ghostmap.jp/spotdetail.php?spotcd=3191"
   }
  },
  {
   "type": "Feature",
   "geometry": {
    "type": "Point",
    "coordinates": [
     133.598213,
     35.431582
    ]
   },
   "properties": {
    "spotcd": 1880,
    "name": "船上山",
    "kana": "せんじょうさん",
    "address": "〒689-2535 鳥取県東伯郡琴浦町尾張 県道34号線",
    "prefecture": "鳥取県",
    "city": "琴浦町",
    "genre": "山・森",
    "status": "現存",
    "phenomena": [
     "男性の霊",
     "声",
     "人影"
    ],
    "features": [],
    "totalScore": 13252,
    "nationalRank": 1428,
    "prefRank": 11,
    "fearRating": 2.83,
    "ratingCount": 78,
    "outline": "船上山とは、鳥取県琴浦町にある山・森の心霊スポットです。「せんじょうさん」と読みます。この場所では男性の幽霊が現れるといった噂があるため心霊スポットと呼ばれています。",
    "comment": "船上山には宿泊できるところがあるんだけど、絶対に入っちゃいけない部屋があるんだって。そこにはお札が貼られてた。もう無いかも知れないけど。",
    "imageUrl": "https://ghostmap.jp/img/spot/display/20240527154943682.JPG",
    "sourceUrl": "https://ghostmap.jp/spotdetail.php?spotcd=1880"
   }
  },
  {
   "type": "Feature",
   "geometry": {
    "type": "Point",
    "coordinates": [
     131.477487,
     33.301999
    ]
   },
   "properties": {
    "spotcd": 897,
    "name": "ルミエールの丘",
    "kana": "るみえーるのおか",
    "address": "〒874-0833 大分県別府市鶴見２１",
    "prefecture": "大分県",
    "city": "別府市",
    "genre": "住居",
    "status": "現存",
    "phenomena": [
     "少年の霊"
    ],
    "features": [],
    "totalScore": 13249,
    "nationalRank": 1434,
    "prefRank": 13,
    "fearRating": 3.37,
    "ratingCount": 66,
    "outline": "ルミエールの丘とは、大分県別府市にある幽霊屋敷です。「るみえーるのおか」と読みます。この場所では少年の幽霊が現れるといった噂があるため心霊スポットと呼ばれています。",
    "comment": "大学生としてその辺りに住んでたけど、ルミエールは言う人はいるにはいたが、そんな扱いされてなかったなあ。 どちらかというとその下ったところの方が多いイメージ",
    "imageUrl": null,
    "sourceUrl": "https://ghostmap.jp/spotdetail.php?spotcd=897"
   }
  },
  {
   "type": "Feature",
   "geometry": {
    "type": "Point",
    "coordinates": [
     137.66197,
     36.565988
    ]
   },
   "properties": {
    "spotcd": 1689,
    "name": "黒部ダム",
    "kana": "くろべだむ",
    "address": "〒930-1406 富山県中新川郡立山町芦峅寺 立山黒部アルペンルート",
    "prefecture": "富山県",
    "city": "立山町",
    "genre": "湖（池）・ダム",
    "status": "現存",
    "phenomena": [
     "男性の霊"
    ],
    "features": [],
    "totalScore": 13240,
    "nationalRank": 1447,
    "prefRank": 8,
    "fearRating": 4.21,
    "ratingCount": 52,
    "outline": "黒部ダムとは、富山県立山町にある湖（池）・ダムの心霊スポットです。「くろべだむ」と読みます。この場所では男性の幽霊が現れるといった噂があるため心霊スポットと呼ばれています。",
    "comment": "今年にトロリーバスから電気自動バスにリニューアルチェンジするみたいね。 さみしいけど時代だなぁ。",
    "imageUrl": "https://ghostmap.jp/img/spot/display/20211128103405197.jpg",
    "sourceUrl": "https://ghostmap.jp/spotdetail.php?spotcd=1689"
   }
  },
  {
   "type": "Feature",
   "geometry": {
    "type": "Point",
    "coordinates": [
     136.015,
     35.289502
    ]
   },
   "properties": {
    "spotcd": 3980,
    "name": "乙女ヶ池(真珠池)",
    "kana": "おとめがいけ(しんじゅいけ)",
    "address": "〒520-1121 滋賀県高島市勝野３０１０",
    "prefecture": "滋賀県",
    "city": "高島市",
    "genre": "湖（池）・ダム",
    "status": "現存",
    "phenomena": [
     "男性の霊"
    ],
    "features": [],
    "totalScore": 13225,
    "nationalRank": 1467,
    "prefRank": 10,
    "fearRating": 4.01,
    "ratingCount": 51,
    "outline": "乙女ヶ池(真珠池)とは、滋賀県高島市にある湖（池）・ダムの心霊スポットです。「おとめがいけ(しんじゅいけ)」と読みます。この場所では男性の幽霊が現れるといった噂があるため心霊スポットと呼ばれています。",
    "comment": "よく釣りされてるし 池の周りは、他人の畑だし こことは、限らないんじゃない？",
    "imageUrl": null,
    "sourceUrl": "https://ghostmap.jp/spotdetail.php?spotcd=3980"
   }
  },
  {
   "type": "Feature",
   "geometry": {
    "type": "Point",
    "coordinates": [
     130.9748,
     32.639296
    ]
   },
   "properties": {
    "spotcd": 1812,
    "name": "内大臣橋",
    "kana": "ないだいじんばし",
    "address": "〒861-3672 熊本県上益城郡山都町目丸２３８８",
    "prefecture": "熊本県",
    "city": "山都町",
    "genre": "橋",
    "status": "現存",
    "phenomena": [
     "女性の霊"
    ],
    "features": [],
    "totalScore": 13224,
    "nationalRank": 1470,
    "prefRank": 9,
    "fearRating": 3.83,
    "ratingCount": 53,
    "outline": "内大臣橋とは、熊本県山都町にある幽霊橋です。「ないだいじんばし」と読みます。この場所では女性の幽霊が現れるといった噂があるため心霊スポットと呼ばれています。",
    "comment": "橋の真ん中にスーツ姿の男性の霊が立っているらしい",
    "imageUrl": "https://ghostmap.jp/img/spot/display/20221124173107207.jpg",
    "sourceUrl": "https://ghostmap.jp/spotdetail.php?spotcd=1812"
   }
  },
  {
   "type": "Feature",
   "geometry": {
    "type": "Point",
    "coordinates": [
     134.493537,
     33.717658
    ]
   },
   "properties": {
    "spotcd": 371,
    "name": "日和佐トンネル",
    "kana": "ひわさとんねる",
    "address": "〒779-2307 徳島県海部郡美波町山河内 土佐浜街道",
    "prefecture": "徳島県",
    "city": "美波町",
    "genre": "トンネル",
    "status": "現存",
    "phenomena": [
     "男性の霊",
     "声"
    ],
    "features": [],
    "totalScore": 13212,
    "nationalRank": 1490,
    "prefRank": 7,
    "fearRating": 4.21,
    "ratingCount": 46,
    "outline": "日和佐トンネルとは、徳島県美波町にあるお化けトンネルです。「ひわさとんねる」と読みます。この場所では男性の幽霊が現れるといった噂があるため心霊スポットと呼ばれています。",
    "comment": "阿波踊りを踊ると許してくれます。",
    "imageUrl": "https://ghostmap.jp/img/spot/display/201410162134220.JPG",
    "sourceUrl": "https://ghostmap.jp/spotdetail.php?spotcd=371"
   }
  },
  {
   "type": "Feature",
   "geometry": {
    "type": "Point",
    "coordinates": [
     132.845858,
     32.782608
    ]
   },
   "properties": {
    "spotcd": 1666,
    "name": "ヴァンガード竜串",
    "kana": "ヴぁんがーどたつくし",
    "address": "〒787-0559 高知県土佐清水市下川口 足摺サニーロード ※関係者以外は立ち入り禁止、無断で入ると不法侵入になります",
    "prefecture": "高知県",
    "city": "土佐清水市",
    "genre": "ホテル・旅館",
    "status": "現存",
    "phenomena": [
     "男性の霊",
     "声"
    ],
    "features": [
     "稲川淳二",
     "廃墟",
     "高知県の廃墟"
    ],
    "totalScore": 13209,
    "nationalRank": 1493,
    "prefRank": 6,
    "fearRating": 3.4,
    "ratingCount": 55,
    "outline": "ヴァンガード竜串とは、高知県土佐清水市にある心霊廃墟です。「ヴぁんがーどたつくし」と読みます。この場所では男性の幽霊が現れるといった噂があるため心霊スポットと呼ばれています。",
    "comment": "何年か前に行ったときに動物のお面が置かれてた 普通のお面だけどここに置かれている意味のわからなさから不気味だった",
    "imageUrl": "https://ghostmap.jp/img/spot/display/20180710063945925.jpg",
    "sourceUrl": "https://ghostmap.jp/spotdetail.php?spotcd=1666"
   }
  },
  {
   "type": "Feature",
   "geometry": {
    "type": "Point",
    "coordinates": [
     131.6696,
     32.5621
    ]
   },
   "properties": {
    "spotcd": 1886,
    "name": "愛宕山",
    "kana": "あたごやま",
    "address": "〒882-0871 宮崎県延岡市愛宕山",
    "prefecture": "宮崎県",
    "city": "延岡市",
    "genre": "山・森",
    "status": "現存",
    "phenomena": [
     "女性の霊"
    ],
    "features": [],
    "totalScore": 13205,
    "nationalRank": 1499,
    "prefRank": 11,
    "fearRating": 3.77,
    "ratingCount": 49,
    "outline": "愛宕山とは、宮崎県延岡市にある山・森の心霊スポットです。「あたごやま」と読みます。この場所では女性の幽霊が現れるといった噂があるため心霊スポットと呼ばれています。",
    "comment": "無し",
    "imageUrl": "https://ghostmap.jp/img/spot/display/20210330070322441.jpeg",
    "sourceUrl": "https://ghostmap.jp/spotdetail.php?spotcd=1886"
   }
  },
  {
   "type": "Feature",
   "geometry": {
    "type": "Point",
    "coordinates": [
     137.165648,
     36.760277
    ]
   },
   "properties": {
    "spotcd": 4916,
    "name": "足洗潟公園",
    "kana": "あしあらいがたこうえん",
    "address": "〒933-0235 富山県射水市海老江練合６３６",
    "prefecture": "富山県",
    "city": "射水市",
    "genre": "公園・城跡",
    "status": "現存",
    "phenomena": [
     "男性の霊"
    ],
    "features": [],
    "totalScore": 13197,
    "nationalRank": 1514,
    "prefRank": 9,
    "fearRating": 4.06,
    "ratingCount": 44,
    "outline": "足洗潟公園とは、富山県射水市にある公園・城跡の心霊スポットです。「あしあらいがたこうえん」と読みます。この場所では男性の幽霊が現れるといった噂があるため心霊スポットと呼ばれています。",
    "comment": "無し",
    "imageUrl": "https://ghostmap.jp/img/spot/display/20250211005722459.JPG",
    "sourceUrl": "https://ghostmap.jp/spotdetail.php?spotcd=4916"
   }
  },
  {
   "type": "Feature",
   "geometry": {
    "type": "Point",
    "coordinates": [
     141.609243,
     40.505277
    ]
   },
   "properties": {
    "spotcd": 2798,
    "name": "種差ヘルスセンター",
    "kana": "たねさしへるすせんたー",
    "address": "〒031-0841 青森県八戸市大字鮫町棚久保７−５ ※関係者以外は立ち入り禁止、無断で入ると不法侵入になります",
    "prefecture": "青森県",
    "city": "八戸市",
    "genre": "商業施設",
    "status": "現存",
    "phenomena": [
     "女性の霊"
    ],
    "features": [
     "廃墟",
     "青森県の廃墟"
    ],
    "totalScore": 13196,
    "nationalRank": 1516,
    "prefRank": 16,
    "fearRating": 3.3,
    "ratingCount": 53,
    "outline": "種差ヘルスセンターとは、青森県八戸市にある心霊廃墟です。「たねさしへるすせんたー」と読みます。この場所では女性の幽霊が現れるといった噂があるため心霊スポットと呼ばれています。",
    "comment": "地図の場所が少し違ってます。もう少し海岸よりで、種差海岸駅の近くです。座標は40.505236, 141.609290",
    "imageUrl": null,
    "sourceUrl": "https://ghostmap.jp/spotdetail.php?spotcd=2798"
   }
  },
  {
   "type": "Feature",
   "geometry": {
    "type": "Point",
    "coordinates": [
     131.191801,
     32.986106
    ]
   },
   "properties": {
    "spotcd": 5798,
    "name": "卑弥呼の里（産山リゾートホテル）",
    "kana": "ひみこのさと（うぶやまりぞーとほてる）",
    "address": "熊本県阿蘇郡産山村 ※関係者以外は立ち入り禁止、無断で入ると不法侵入になります",
    "prefecture": "熊本県",
    "city": "産山村",
    "genre": "ホテル・旅館",
    "status": "現存",
    "phenomena": [
     "正体不明の霊"
    ],
    "features": [
     "廃墟",
     "熊本県の廃墟"
    ],
    "totalScore": 13193,
    "nationalRank": 1522,
    "prefRank": 10,
    "fearRating": 3.62,
    "ratingCount": 48,
    "outline": "卑弥呼の里（産山リゾートホテル）とは、熊本県産山村にある心霊廃墟です。「ひみこのさと（うぶやまりぞーとほてる）」と読みます。この場所では正体不明の幽霊が現れるといった噂があるため心霊スポットと呼ばれています。",
    "comment": "地神、山神の類が出ます。中途半端な開発と廃墟放置に対してお怒りの模様",
    "imageUrl": "https://ghostmap.jp/img/spot/display/20240905194841453.jpg",
    "sourceUrl": "https://ghostmap.jp/spotdetail.php?spotcd=5798"
   }
  },
  {
   "type": "Feature",
   "geometry": {
    "type": "Point",
    "coordinates": [
     135.142774,
     34.192557
    ]
   },
   "properties": {
    "spotcd": 1539,
    "name": "ホテル太公望",
    "kana": "ほてるたいこうぼう",
    "address": "〒641-0062 和歌山県和歌山市雑賀崎４０８ ※関係者以外は立ち入り禁止、無断で入ると不法侵入になります",
    "prefecture": "和歌山県",
    "city": "和歌山市",
    "genre": "ホテル・旅館",
    "status": "現存",
    "phenomena": [
     "少年の霊"
    ],
    "features": [
     "廃墟",
     "和歌山県の廃墟"
    ],
    "totalScore": 13186,
    "nationalRank": 1532,
    "prefRank": 11,
    "fearRating": 3.47,
    "ratingCount": 48,
    "outline": "ホテル太公望とは、和歌山県和歌山市にある心霊廃墟です。「ほてるたいこうぼう」と読みます。この場所では少年の幽霊が現れるといった噂があるため心霊スポットと呼ばれています。",
    "comment": "比較的交通の便が良さそうな和歌の浦温泉でも廃墟が多いんですね。大公望という名前はオーナーが釣り好きだったから？",
    "imageUrl": null,
    "sourceUrl": "https://ghostmap.jp/spotdetail.php?spotcd=1539"
   }
  },
  {
   "type": "Feature",
   "geometry": {
    "type": "Point",
    "coordinates": [
     134.272645,
     35.511234
    ]
   },
   "properties": {
    "spotcd": 1884,
    "name": "百谷ダム",
    "kana": "ももだにだむ",
    "address": "〒680-0071 鳥取県鳥取市百谷 百谷ダム職員詰所",
    "prefecture": "鳥取県",
    "city": "鳥取市",
    "genre": "湖（池）・ダム",
    "status": "現存",
    "phenomena": [
     "女性の霊"
    ],
    "features": [],
    "totalScore": 13185,
    "nationalRank": 1539,
    "prefRank": 12,
    "fearRating": 2.63,
    "ratingCount": 61,
    "outline": "百谷ダムとは、鳥取県鳥取市にある湖（池）・ダムの心霊スポットです。「ももだにだむ」と読みます。この場所では女性の幽霊が現れるといった噂があるため心霊スポットと呼ばれています。",
    "comment": "私が見たのはー！赤いワンピースを着た女性ではありませーん！",
    "imageUrl": "https://ghostmap.jp/img/spot/display/20260101063301632.jpg",
    "sourceUrl": "https://ghostmap.jp/spotdetail.php?spotcd=1884"
   }
  },
  {
   "type": "Feature",
   "geometry": {
    "type": "Point",
    "coordinates": [
     136.048872,
     35.656058
    ]
   },
   "properties": {
    "spotcd": 2175,
    "name": "気比の松原",
    "kana": "けひのまつばら",
    "address": "〒914-0801 福井県敦賀市松島町３３",
    "prefecture": "福井県",
    "city": "敦賀市",
    "genre": "湖（池）・ダム",
    "status": "現存",
    "phenomena": [
     "女性の霊",
     "心霊写真"
    ],
    "features": [],
    "totalScore": 13178,
    "nationalRank": 1553,
    "prefRank": 9,
    "fearRating": 4.4,
    "ratingCount": 37,
    "outline": "気比の松原とは、福井県敦賀市にある湖（池）・ダムの心霊スポットです。「けひのまつばら」と読みます。この場所では女性の幽霊が現れるといった噂があるため心霊スポットと呼ばれています。",
    "comment": "昔親から聞いたのですが、松原の傍に幽霊が出てその近くを通る人に金縛りをかけていたそうです。 当時新聞にも載ったそうです。 ぼんやりと聞いていたので再度親に詳しく聞いてみたいと思います。",
    "imageUrl": null,
    "sourceUrl": "https://ghostmap.jp/spotdetail.php?spotcd=2175"
   }
  },
  {
   "type": "Feature",
   "geometry": {
    "type": "Point",
    "coordinates": [
     140.481473,
     39.119644
    ]
   },
   "properties": {
    "spotcd": 808,
    "name": "ライブ24",
    "kana": "らいぶ24",
    "address": "〒012-0863 秋田県湯沢市下関野際３２ ※関係者以外は立ち入り禁止、無断で入ると不法侵入になります",
    "prefecture": "秋田県",
    "city": "湯沢市",
    "genre": "商業施設",
    "status": "現存",
    "phenomena": [
     "少年の霊"
    ],
    "features": [
     "廃墟",
     "秋田県の廃墟"
    ],
    "totalScore": 13176,
    "nationalRank": 1558,
    "prefRank": 14,
    "fearRating": 3.69,
    "ratingCount": 43,
    "outline": "ライブ24とは、秋田県湯沢市にある心霊廃墟です。「らいぶ24」と読みます。この場所では少年の幽霊が現れるといった噂があるため心霊スポットと呼ばれています。",
    "comment": "確かに30年以前パチンコ(モナコ)でした。 その後1階はゲームセンターで2階はその当時コンビニ兼食事",
    "imageUrl": null,
    "sourceUrl": "https://ghostmap.jp/spotdetail.php?spotcd=808"
   }
  },
  {
   "type": "Feature",
   "geometry": {
    "type": "Point",
    "coordinates": [
     136.303912,
     34.956096
    ]
   },
   "properties": {
    "spotcd": 1906,
    "name": "青土ダム",
    "kana": "おおづちだむ",
    "address": "〒528-0221 滋賀県甲賀市土山町青土１５１−４",
    "prefecture": "滋賀県",
    "city": "甲賀市",
    "genre": "湖（池）・ダム",
    "status": "現存",
    "phenomena": [
     "女性の霊"
    ],
    "features": [],
    "totalScore": 13175,
    "nationalRank": 1559,
    "prefRank": 11,
    "fearRating": 4.47,
    "ratingCount": 36,
    "outline": "青土ダムとは、滋賀県甲賀市にある湖（池）・ダムの心霊スポットです。「おおづちだむ」と読みます。この場所では女性の幽霊が現れるといった噂があるため心霊スポットと呼ばれています。",
    "comment": "地図の場所を訂正しました。",
    "imageUrl": null,
    "sourceUrl": "https://ghostmap.jp/spotdetail.php?spotcd=1906"
   }
  },
  {
   "type": "Feature",
   "geometry": {
    "type": "Point",
    "coordinates": [
     129.886601,
     32.750247
    ]
   },
   "properties": {
    "spotcd": 383,
    "name": "光源寺",
    "kana": "こうげんじ",
    "address": "〒850-0802 長崎県長崎市伊良林１丁目４ 光源寺",
    "prefecture": "長崎県",
    "city": "長崎市",
    "genre": "神社・寺",
    "status": "現存",
    "phenomena": [
     "女性の霊",
     "声"
    ],
    "features": [],
    "totalScore": 13174,
    "nationalRank": 1562,
    "prefRank": 11,
    "fearRating": 3.73,
    "ratingCount": 42,
    "outline": "光源寺とは、長崎県長崎市にある幽霊神社（幽霊寺）です。「こうげんじ」と読みます。この場所では女性の幽霊が現れるといった噂があるため心霊スポットと呼ばれています。",
    "comment": "良い話なのに写真が怖いんだが、、、",
    "imageUrl": "https://ghostmap.jp/img/spot/display/201410282247301.jpg",
    "sourceUrl": "https://ghostmap.jp/spotdetail.php?spotcd=383"
   }
  },
  {
   "type": "Feature",
   "geometry": {
    "type": "Point",
    "coordinates": [
     133.699197,
     34.181148
    ]
   },
   "properties": {
    "spotcd": 4279,
    "name": "ドロイド医院",
    "kana": "どろいどいいん",
    "address": "〒767-0003 香川県三豊市高瀬町比地中２２５７−１ ※関係者以外は立ち入り禁止、無断で入ると不法侵入になります",
    "prefecture": "香川県",
    "city": "三豊市",
    "genre": "病院",
    "status": "現存",
    "phenomena": [
     "少女の霊",
     "声",
     "ラップ音"
    ],
    "features": [
     "廃墟",
     "香川県の廃墟"
    ],
    "totalScore": 13171,
    "nationalRank": 1572,
    "prefRank": 16,
    "fearRating": 3.78,
    "ratingCount": 41,
    "outline": "ドロイド医院とは、香川県三豊市にある心霊廃墟です。「どろいどいいん」と読みます。この場所では少女の幽霊が現れるといった噂があるため心霊スポットと呼ばれています。",
    "comment": "産婦人科の心霊スポットというのは、病院系の心霊スポットではあまり聞かないな。 でも、産婦人科は医療過誤訴訟のリスクの高い診療科目とも聞くし、そういう風になる可能性が無くもない、のだろうか。",
    "imageUrl": "https://ghostmap.jp/img/spot/display/20240422123733538.JPG",
    "sourceUrl": "https://ghostmap.jp/spotdetail.php?spotcd=4279"
   }
  },
  {
   "type": "Feature",
   "geometry": {
    "type": "Point",
    "coordinates": [
     133.693847,
     35.487963
    ]
   },
   "properties": {
    "spotcd": 1057,
    "name": "高松公園(いなり近隣公園)",
    "kana": "たかまつこうえん(いなりきんりんこうえん)",
    "address": "〒689-2352 鳥取県東伯郡琴浦町浦安２６９−６",
    "prefecture": "鳥取県",
    "city": "琴浦町",
    "genre": "公園・城跡",
    "status": "現存",
    "phenomena": [
     "男性の霊",
     "人影"
    ],
    "features": [],
    "totalScore": 13168,
    "nationalRank": 1578,
    "prefRank": 13,
    "fearRating": 2.6,
    "ratingCount": 56,
    "outline": "高松公園(いなり近隣公園)とは、鳥取県琴浦町にある公園・城跡の心霊スポットです。「たかまつこうえん(いなりきんりんこうえん)」と読みます。この場所では男性の幽霊が現れるといった噂があるため心霊スポットと呼ばれています。",
    "comment": "僕もここで白い人を見ました 友達も同じ体験をしています",
    "imageUrl": null,
    "sourceUrl": "https://ghostmap.jp/spotdetail.php?spotcd=1057"
   }
  },
  {
   "type": "Feature",
   "geometry": {
    "type": "Point",
    "coordinates": [
     136.716127,
     35.87576
    ]
   },
   "properties": {
    "spotcd": 2003,
    "name": "九頭竜ダム",
    "kana": "くずりゅうだむ",
    "address": "福井県大野市 美濃街道",
    "prefecture": "福井県",
    "city": "大野市",
    "genre": "湖（池）・ダム",
    "status": "現存",
    "phenomena": [
     "女性の霊",
     "声"
    ],
    "features": [],
    "totalScore": 13159,
    "nationalRank": 1599,
    "prefRank": 10,
    "fearRating": 4.56,
    "ratingCount": 32,
    "outline": "九頭竜ダムとは、福井県大野市にある湖（池）・ダムの心霊スポットです。「くずりゅうだむ」と読みます。この場所では女性の幽霊が現れるといった噂があるため心霊スポットと呼ばれています。",
    "comment": "ここのトンネル付近で音の出がおかしかった。数百メートル走ったら元に戻った",
    "imageUrl": null,
    "sourceUrl": "https://ghostmap.jp/spotdetail.php?spotcd=2003"
   }
  },
  {
   "type": "Feature",
   "geometry": {
    "type": "Point",
    "coordinates": [
     136.67586,
     35.473373
    ]
   },
   "properties": {
    "spotcd": 4685,
    "name": "富有柿の里交差点前",
    "kana": "ふゆうがきのさとこうさてんまえ",
    "address": "〒501-0401 岐阜県本巣市上保１１５０−２",
    "prefecture": "岐阜県",
    "city": "本巣市",
    "genre": "その他",
    "status": "現存",
    "phenomena": [
     "女性の霊"
    ],
    "features": [],
    "totalScore": 13157,
    "nationalRank": 1602,
    "prefRank": 15,
    "fearRating": 4.5,
    "ratingCount": 32,
    "outline": "富有柿の里交差点前とは、岐阜県本巣市にあるその他の心霊スポットです。「ふゆうがきのさとこうさてんまえ」と読みます。この場所では女性の幽霊が現れるといった噂があるため心霊スポットと呼ばれています。",
    "comment": "昨日会社帰りにそこの交差点前で信号待ちしてたら女の霊に睨まれました。 何で車を睨んでるのかなと思いました。",
    "imageUrl": "https://ghostmap.jp/img/spot/display/20250813173756096.jpeg",
    "sourceUrl": "https://ghostmap.jp/spotdetail.php?spotcd=4685"
   }
  },
  {
   "type": "Feature",
   "geometry": {
    "type": "Point",
    "coordinates": [
     130.903227,
     32.040806
    ]
   },
   "properties": {
    "spotcd": 3066,
    "name": "グリーンヒルズホテル(Gヒルズ)",
    "kana": "ぐりーんひるずほてる(Gひるず)",
    "address": "〒889-4314 宮崎県えびの市大字大河平４６５４−２４ ※関係者以外は立ち入り禁止、無断で入ると不法侵入になります",
    "prefecture": "宮崎県",
    "city": "えびの市",
    "genre": "ホテル・旅館",
    "status": "現存",
    "phenomena": [
     "正体不明の霊"
    ],
    "features": [
     "廃墟",
     "宮崎県の廃墟"
    ],
    "totalScore": 13157,
    "nationalRank": 1603,
    "prefRank": 12,
    "fearRating": 4.36,
    "ratingCount": 33,
    "outline": "グリーンヒルズホテル(Gヒルズ)とは、宮崎県えびの市にある心霊廃墟です。「ぐりーんひるずほてる(Gひるず)」と読みます。この場所では正体不明の幽霊が現れるといった噂があるため心霊スポットと呼ばれています。",
    "comment": "独りでいようと思ったけどやっぱり寂しくなって見つけて欲しくて、こんな時でも来たくなるように呼んだんじゃ。もう、たましいのともだち",
    "imageUrl": null,
    "sourceUrl": "https://ghostmap.jp/spotdetail.php?spotcd=3066"
   }
  },
  {
   "type": "Feature",
   "geometry": {
    "type": "Point",
    "coordinates": [
     133.572434,
     33.507413
    ]
   },
   "properties": {
    "spotcd": 2034,
    "name": "山下シーサイドマンション",
    "kana": "やましたしーさいどまんしょん",
    "address": "〒781-0113 高知県高知市種崎８５１−１ ※関係者以外は立ち入り禁止、無断で入ると不法侵入になります",
    "prefecture": "高知県",
    "city": "高知市",
    "genre": "住居",
    "status": "現存",
    "phenomena": [
     "少年の霊"
    ],
    "features": [
     "廃墟",
     "高知県の廃墟"
    ],
    "totalScore": 13156,
    "nationalRank": 1606,
    "prefRank": 7,
    "fearRating": 3,
    "ratingCount": 46,
    "outline": "山下シーサイドマンションとは、高知県高知市にある心霊廃墟です。「やましたしーさいどまんしょん」と読みます。この場所では少年の幽霊が現れるといった噂があるため心霊スポットと呼ばれています。",
    "comment": "ドアを開けるとすぐに五月人形が侵入を防ぐように飾られている 油断してたのでギョッとした 洋服とかも置かれてたけど住人は引っ越すときに持っていかなかったのだろうか",
    "imageUrl": "https://ghostmap.jp/img/spot/display/20240927113359753.jpeg",
    "sourceUrl": "https://ghostmap.jp/spotdetail.php?spotcd=2034"
   }
  },
  {
   "type": "Feature",
   "geometry": {
    "type": "Point",
    "coordinates": [
     139.727685,
     38.737562
    ]
   },
   "properties": {
    "spotcd": 530,
    "name": "神子沢トンネル",
    "kana": "みこざわとんねる",
    "address": "〒999-7541 山形県鶴岡市西目戊１０",
    "prefecture": "山形県",
    "city": "鶴岡市",
    "genre": "トンネル",
    "status": "現存",
    "phenomena": [
     "女性の霊"
    ],
    "features": [],
    "totalScore": 13154,
    "nationalRank": 1611,
    "prefRank": 10,
    "fearRating": 3.65,
    "ratingCount": 38,
    "outline": "神子沢トンネルとは、山形県鶴岡市にあるお化けトンネルです。「みこざわとんねる」と読みます。この場所では女性の幽霊が現れるといった噂があるため心霊スポットと呼ばれています。",
    "comment": "トンネルも怖いけど、神子沢峠そのものが異界への入口と言われています。",
    "imageUrl": null,
    "sourceUrl": "https://ghostmap.jp/spotdetail.php?spotcd=530"
   }
  },
  {
   "type": "Feature",
   "geometry": {
    "type": "Point",
    "coordinates": [
     136.087923,
     34.920825
    ]
   },
   "properties": {
    "spotcd": 1480,
    "name": "信楽高原鐵道列車衝突事故の現場",
    "kana": "しがらきこうげんてつどうれっしゃしょうめんしょうとつじこげんば",
    "address": "〒529-1802 滋賀県甲賀市信楽町黄瀬 近江グリーンロード",
    "prefecture": "滋賀県",
    "city": "甲賀市",
    "genre": "道・峠",
    "status": "現存",
    "phenomena": [
     "女性の霊",
     "心霊写真"
    ],
    "features": [],
    "totalScore": 13153,
    "nationalRank": 1615,
    "prefRank": 12,
    "fearRating": 4.08,
    "ratingCount": 34,
    "outline": "信楽高原鐵道列車衝突事故の現場とは、滋賀県甲賀市にある道・峠の心霊スポットです。「しがらきこうげんてつどうれっしゃしょうめんしょうとつじこげんば」と読みます。この場所では女性の幽霊が現れるといった噂があるため心霊スポットと呼ばれています。",
    "comment": "この時事故の責任の所在をはっきりさせておけば、JR西の隠ぺい体質も幾分か改善して、福知山線脱線事故も起きなかったのかもしれない。",
    "imageUrl": null,
    "sourceUrl": "https://ghostmap.jp/spotdetail.php?spotcd=1480"
   }
  },
  {
   "type": "Feature",
   "geometry": {
    "type": "Point",
    "coordinates": [
     134.51348,
     34.069268
    ]
   },
   "properties": {
    "spotcd": 87,
    "name": "西部公園",
    "kana": "せいぶこうえん",
    "address": "〒770-0048 徳島県徳島市加茂名町庄山７０",
    "prefecture": "徳島県",
    "city": "徳島市",
    "genre": "公園・城跡",
    "status": "現存",
    "phenomena": [
     "男性の霊",
     "足音"
    ],
    "features": [],
    "totalScore": 13148,
    "nationalRank": 1624,
    "prefRank": 8,
    "fearRating": 3.11,
    "ratingCount": 42,
    "outline": "西部公園とは、徳島県徳島市にある公園・城跡の心霊スポットです。「せいぶこうえん」と読みます。この場所では男性の幽霊が現れるといった噂があるため心霊スポットと呼ばれています。",
    "comment": "心霊現象ではないけど、２～３年前に、友達と眉山の山頂にドライブ行こうとした時に、西部公園の辺りで暗闇の中から上下、迷彩服着た人が出てきた時はビックリしたなぁ…",
    "imageUrl": null,
    "sourceUrl": "https://ghostmap.jp/spotdetail.php?spotcd=87"
   }
  },
  {
   "type": "Feature",
   "geometry": {
    "type": "Point",
    "coordinates": [
     140.759209,
     39.759909
    ]
   },
   "properties": {
    "spotcd": 1978,
    "name": "田沢湖スポーツセンター",
    "kana": "たざわこすぽーつせんたー",
    "address": "〒014-1201 秋田県仙北市田沢湖生保内",
    "prefecture": "秋田県",
    "city": "仙北市",
    "genre": "商業施設",
    "status": "現存",
    "phenomena": [
     "正体不明の霊",
     "人影"
    ],
    "features": [],
    "totalScore": 13146,
    "nationalRank": 1629,
    "prefRank": 15,
    "fearRating": 3.66,
    "ratingCount": 36,
    "outline": "田沢湖スポーツセンターとは、秋田県仙北市にある商業施設の心霊スポットです。「たざわこすぽーつせんたー」と読みます。この場所では正体不明の幽霊が現れるといった噂があるため心霊スポットと呼ばれています。",
    "comment": "確かにここでは心霊現象が起きるかもしれないが時計の秒針が不自然に早く回っているということは時計の電波を通じるために早く回っているのではないでしょうか？",
    "imageUrl": "https://ghostmap.jp/img/spot/display/20210502080152197.jpeg",
    "sourceUrl": "https://ghostmap.jp/spotdetail.php?spotcd=1978"
   }
  },
  {
   "type": "Feature",
   "geometry": {
    "type": "Point",
    "coordinates": [
     140.550956,
     39.422441
    ]
   },
   "properties": {
    "spotcd": 822,
    "name": "美郷町六郷の廃墟",
    "kana": "みさとちょうろくごうのはいきょ",
    "address": "〒019-1404 秋田県仙北郡美郷町六郷安楽寺３６９ ※関係者以外は立ち入り禁止、無断で入ると不法侵入になります",
    "prefecture": "秋田県",
    "city": "美郷町",
    "genre": "住居",
    "status": "現存",
    "phenomena": [
     "女性の霊"
    ],
    "features": [
     "廃墟",
     "秋田県の廃墟"
    ],
    "totalScore": 13143,
    "nationalRank": 1633,
    "prefRank": 16,
    "fearRating": 3.79,
    "ratingCount": 34,
    "outline": "美郷町六郷の廃墟とは、秋田県美郷町にある心霊廃墟です。「みさとちょうろくごうのはいきょ」と読みます。この場所では女性の幽霊が現れるといった噂があるため心霊スポットと呼ばれています。",
    "comment": "呪いでしょ",
    "imageUrl": null,
    "sourceUrl": "https://ghostmap.jp/spotdetail.php?spotcd=822"
   }
  },
  {
   "type": "Feature",
   "geometry": {
    "type": "Point",
    "coordinates": [
     136.619319,
     36.450481
    ]
   },
   "properties": {
    "spotcd": 100,
    "name": "天狗橋周辺",
    "kana": "てんぐばししゅうへん",
    "address": "〒923-1207 石川県能美市岩本町",
    "prefecture": "石川県",
    "city": "能美市",
    "genre": "橋",
    "status": "現存",
    "phenomena": [
     "男性の霊"
    ],
    "features": [],
    "totalScore": 13143,
    "nationalRank": 1632,
    "prefRank": 16,
    "fearRating": 3.79,
    "ratingCount": 34,
    "outline": "天狗橋周辺とは、石川県能美市にある幽霊橋です。「てんぐばししゅうへん」と読みます。この場所では男性の幽霊が現れるといった噂があるため心霊スポットと呼ばれています。",
    "comment": "これは北陸鉄道能美線の廃線跡です。左上はトンネルで、鶴来駅まで橋が架かっていました。天狗橋と並行して。右側にはぬかるんだ入り口のトンネルがあります。柵がしてありますが…マムシが居るので注意です。",
    "imageUrl": null,
    "sourceUrl": "https://ghostmap.jp/spotdetail.php?spotcd=100"
   }
  },
  {
   "type": "Feature",
   "geometry": {
    "type": "Point",
    "coordinates": [
     133.687383,
     34.01378
    ]
   },
   "properties": {
    "spotcd": 3561,
    "name": "曼陀トンネル",
    "kana": "まんだとんねる",
    "address": "〒778-5253 徳島県三好市池田町佐野 県道 8 号線",
    "prefecture": "徳島県",
    "city": "三好市",
    "genre": "トンネル",
    "status": "現存",
    "phenomena": [
     "女性の霊",
     "声"
    ],
    "features": [],
    "totalScore": 13126,
    "nationalRank": 1656,
    "prefRank": 9,
    "fearRating": 4.1,
    "ratingCount": 28,
    "outline": "曼陀トンネルとは、徳島県三好市にあるお化けトンネルです。「まんだとんねる」と読みます。この場所では女性の幽霊が現れるといった噂があるため心霊スポットと呼ばれています。",
    "comment": "この道をバイクでよく走っていた。よくヘルメット越しに男のうめき声が聞こえていた。人影もしょっちゅう見えた。まあ気にせず走っていたけど。",
    "imageUrl": "https://ghostmap.jp/img/spot/display/20240210031141688.jpeg",
    "sourceUrl": "https://ghostmap.jp/spotdetail.php?spotcd=3561"
   }
  },
  {
   "type": "Feature",
   "geometry": {
    "type": "Point",
    "coordinates": [
     136.668327,
     35.539138
    ]
   },
   "properties": {
    "spotcd": 2922,
    "name": "木知原と金原峠を結ぶ峠道",
    "kana": "こちぼらときんばらとうげをむすぶとうげどう",
    "address": "岐阜県本巣市",
    "prefecture": "岐阜県",
    "city": "本巣市",
    "genre": "道・峠",
    "status": "現存",
    "phenomena": [
     "女性の霊"
    ],
    "features": [],
    "totalScore": 13120,
    "nationalRank": 1661,
    "prefRank": 16,
    "fearRating": 4.82,
    "ratingCount": 23,
    "outline": "木知原と金原峠を結ぶ峠道とは、岐阜県本巣市にある道・峠の心霊スポットです。「こちぼらときんばらとうげをむすぶとうげどう」と読みます。この場所では女性の幽霊が現れるといった噂があるため心霊スポットと呼ばれています。",
    "comment": "えぇっ！？自動車学校の先生が霊感ある人！？ヤバすぎですよ！",
    "imageUrl": null,
    "sourceUrl": "https://ghostmap.jp/spotdetail.php?spotcd=2922"
   }
  },
  {
   "type": "Feature",
   "geometry": {
    "type": "Point",
    "coordinates": [
     132.530865,
     33.851996
    ]
   },
   "properties": {
    "spotcd": 2886,
    "name": "由利島",
    "kana": "ゆりじま",
    "address": "〒791-4323 愛媛県松山市二神 ※関係者以外は立ち入り禁止、無断で入ると不法侵入になります",
    "prefecture": "愛媛県",
    "city": "松山市",
    "genre": "その他",
    "status": "現存",
    "phenomena": [
     "女性の霊"
    ],
    "features": [
     "廃墟",
     "愛媛県の廃墟"
    ],
    "totalScore": 13120,
    "nationalRank": 1662,
    "prefRank": 13,
    "fearRating": 3.6,
    "ratingCount": 30,
    "outline": "由利島とは、愛媛県松山市にある心霊廃墟です。「ゆりじま」と読みます。この場所では女性の幽霊が現れるといった噂があるため心霊スポットと呼ばれています。",
    "comment": "いや、DASH島やん...",
    "imageUrl": null,
    "sourceUrl": "https://ghostmap.jp/spotdetail.php?spotcd=2886"
   }
  },
  {
   "type": "Feature",
   "geometry": {
    "type": "Point",
    "coordinates": [
     130.398907,
     32.206776
    ]
   },
   "properties": {
    "spotcd": 2860,
    "name": "日本一長～い運動場",
    "kana": "にっぽんいちなが～いうんどうじょう",
    "address": "〒867-0045 熊本県水俣市山手町１丁目４日本一長い運動場起点",
    "prefecture": "熊本県",
    "city": "水俣市",
    "genre": "公園・城跡",
    "status": "現存",
    "phenomena": [
     "少年の霊"
    ],
    "features": [],
    "totalScore": 12505,
    "nationalRank": 1675,
    "prefRank": 11,
    "fearRating": 3.08,
    "ratingCount": 145,
    "outline": "日本一長～い運動場とは、熊本県水俣市にある公園・城跡の心霊スポットです。「にっぽんいちなが～いうんどうじょう」と読みます。この場所では少年の幽霊が現れるといった噂があるため心霊スポットと呼ばれています。",
    "comment": "無し",
    "imageUrl": "https://ghostmap.jp/img/spot/display/20230203184803982.jpeg",
    "sourceUrl": "https://ghostmap.jp/spotdetail.php?spotcd=2860"
   }
  },
  {
   "type": "Feature",
   "geometry": {
    "type": "Point",
    "coordinates": [
     132.471003,
     33.171021
    ]
   },
   "properties": {
    "spotcd": 2324,
    "name": "辰野隧道(旧辰野トンネル)",
    "kana": "たつのずいどう(きゅうたつのとんねる)",
    "address": "〒798-0104 愛媛県宇和島市下波２５８５",
    "prefecture": "愛媛県",
    "city": "宇和島市",
    "genre": "トンネル",
    "status": "現存",
    "phenomena": [
     "女性の霊"
    ],
    "features": [],
    "totalScore": 12321,
    "nationalRank": 1692,
    "prefRank": 14,
    "fearRating": 4.12,
    "ratingCount": 71,
    "outline": "辰野隧道(旧辰野トンネル)とは、愛媛県宇和島市にあるお化けトンネルです。「たつのずいどう(きゅうたつのとんねる)」と読みます。この場所では女性の幽霊が現れるといった噂があるため心霊スポットと呼ばれています。",
    "comment": "トンネルの入り口を止めてと書いてありますが誤字です。申し訳ありませんでした。",
    "imageUrl": null,
    "sourceUrl": "https://ghostmap.jp/spotdetail.php?spotcd=2324"
   }
  },
  {
   "type": "Feature",
   "geometry": {
    "type": "Point",
    "coordinates": [
     133.074578,
     35.449943
    ]
   },
   "properties": {
    "spotcd": 2036,
    "name": "緑山公園",
    "kana": "りょくざんこうえん",
    "address": "〒690-0017 島根県松江市西津田9丁目1422-6",
    "prefecture": "島根県",
    "city": "松江市",
    "genre": "公園・城跡",
    "status": "現存",
    "phenomena": [
     "正体不明の霊"
    ],
    "features": [],
    "totalScore": 12286,
    "nationalRank": 1707,
    "prefRank": 11,
    "fearRating": 2.4,
    "ratingCount": 102,
    "outline": "緑山公園とは、島根県松江市にある公園・城跡の心霊スポットです。「りょくざんこうえん」と読みます。この場所では正体不明の幽霊が現れるといった噂があるため心霊スポットと呼ばれています。",
    "comment": "緑山公園は江戸時代に処刑場だったという噂もあります。公園のブランコが勝手にゆれたり、飛行機のジャングルジムからプロペラの音がするらしいです。",
    "imageUrl": null,
    "sourceUrl": "https://ghostmap.jp/spotdetail.php?spotcd=2036"
   }
  },
  {
   "type": "Feature",
   "geometry": {
    "type": "Point",
    "coordinates": [
     136.118592,
     36.251029
    ]
   },
   "properties": {
    "spotcd": 1944,
    "name": "雄島",
    "kana": "おしま",
    "address": "〒913-0064 福井県坂井市三国町安島 雄島燈台",
    "prefecture": "福井県",
    "city": "坂井市",
    "genre": "その他",
    "status": "現存",
    "phenomena": [
     "男性の霊"
    ],
    "features": [],
    "totalScore": 12272,
    "nationalRank": 1721,
    "prefRank": 11,
    "fearRating": 4.62,
    "ratingCount": 54,
    "outline": "雄島とは、福井県坂井市にあるその他の心霊スポットです。「おしま」と読みます。この場所では男性の幽霊が現れるといった噂があるため心霊スポットと呼ばれています。",
    "comment": "説明文には書かれていないけど北東にある森が一番やばいと思うよ まるで樹海のような雰囲気 近くに磁石岩というのがあってその岩のせいで方位磁石が狂ってしまう ここで迷って帰れなくなる人も多い",
    "imageUrl": "https://ghostmap.jp/img/spot/display/20230326001910513.jpg",
    "sourceUrl": "https://ghostmap.jp/spotdetail.php?spotcd=1944"
   }
  },
  {
   "type": "Feature",
   "geometry": {
    "type": "Point",
    "coordinates": [
     132.739916,
     33.850376
    ]
   },
   "properties": {
    "spotcd": 1515,
    "name": "衣山処刑場跡",
    "kana": "きぬやましょけいじょうあと",
    "address": "〒791-8025 愛媛県松山市衣山４丁目６３０",
    "prefecture": "愛媛県",
    "city": "松山市",
    "genre": "墓地・慰霊碑",
    "status": "現存",
    "phenomena": [
     "女性の霊"
    ],
    "features": [
     "処刑場"
    ],
    "totalScore": 12271,
    "nationalRank": 1722,
    "prefRank": 15,
    "fearRating": 3.96,
    "ratingCount": 62,
    "outline": "衣山処刑場跡とは、愛媛県松山市にある墓地・慰霊碑の心霊スポットです。「きぬやましょけいじょうあと」と読みます。この場所では女性の幽霊が現れるといった噂があるため心霊スポットと呼ばれています。",
    "comment": "地図の場所を訂正しました。",
    "imageUrl": null,
    "sourceUrl": "https://ghostmap.jp/spotdetail.php?spotcd=1515"
   }
  },
  {
   "type": "Feature",
   "geometry": {
    "type": "Point",
    "coordinates": [
     130.873921,
     33.311697
    ]
   },
   "properties": {
    "spotcd": 4053,
    "name": "夜明温泉",
    "kana": "よあけおんせん",
    "address": "〒877-0000 大分県日田市友田３２４８ ※関係者以外は立ち入り禁止、無断で入ると不法侵入になります",
    "prefecture": "大分県",
    "city": "日田市",
    "genre": "ホテル・旅館",
    "status": "現存",
    "phenomena": [
     "男性の霊",
     "足音",
     "声"
    ],
    "features": [
     "廃墟",
     "大分県の廃墟"
    ],
    "totalScore": 12261,
    "nationalRank": 1740,
    "prefRank": 14,
    "fearRating": 4.17,
    "ratingCount": 57,
    "outline": "夜明温泉とは、大分県日田市にある心霊廃墟です。「よあけおんせん」と読みます。この場所では男性の幽霊が現れるといった噂があるため心霊スポットと呼ばれています。",
    "comment": "無し",
    "imageUrl": null,
    "sourceUrl": "https://ghostmap.jp/spotdetail.php?spotcd=4053"
   }
  },
  {
   "type": "Feature",
   "geometry": {
    "type": "Point",
    "coordinates": [
     137.152384,
     36.5957
    ]
   },
   "properties": {
    "spotcd": 3184,
    "name": "白山社裏",
    "kana": "はくさんしゃうら",
    "address": "〒939-2306 富山県富山市八尾町井田７６５６ 白山社",
    "prefecture": "富山県",
    "city": "富山市",
    "genre": "神社・寺",
    "status": "現存",
    "phenomena": [
     "女性の霊"
    ],
    "features": [],
    "totalScore": 12260,
    "nationalRank": 1742,
    "prefRank": 10,
    "fearRating": 4.32,
    "ratingCount": 55,
    "outline": "白山社裏とは、富山県富山市にある幽霊神社（幽霊寺）です。「はくさんしゃうら」と読みます。この場所では女性の幽霊が現れるといった噂があるため心霊スポットと呼ばれています。",
    "comment": "手を振る女の人は現れませんでしたが、パキパキとラップ音などは聞こえました。",
    "imageUrl": "https://ghostmap.jp/img/spot/display/20220726120007083.jpeg",
    "sourceUrl": "https://ghostmap.jp/spotdetail.php?spotcd=3184"
   }
  },
  {
   "type": "Feature",
   "geometry": {
    "type": "Point",
    "coordinates": [
     131.709423,
     33.193799
    ]
   },
   "properties": {
    "spotcd": 161,
    "name": "赤迫池",
    "kana": "あかさこのいけ",
    "address": "〒870-0317 大分県大分市丹川 県道38号線",
    "prefecture": "大分県",
    "city": "大分市",
    "genre": "湖（池）・ダム",
    "status": "現存",
    "phenomena": [
     "男性の霊"
    ],
    "features": [],
    "totalScore": 12256,
    "nationalRank": 1750,
    "prefRank": 15,
    "fearRating": 3.8,
    "ratingCount": 61,
    "outline": "赤迫池とは、大分県大分市にある湖（池）・ダムの心霊スポットです。「あかさこのいけ」と読みます。この場所では男性の幽霊が現れるといった噂があるため心霊スポットと呼ばれています。",
    "comment": "近くに家がある側ではなく会社のようなものがあるすぐ近くのフェンスの所で心霊写真が撮れました その奥には昼間行ったことがあるのですが少し不気味でした",
    "imageUrl": null,
    "sourceUrl": "https://ghostmap.jp/spotdetail.php?spotcd=161"
   }
  },
  {
   "type": "Feature",
   "geometry": {
    "type": "Point",
    "coordinates": [
     136.961257,
     36.769153
    ]
   },
   "properties": {
    "spotcd": 52,
    "name": "頭川神社（幽霊神社）",
    "kana": "ずかわじんじゃ（ゆうれいじんじゃ）",
    "address": "〒933-0978 富山県高岡市頭川２４９７ 頭川神社",
    "prefecture": "富山県",
    "city": "高岡市",
    "genre": "神社・寺",
    "status": "現存",
    "phenomena": [
     "女性の霊"
    ],
    "features": [],
    "totalScore": 12248,
    "nationalRank": 1759,
    "prefRank": 11,
    "fearRating": 3.59,
    "ratingCount": 62,
    "outline": "頭川神社（幽霊神社）とは、富山県高岡市にある幽霊神社（幽霊寺）です。「ずかわじんじゃ（ゆうれいじんじゃ）」と読みます。この場所では女性の幽霊が現れるといった噂があるため心霊スポットと呼ばれています。",
    "comment": "境内の写真に複数写ってる。一番目につく相手は性別が判らない",
    "imageUrl": null,
    "sourceUrl": "https://ghostmap.jp/spotdetail.php?spotcd=52"
   }
  },
  {
   "type": "Feature",
   "geometry": {
    "type": "Point",
    "coordinates": [
     132.742959,
     35.293455
    ]
   },
   "properties": {
    "spotcd": 1659,
    "name": "立久恵峡",
    "kana": "たちくえきょう",
    "address": "島根県出雲市 国道184号線",
    "prefecture": "島根県",
    "city": "出雲市",
    "genre": "川・滝",
    "status": "現存",
    "phenomena": [
     "正体不明の霊"
    ],
    "features": [],
    "totalScore": 12246,
    "nationalRank": 1762,
    "prefRank": 12,
    "fearRating": 2.35,
    "ratingCount": 89,
    "outline": "立久恵峡とは、島根県出雲市にあるオバケ川（幽霊滝）です。「たちくえきょう」と読みます。この場所では正体不明の幽霊が現れるといった噂があるため心霊スポットと呼ばれています。",
    "comment": "幽霊がでないと思って行ったら声もしたし足も引っ張られて慌てて帰りました",
    "imageUrl": "https://ghostmap.jp/img/spot/display/20180707175342077.jpg",
    "sourceUrl": "https://ghostmap.jp/spotdetail.php?spotcd=1659"
   }
  },
  {
   "type": "Feature",
   "geometry": {
    "type": "Point",
    "coordinates": [
     133.125228,
     35.095716
    ]
   },
   "properties": {
    "spotcd": 3680,
    "name": "奥出雲おろちループ",
    "kana": "おくいずもおろちるーぷ",
    "address": "〒699-1811 島根県仁多郡奥出雲町八川 Unnamed Road、 三井野大橋",
    "prefecture": "島根県",
    "city": "奥出雲町",
    "genre": "橋",
    "status": "現存",
    "phenomena": [
     "男性の霊"
    ],
    "features": [],
    "totalScore": 12245,
    "nationalRank": 1764,
    "prefRank": 13,
    "fearRating": 2.45,
    "ratingCount": 86,
    "outline": "奥出雲おろちループとは、島根県奥出雲町にある幽霊橋です。「おくいずもおろちるーぷ」と読みます。この場所では男性の幽霊が現れるといった噂があるため心霊スポットと呼ばれています。",
    "comment": "紅葉の時期は綺麗でした。",
    "imageUrl": null,
    "sourceUrl": "https://ghostmap.jp/spotdetail.php?spotcd=3680"
   }
  },
  {
   "type": "Feature",
   "geometry": {
    "type": "Point",
    "coordinates": [
     132.972711,
     36.106641
    ]
   },
   "properties": {
    "spotcd": 3887,
    "name": "摩天崖",
    "kana": "まてんがい",
    "address": "島根県隠岐郡西ノ島町",
    "prefecture": "島根県",
    "city": "西ノ島町",
    "genre": "海",
    "status": "現存",
    "phenomena": [
     "男性の霊"
    ],
    "features": [
     "自殺の名所"
    ],
    "totalScore": 12245,
    "nationalRank": 1765,
    "prefRank": 14,
    "fearRating": 2.38,
    "ratingCount": 88,
    "outline": "摩天崖とは、島根県西ノ島町にある海の心霊スポットです。「まてんがい」と読みます。この場所では女性の幽霊が現れるといった噂があるため心霊スポットと呼ばれています。",
    "comment": "海蝕崖としての高さ日本一は、福井県高浜町にある音海大断崖で高さは260ｍを超えるらしいです。やはり摩天崖は2位ですね。",
    "imageUrl": null,
    "sourceUrl": "https://ghostmap.jp/spotdetail.php?spotcd=3887"
   }
  },
  {
   "type": "Feature",
   "geometry": {
    "type": "Point",
    "coordinates": [
     133.276504,
     33.948749
    ]
   },
   "properties": {
    "spotcd": 3102,
    "name": "滝の宮公園(金子城跡)",
    "kana": "たきのみやこうえん(かねこじょうせき)",
    "address": "〒792-0035 愛媛県新居浜市西の土居町２丁目８−１２",
    "prefecture": "愛媛県",
    "city": "新居浜市",
    "genre": "公園・城跡",
    "status": "現存",
    "phenomena": [
     "少年の霊"
    ],
    "features": [],
    "totalScore": 12237,
    "nationalRank": 1785,
    "prefRank": 16,
    "fearRating": 3.19,
    "ratingCount": 66,
    "outline": "滝の宮公園(金子城跡)とは、愛媛県新居浜市にある公園・城跡の心霊スポットです。「たきのみやこうえん(かねこじょうせき)」と読みます。この場所では少年の幽霊が現れるといった噂があるため心霊スポットと呼ばれています。",
    "comment": "無し",
    "imageUrl": "https://ghostmap.jp/img/spot/display/20241130233920412.JPG",
    "sourceUrl": "https://ghostmap.jp/spotdetail.php?spotcd=3102"
   }
  },
  {
   "type": "Feature",
   "geometry": {
    "type": "Point",
    "coordinates": [
     136.307702,
     35.978675
    ]
   },
   "properties": {
    "spotcd": 282,
    "name": "一乗滝",
    "kana": "いちじょうだき",
    "address": "〒910-2155 福井県福井市浄教寺町",
    "prefecture": "福井県",
    "city": "福井市",
    "genre": "川・滝",
    "status": "現存",
    "phenomena": [
     "男性の霊",
     "声",
     "心霊写真"
    ],
    "features": [],
    "totalScore": 12232,
    "nationalRank": 1796,
    "prefRank": 12,
    "fearRating": 3.88,
    "ratingCount": 54,
    "outline": "一乗滝とは、福井県福井市にあるオバケ川（幽霊滝）です。「いちじょうだき」と読みます。この場所では男性の幽霊が現れるといった噂があるため心霊スポットと呼ばれています。",
    "comment": "写真の中で、手前の方の肩のあたりに、人の顔のような模様があります。",
    "imageUrl": null,
    "sourceUrl": "https://ghostmap.jp/spotdetail.php?spotcd=282"
   }
  },
  {
   "type": "Feature",
   "geometry": {
    "type": "Point",
    "coordinates": [
     133.229856,
     35.554719
    ]
   },
   "properties": {
    "spotcd": 1657,
    "name": "旧七類トンネル",
    "kana": "きゅうしちるいとんねる",
    "address": "〒690-1312 島根県松江市美保関町森山７０３−１",
    "prefecture": "島根県",
    "city": "松江市",
    "genre": "トンネル",
    "status": "現存",
    "phenomena": [
     "女性の霊"
    ],
    "features": [],
    "totalScore": 12227,
    "nationalRank": 1800,
    "prefRank": 15,
    "fearRating": 2.24,
    "ratingCount": 86,
    "outline": "旧七類トンネルとは、島根県松江市にあるお化けトンネルです。「きゅうしちるいとんねる」と読みます。この場所では女性の幽霊が現れるといった噂があるため心霊スポットと呼ばれています。",
    "comment": "無し",
    "imageUrl": "https://ghostmap.jp/img/spot/display/20180707172338940.jpg",
    "sourceUrl": "https://ghostmap.jp/spotdetail.php?spotcd=1657"
   }
  },
  {
   "type": "Feature",
   "geometry": {
    "type": "Point",
    "coordinates": [
     133.483618,
     35.413365
    ]
   },
   "properties": {
    "spotcd": 1879,
    "name": "赤松の池",
    "kana": "あかまつのいけ",
    "address": "〒689-3319 鳥取県西伯郡大山町 赤松",
    "prefecture": "鳥取県",
    "city": "大山町",
    "genre": "湖（池）・ダム",
    "status": "現存",
    "phenomena": [
     "女性の霊"
    ],
    "features": [],
    "totalScore": 12221,
    "nationalRank": 1817,
    "prefRank": 14,
    "fearRating": 2.75,
    "ratingCount": 70,
    "outline": "赤松の池とは、鳥取県大山町にある湖（池）・ダムの心霊スポットです。「あかまつのいけ」と読みます。この場所では女性の幽霊が現れるといった噂があるため心霊スポットと呼ばれています。",
    "comment": "嫉妬する男の霊が出るのか",
    "imageUrl": "https://ghostmap.jp/img/spot/display/20221213182237274.JPG",
    "sourceUrl": "https://ghostmap.jp/spotdetail.php?spotcd=1879"
   }
  },
  {
   "type": "Feature",
   "geometry": {
    "type": "Point",
    "coordinates": [
     132.845312,
     33.602235
    ]
   },
   "properties": {
    "spotcd": 1492,
    "name": "旧真弓トンネル",
    "kana": "きゅうまゆみとんねる",
    "address": "〒791-1223 愛媛県上浮穴郡久万高原町父野川",
    "prefecture": "愛媛県",
    "city": "久万高原町",
    "genre": "トンネル",
    "status": "現存",
    "phenomena": [
     "男性の霊"
    ],
    "features": [],
    "totalScore": 12221,
    "nationalRank": 1816,
    "prefRank": 17,
    "fearRating": 4.29,
    "ratingCount": 47,
    "outline": "旧真弓トンネルとは、愛媛県久万高原町にあるお化けトンネルです。「きゅうまゆみとんねる」と読みます。この場所では男性の幽霊が現れるといった噂があるため心霊スポットと呼ばれています。",
    "comment": "完全に封鎖されてないから普通に入れそう。ライトを消すと霊が現れるとかありがちだけど、泣いている男の霊とか珍しいな。",
    "imageUrl": "https://ghostmap.jp/img/spot/display/20200304012956633.jpg",
    "sourceUrl": "https://ghostmap.jp/spotdetail.php?spotcd=1492"
   }
  },
  {
   "type": "Feature",
   "geometry": {
    "type": "Point",
    "coordinates": [
     131.437082,
     33.309908
    ]
   },
   "properties": {
    "spotcd": 3106,
    "name": "蛇の湯",
    "kana": "へびのゆ",
    "address": "大分県別府市 ※関係者以外は立ち入り禁止、無断で入ると不法侵入になります",
    "prefecture": "大分県",
    "city": "別府市",
    "genre": "ホテル・旅館",
    "status": "現存",
    "phenomena": [
     "女性の霊",
     "声",
     "心霊写真"
    ],
    "features": [
     "廃墟",
     "大分県の廃墟"
    ],
    "totalScore": 12217,
    "nationalRank": 1827,
    "prefRank": 16,
    "fearRating": 4.02,
    "ratingCount": 49,
    "outline": "蛇の湯とは、大分県別府市にある心霊廃墟です。「へびのゆ」と読みます。この場所では女性の幽霊が現れるといった噂があるため心霊スポットと呼ばれています。",
    "comment": "近くにある鍋山の湯では、2010年9月に女性看護師が殺害されてますね。(別府秘湯女性看護師強盗殺人事件) へびん湯近くでの自殺もけっこう噂になってるみたいですね。誰か夜中に検証してくれないかなー。",
    "imageUrl": null,
    "sourceUrl": "https://ghostmap.jp/spotdetail.php?spotcd=3106"
   }
  },
  {
   "type": "Feature",
   "geometry": {
    "type": "Point",
    "coordinates": [
     130.101791,
     33.119707
    ]
   },
   "properties": {
    "spotcd": 201,
    "name": "北鹿島小学校（常広城）",
    "kana": "きたかしましょうがっこう（つねひろしろ）",
    "address": "〒849-1301 佐賀県鹿島市常広４２０",
    "prefecture": "佐賀県",
    "city": "鹿島市",
    "genre": "学校",
    "status": "現存",
    "phenomena": [
     "男性の霊"
    ],
    "features": [],
    "totalScore": 12213,
    "nationalRank": 1835,
    "prefRank": 10,
    "fearRating": 3.33,
    "ratingCount": 57,
    "outline": "北鹿島小学校（常広城）とは、佐賀県鹿島市にある幽霊学校です。「きたかしましょうがっこう（つねひろしろ）」と読みます。この場所では男性の幽霊が現れるといった噂があるため心霊スポットと呼ばれています。",
    "comment": "聞いたことある！！でも入りますとは言ってなかったな時代が変わったのかな？ 鹿島より",
    "imageUrl": "https://ghostmap.jp/img/spot/display/20170816193252374.png",
    "sourceUrl": "https://ghostmap.jp/spotdetail.php?spotcd=201"
   }
  },
  {
   "type": "Feature",
   "geometry": {
    "type": "Point",
    "coordinates": [
     140.435901,
     38.345353
    ]
   },
   "properties": {
    "spotcd": 1960,
    "name": "ジャガラモガラ",
    "kana": "じゃがらもがら",
    "address": "〒994-0022 山形県天童市貫津〒994-0022,ジャガラモガラ",
    "prefecture": "山形県",
    "city": "天童市",
    "genre": "その他",
    "status": "現存",
    "phenomena": [
     "老婆の霊"
    ],
    "features": [
     "パワースポット",
     "姥捨て山"
    ],
    "totalScore": 12207,
    "nationalRank": 1846,
    "prefRank": 11,
    "fearRating": 4.2,
    "ratingCount": 45,
    "outline": "ジャガラモガラとは、山形県天童市にあるその他の心霊スポットです。「じゃがらもがら」と読みます。この場所では老婆の幽霊が現れるといった噂があるため心霊スポットと呼ばれています。",
    "comment": "姥捨て山伝説があるから老婆の霊が出るのは納得",
    "imageUrl": null,
    "sourceUrl": "https://ghostmap.jp/spotdetail.php?spotcd=1960"
   }
  },
  {
   "type": "Feature",
   "geometry": {
    "type": "Point",
    "coordinates": [
     134.299091,
     35.340459
    ]
   },
   "properties": {
    "spotcd": 2413,
    "name": "本谷隧道",
    "kana": "ほんだにずいどう",
    "address": "鳥取県八頭郡八頭町",
    "prefecture": "鳥取県",
    "city": "八頭町",
    "genre": "トンネル",
    "status": "現存",
    "phenomena": [
     "男性の霊"
    ],
    "features": [],
    "totalScore": 12207,
    "nationalRank": 1847,
    "prefRank": 15,
    "fearRating": 2.82,
    "ratingCount": 64,
    "outline": "本谷隧道とは、鳥取県八頭町にあるお化けトンネルです。「ほんだにずいどう」と読みます。この場所では男性の幽霊が現れるといった噂があるため心霊スポットと呼ばれています。",
    "comment": "無し",
    "imageUrl": "https://ghostmap.jp/img/spot/display/20221213181610601.JPG",
    "sourceUrl": "https://ghostmap.jp/spotdetail.php?spotcd=2413"
   }
  },
  {
   "type": "Feature",
   "geometry": {
    "type": "Point",
    "coordinates": [
     133.896716,
     35.481886
    ]
   },
   "properties": {
    "spotcd": 5841,
    "name": "ウェル鳥取ふじつ荘",
    "kana": "うぇるとっとりふじつそう",
    "address": "〒689-0706 鳥取県東伯郡湯梨浜町藤津１３２３ ※関係者以外は立ち入り禁止、無断で入ると不法侵入になります",
    "prefecture": "鳥取県",
    "city": "湯梨浜町",
    "genre": "ホテル・旅館",
    "status": "現存",
    "phenomena": [
     "女性の霊"
    ],
    "features": [
     "廃墟",
     "鳥取県の廃墟"
    ],
    "totalScore": 12200,
    "nationalRank": 1868,
    "prefRank": 16,
    "fearRating": 2.67,
    "ratingCount": 65,
    "outline": "ウェル鳥取ふじつ荘とは、鳥取県湯梨浜町にある心霊廃墟です。「うぇるとっとりふじつそう」と読みます。この場所では女性の幽霊が現れるといった噂があるため心霊スポットと呼ばれています。",
    "comment": "無し",
    "imageUrl": "https://ghostmap.jp/img/spot/display/20240108163345075.jpg",
    "sourceUrl": "https://ghostmap.jp/spotdetail.php?spotcd=5841"
   }
  },
  {
   "type": "Feature",
   "geometry": {
    "type": "Point",
    "coordinates": [
     135.142259,
     34.192194
    ]
   },
   "properties": {
    "spotcd": 1537,
    "name": "七洋園",
    "kana": "しちようえん",
    "address": "〒641-0062 和歌山県和歌山市雑賀崎４１６ 観光旅館七洋園 ※関係者以外は立ち入り禁止、無断で入ると不法侵入になります",
    "prefecture": "和歌山県",
    "city": "和歌山市",
    "genre": "ホテル・旅館",
    "status": "現存",
    "phenomena": [
     "女性の霊"
    ],
    "features": [
     "廃墟",
     "和歌山県の廃墟"
    ],
    "totalScore": 12195,
    "nationalRank": 1881,
    "prefRank": 12,
    "fearRating": 3.08,
    "ratingCount": 56,
    "outline": "七洋園とは、和歌山県和歌山市にある心霊廃墟です。「しちようえん」と読みます。この場所では女性の幽霊が現れるといった噂があるため心霊スポットと呼ばれています。",
    "comment": "非常階段もサビだらけでいい感じの廃墟だなｗ建物から昭和の哀愁がただよっている。",
    "imageUrl": null,
    "sourceUrl": "https://ghostmap.jp/spotdetail.php?spotcd=1537"
   }
  },
  {
   "type": "Feature",
   "geometry": {
    "type": "Point",
    "coordinates": [
     135.742197,
     35.377108
    ]
   },
   "properties": {
    "spotcd": 2409,
    "name": "永谷集落の廃寺(長泉寺?)",
    "kana": "ながたにしゅうらくのはいじ(ちょうせんじ?)",
    "address": "〒917-0362 福井県大飯郡おおい町名田庄永谷１３ ※関係者以外は立ち入り禁止、無断で入ると不法侵入になります",
    "prefecture": "福井県",
    "city": "おおい町",
    "genre": "神社・寺",
    "status": "現存",
    "phenomena": [
     "老爺の霊",
     "声"
    ],
    "features": [
     "廃墟",
     "福井県の廃墟"
    ],
    "totalScore": 12186,
    "nationalRank": 1909,
    "prefRank": 13,
    "fearRating": 4.62,
    "ratingCount": 37,
    "outline": "永谷集落の廃寺(長泉寺?) とは、福井県おおい町にある心霊廃墟です。「ながたにしゅうらくのはいじ(ちょうせんじ?) 」と読みます。この場所では老爺の幽霊が現れるといった噂があるため心霊スポットと呼ばれています。",
    "comment": "無し",
    "imageUrl": "https://ghostmap.jp/img/spot/display/20231030192947671.jpg",
    "sourceUrl": "https://ghostmap.jp/spotdetail.php?spotcd=2409"
   }
  },
  {
   "type": "Feature",
   "geometry": {
    "type": "Point",
    "coordinates": [
     134.220806,
     35.5331
    ]
   },
   "properties": {
    "spotcd": 3881,
    "name": "鳥取一家心中の家",
    "kana": "とっとりいっかしんじゅうのいえ",
    "address": "〒680-0001 鳥取県鳥取市浜坂１丁目１７−１０ ※関係者以外は立ち入り禁止、無断で入ると不法侵入になります",
    "prefecture": "鳥取県",
    "city": "鳥取市",
    "genre": "住居",
    "status": "現存",
    "phenomena": [
     "女性の霊",
     "人影"
    ],
    "features": [
     "廃墟",
     "鳥取県の廃墟"
    ],
    "totalScore": 12183,
    "nationalRank": 1918,
    "prefRank": 17,
    "fearRating": 2.65,
    "ratingCount": 60,
    "outline": "鳥取一家心中の家とは、鳥取県鳥取市にある心霊廃墟です。「とっとりいっかしんじゅうのいえ」と読みます。この場所では女性の幽霊が現れるといった噂があるため心霊スポットと呼ばれています。",
    "comment": "最近リフォームが始まったらしい。管理者はいます。",
    "imageUrl": "https://ghostmap.jp/img/spot/display/20260418100827499.jpg",
    "sourceUrl": "https://ghostmap.jp/spotdetail.php?spotcd=3881"
   }
  },
  {
   "type": "Feature",
   "geometry": {
    "type": "Point",
    "coordinates": [
     135.170489,
     34.03384
    ]
   },
   "properties": {
    "spotcd": 1532,
    "name": "なぎ公園",
    "kana": "なぎこうえん",
    "address": "〒643-0004 和歌山県有田郡湯浅町湯浅３０８５",
    "prefecture": "和歌山県",
    "city": "湯浅町",
    "genre": "公園・城跡",
    "status": "現存",
    "phenomena": [
     "少年の霊"
    ],
    "features": [],
    "totalScore": 12175,
    "nationalRank": 1957,
    "prefRank": 13,
    "fearRating": 3.67,
    "ratingCount": 43,
    "outline": "なぎ公園とは、和歌山県湯浅町にある公園・城跡の心霊スポットです。「なぎこうえん」と読みます。この場所では少年の幽霊が現れるといった噂があるため心霊スポットと呼ばれています。",
    "comment": "ここで焼身自殺したおっさんがいる",
    "imageUrl": null,
    "sourceUrl": "https://ghostmap.jp/spotdetail.php?spotcd=1532"
   }
  },
  {
   "type": "Feature",
   "geometry": {
    "type": "Point",
    "coordinates": [
     140.403856,
     38.481542
    ]
   },
   "properties": {
    "spotcd": 2116,
    "name": "東沢バラ公園",
    "kana": "ひがしさわばらこうえん",
    "address": "〒995-0023 山形県村山市楯岡東沢１−２５",
    "prefecture": "山形県",
    "city": "村山市",
    "genre": "公園・城跡",
    "status": "現存",
    "phenomena": [
     "女性の霊",
     "心霊写真"
    ],
    "features": [],
    "totalScore": 12170,
    "nationalRank": 1979,
    "prefRank": 12,
    "fearRating": 3.75,
    "ratingCount": 41,
    "outline": "東沢バラ公園とは、山形県村山市にある公園・城跡の心霊スポットです。「ひがしさわばらこうえん」と読みます。この場所では女性の幽霊が現れるといった噂があるため心霊スポットと呼ばれています。",
    "comment": "心霊写真が滝以外の場所でもよく撮れます。バラを背景に撮影したら知らない女性が写っていました。撮影前に人がいないことは確認したので誰もいなかったはずなのですが、、",
    "imageUrl": null,
    "sourceUrl": "https://ghostmap.jp/spotdetail.php?spotcd=2116"
   }
  },
  {
   "type": "Feature",
   "geometry": {
    "type": "Point",
    "coordinates": [
     136.196587,
     35.242044
    ]
   },
   "properties": {
    "spotcd": 2273,
    "name": "曽根沼",
    "kana": "そねぬま",
    "address": "〒522-0059 滋賀県彦根市三津屋町 荒神山通り",
    "prefecture": "滋賀県",
    "city": "彦根市",
    "genre": "湖（池）・ダム",
    "status": "現存",
    "phenomena": [
     "女性の霊"
    ],
    "features": [],
    "totalScore": 12166,
    "nationalRank": 1997,
    "prefRank": 13,
    "fearRating": 4.08,
    "ratingCount": 37,
    "outline": "曽根沼とは、滋賀県彦根市にある湖（池）・ダムの心霊スポットです。「そねぬま」と読みます。この場所では女性の幽霊が現れるといった噂があるため心霊スポットと呼ばれています。",
    "comment": "三宝荒神の祟りかもしれない",
    "imageUrl": null,
    "sourceUrl": "https://ghostmap.jp/spotdetail.php?spotcd=2273"
   }
  },
  {
   "type": "Feature",
   "geometry": {
    "type": "Point",
    "coordinates": [
     135.497694,
     33.683271
    ]
   },
   "properties": {
    "spotcd": 1535,
    "name": "旧卒塔婆トンネル",
    "kana": "きゅうそとばとんねる",
    "address": "〒646-0313 和歌山県西牟婁郡白浜町玉伝",
    "prefecture": "和歌山県",
    "city": "白浜町",
    "genre": "トンネル",
    "status": "現存",
    "phenomena": [
     "老爺の霊"
    ],
    "features": [],
    "totalScore": 12164,
    "nationalRank": 2009,
    "prefRank": 14,
    "fearRating": 4.28,
    "ratingCount": 35,
    "outline": "旧卒塔婆トンネルとは、和歌山県白浜町にあるお化けトンネルです。「きゅうそとばとんねる」と読みます。この場所では老爺の幽霊が現れるといった噂があるため心霊スポットと呼ばれています。",
    "comment": "卒塔婆とか名前が不吉すぎて草",
    "imageUrl": "https://ghostmap.jp/img/spot/display/20230113001710230.jpg",
    "sourceUrl": "https://ghostmap.jp/spotdetail.php?spotcd=1535"
   }
  },
  {
   "type": "Feature",
   "geometry": {
    "type": "Point",
    "coordinates": [
     136.194015,
     35.498696
    ]
   },
   "properties": {
    "spotcd": 3159,
    "name": "賤ヶ岳トンネルの旧道にあるトンネル",
    "kana": "しずがたけとんねるのきゅうどうにあるとんねる",
    "address": "〒529-0436 滋賀県長浜市木之本町山梨子１２３",
    "prefecture": "滋賀県",
    "city": "長浜市",
    "genre": "トンネル",
    "status": "現存",
    "phenomena": [
     "女性の霊",
     "声"
    ],
    "features": [],
    "totalScore": 12162,
    "nationalRank": 2017,
    "prefRank": 14,
    "fearRating": 3.97,
    "ratingCount": 37,
    "outline": "賤ヶ岳トンネルの旧道にあるトンネルとは、滋賀県長浜市にあるお化けトンネルです。「しずがたけとんねるのきゅうどうにあるとんねる」と読みます。この場所では女性の幽霊が現れるといった噂があるため心霊スポットと呼ばれています。",
    "comment": "もしかしたら海津大崎のトンネルで出た幽霊かも",
    "imageUrl": null,
    "sourceUrl": "https://ghostmap.jp/spotdetail.php?spotcd=3159"
   }
  },
  {
   "type": "Feature",
   "geometry": {
    "type": "Point",
    "coordinates": [
     135.350652,
     34.302059
    ]
   },
   "properties": {
    "spotcd": 1538,
    "name": "倉谷温泉",
    "kana": "くらたにおんせん",
    "address": "〒649-6447 和歌山県紀の川市西山田 ※関係者以外は立ち入り禁止、無断で入ると不法侵入になります",
    "prefecture": "和歌山県",
    "city": "紀の川市",
    "genre": "ホテル・旅館",
    "status": "現存",
    "phenomena": [
     "男性の霊"
    ],
    "features": [
     "廃墟",
     "和歌山県の廃墟"
    ],
    "totalScore": 12156,
    "nationalRank": 2045,
    "prefRank": 15,
    "fearRating": 3.41,
    "ratingCount": 41,
    "outline": "倉谷温泉とは、和歌山県紀の川市にある心霊廃墟です。「くらたにおんせん」と読みます。この場所では男性の幽霊が現れるといった噂があるため心霊スポットと呼ばれています。",
    "comment": "けっこう山の中で、よくこんなところに旅館があったなという感じです。調べてみると、昭和56年（1981）に廃業したようです。",
    "imageUrl": "https://ghostmap.jp/img/spot/display/20200708162155823.jpeg",
    "sourceUrl": "https://ghostmap.jp/spotdetail.php?spotcd=1538"
   }
  },
  {
   "type": "Feature",
   "geometry": {
    "type": "Point",
    "coordinates": [
     136.785486,
     36.621848
    ]
   },
   "properties": {
    "spotcd": 484,
    "name": "内山峠スノーシェルター",
    "kana": "うちやまたおげすのーしぇるたー",
    "address": "〒932-0863 富山県小矢部市内山 国道359号線",
    "prefecture": "富山県",
    "city": "小矢部市",
    "genre": "道・峠",
    "status": "現存",
    "phenomena": [
     "女性の霊"
    ],
    "features": [],
    "totalScore": 12153,
    "nationalRank": 2060,
    "prefRank": 12,
    "fearRating": 3.97,
    "ratingCount": 35,
    "outline": "内山峠スノーシェルターとは、富山県小矢部市にある道・峠の心霊スポットです。「うちやまたおげすのーしぇるたー」と読みます。この場所では女性の幽霊が現れるといった噂があるため心霊スポットと呼ばれています。",
    "comment": "同じく近くに住んでいて毎日のように利用していますが、全く霊障なし。猪や狸が頻繁に出るだけです。心霊スポットでもなんでもない。",
    "imageUrl": null,
    "sourceUrl": "https://ghostmap.jp/spotdetail.php?spotcd=484"
   }
  },
  {
   "type": "Feature",
   "geometry": {
    "type": "Point",
    "coordinates": [
     137.21556,
     36.690233
    ]
   },
   "properties": {
    "spotcd": 1690,
    "name": "総曲輪の廃墟",
    "kana": "そうがわのはいきょ",
    "address": "〒930-0028 富山県富山市荒町３−６ ※関係者以外は立ち入り禁止、無断で入ると不法侵入になります",
    "prefecture": "富山県",
    "city": "富山市",
    "genre": "住居",
    "status": "現存",
    "phenomena": [
     "老婆の霊"
    ],
    "features": [
     "廃墟",
     "富山県の廃墟"
    ],
    "totalScore": 12152,
    "nationalRank": 2063,
    "prefRank": 13,
    "fearRating": 3.83,
    "ratingCount": 36,
    "outline": "総曲輪の廃墟とは、富山県富山市にある心霊廃墟です。「そうがわのはいきょ」と読みます。この場所では老婆の幽霊が現れるといった噂があるため心霊スポットと呼ばれています。",
    "comment": "ここ、今では更地になっていますよ。",
    "imageUrl": null,
    "sourceUrl": "https://ghostmap.jp/spotdetail.php?spotcd=1690"
   }
  },
  {
   "type": "Feature",
   "geometry": {
    "type": "Point",
    "coordinates": [
     131.194267,
     32.028744
    ]
   },
   "properties": {
    "spotcd": 1904,
    "name": "照葉大吊橋",
    "kana": "てるはおおつりばし",
    "address": "〒880-1303 宮崎県東諸県郡綾町大字南俣大口５６９１−１ 綾の照葉大吊橋",
    "prefecture": "宮崎県",
    "city": "綾町",
    "genre": "橋",
    "status": "現存",
    "phenomena": [
     "少年の霊",
     "声"
    ],
    "features": [
     "自殺の名所"
    ],
    "totalScore": 12150,
    "nationalRank": 2071,
    "prefRank": 13,
    "fearRating": 3.35,
    "ratingCount": 40,
    "outline": "照葉大吊橋とは、宮崎県綾町にある幽霊橋です。「てるはおおつりばし」と読みます。この場所では少年の幽霊が現れるといった噂があるため心霊スポットと呼ばれています。",
    "comment": "ここで自殺したら家族に賠償いきますか？",
    "imageUrl": "https://ghostmap.jp/img/spot/display/20220819213842394.jpeg",
    "sourceUrl": "https://ghostmap.jp/spotdetail.php?spotcd=1904"
   }
  },
  {
   "type": "Feature",
   "geometry": {
    "type": "Point",
    "coordinates": [
     136.19374,
     36.224831
    ]
   },
   "properties": {
    "spotcd": 4334,
    "name": "角惣",
    "kana": "かどそう",
    "address": "〒910-4104 福井県あわら市温泉４丁目３０５ ※関係者以外は立ち入り禁止、無断で入ると不法侵入になります",
    "prefecture": "福井県",
    "city": "あわら市",
    "genre": "ホテル・旅館",
    "status": "現存",
    "phenomena": [
     "女性の霊",
     "声"
    ],
    "features": [
     "廃墟",
     "福井県の廃墟"
    ],
    "totalScore": 12148,
    "nationalRank": 2076,
    "prefRank": 14,
    "fearRating": 4.53,
    "ratingCount": 30,
    "outline": "角惣とは、福井県あわら市にある心霊廃墟です。「かどそう」と読みます。この場所では女性の幽霊が現れるといった噂があるため心霊スポットと呼ばれています。",
    "comment": "関係ないが、あわら市といえば、成分誤混入問題を起こした某ジェネリック医薬品メーカーがあるところだな。 あっちもあっちで、業の深そうな話ではある。",
    "imageUrl": null,
    "sourceUrl": "https://ghostmap.jp/spotdetail.php?spotcd=4334"
   }
  },
  {
   "type": "Feature",
   "geometry": {
    "type": "Point",
    "coordinates": [
     136.020503,
     35.865728
    ]
   },
   "properties": {
    "spotcd": 4045,
    "name": "かにの家 舞幸",
    "kana": "かにのいえ まいこう",
    "address": "〒915-1114 福井県南条郡南越前町糠６５ ※関係者以外は立ち入り禁止、無断で入ると不法侵入になります",
    "prefecture": "福井県",
    "city": "南越前町",
    "genre": "商業施設",
    "status": "現存",
    "phenomena": [
     "女性の霊",
     "声",
     "心霊写真"
    ],
    "features": [
     "廃墟",
     "福井県の廃墟"
    ],
    "totalScore": 12140,
    "nationalRank": 2089,
    "prefRank": 15,
    "fearRating": 4.6,
    "ratingCount": 28,
    "outline": "かにの家 舞幸 とは、福井県南越前町にある心霊廃墟です。「かにのいえ まいこう」と読みます。この場所では女性の幽霊が現れるといった噂があるため心霊スポットと呼ばれています。",
    "comment": "殺された越前がにの怨念が暴カニ男として復活し、ここに来たものを襲うのかもしれません。",
    "imageUrl": "https://ghostmap.jp/img/spot/display/20250727220311693.jpg",
    "sourceUrl": "https://ghostmap.jp/spotdetail.php?spotcd=4045"
   }
  },
  {
   "type": "Feature",
   "geometry": {
    "type": "Point",
    "coordinates": [
     129.791739,
     32.626557
    ]
   },
   "properties": {
    "spotcd": 384,
    "name": "黒浜トンネル",
    "kana": "くろはまとんねる",
    "address": "〒851-0501 長崎県長崎市黒浜町 国道499号線",
    "prefecture": "長崎県",
    "city": "長崎市",
    "genre": "トンネル",
    "status": "現存",
    "phenomena": [
     "正体不明の霊"
    ],
    "features": [],
    "totalScore": 12126,
    "nationalRank": 2107,
    "prefRank": 12,
    "fearRating": 3.53,
    "ratingCount": 32,
    "outline": "黒浜トンネルとは、長崎県長崎市にあるお化けトンネルです。「くろはまとんねる」と読みます。この場所では正体不明の幽霊が現れるといった噂があるため心霊スポットと呼ばれています。",
    "comment": "このトンネルを通る手前くらいにあったのラブホテルの廃墟（今はもう取り壊されている）が私たちの年代では有名な心霊スポットになっていました。結構高いので霊が溜まる場所になっているのかも、、",
    "imageUrl": "https://ghostmap.jp/img/spot/display/201410302222530.jpg",
    "sourceUrl": "https://ghostmap.jp/spotdetail.php?spotcd=384"
   }
  },
  {
   "type": "Feature",
   "geometry": {
    "type": "Point",
    "coordinates": [
     137.578201,
     36.963946
    ]
   },
   "properties": {
    "spotcd": 2284,
    "name": "城山トンネル",
    "kana": "しろやまとんねる",
    "address": "〒939-0702 富山県下新川郡朝日町元屋敷１７１１",
    "prefecture": "富山県",
    "city": "朝日町",
    "genre": "トンネル",
    "status": "現存",
    "phenomena": [
     "女性の霊"
    ],
    "features": [],
    "totalScore": 12124,
    "nationalRank": 2112,
    "prefRank": 14,
    "fearRating": 4.21,
    "ratingCount": 28,
    "outline": "城山トンネルとは、富山県朝日町にあるお化けトンネルです。「しろやまとんねる」と読みます。この場所では女性の幽霊が現れるといった噂があるため心霊スポットと呼ばれています。",
    "comment": "近くに元屋敷城跡もあるし、何かの警告かもしれない",
    "imageUrl": null,
    "sourceUrl": "https://ghostmap.jp/spotdetail.php?spotcd=2284"
   }
  },
  {
   "type": "Feature",
   "geometry": {
    "type": "Point",
    "coordinates": [
     130.010336,
     33.44448
    ]
   },
   "properties": {
    "spotcd": 3763,
    "name": "虹の松原",
    "kana": "にじのまつばら",
    "address": "〒847-0022 佐賀県唐津市鏡４１０８",
    "prefecture": "佐賀県",
    "city": "唐津市",
    "genre": "山・森",
    "status": "現存",
    "phenomena": [
     "男性の霊"
    ],
    "features": [
     "自殺の名所"
    ],
    "totalScore": 12121,
    "nationalRank": 2115,
    "prefRank": 11,
    "fearRating": 3.63,
    "ratingCount": 30,
    "outline": "虹の松原とは、佐賀県唐津市にある山・森の心霊スポットです。「にじのまつばら」と読みます。この場所では男性の幽霊が現れるといった噂があるため心霊スポットと呼ばれています。",
    "comment": "無し",
    "imageUrl": null,
    "sourceUrl": "https://ghostmap.jp/spotdetail.php?spotcd=3763"
   }
  },
  {
   "type": "Feature",
   "geometry": {
    "type": "Point",
    "coordinates": [
     130.49418,
     32.955026
    ]
   },
   "properties": {
    "spotcd": 1859,
    "name": "赤田公園",
    "kana": "あかだこうえん",
    "address": "〒864-0163 熊本県荒尾市野原１００４",
    "prefecture": "熊本県",
    "city": "荒尾市",
    "genre": "公園・城跡",
    "status": "現存",
    "phenomena": [
     "女性の霊"
    ],
    "features": [],
    "totalScore": 12117,
    "nationalRank": 2119,
    "prefRank": 12,
    "fearRating": 4.11,
    "ratingCount": 26,
    "outline": "赤田公園とは、熊本県荒尾市にある公園・城跡の心霊スポットです。「あかだこうえん」と読みます。この場所では女性の幽霊が現れるといった噂があるため心霊スポットと呼ばれています。",
    "comment": "知り合いがこの近くのアパートに住んでいたがあまりに怪奇現象が多くて引っ越した 赤田池の周囲は結構ヤバイらしい",
    "imageUrl": null,
    "sourceUrl": "https://ghostmap.jp/spotdetail.php?spotcd=1859"
   }
  },
  {
   "type": "Feature",
   "geometry": {
    "type": "Point",
    "coordinates": [
     137.477704,
     36.866145
    ]
   },
   "properties": {
    "spotcd": 1691,
    "name": "宮野運動公園（仏舎利塔）",
    "kana": "みやのうんどうこうえん（ぶっしゃりとう）",
    "address": "〒938-0804 富山県黒部市宮野２７２",
    "prefecture": "富山県",
    "city": "黒部市",
    "genre": "公園・城跡",
    "status": "現存",
    "phenomena": [
     "男性の霊",
     "声"
    ],
    "features": [],
    "totalScore": 12116,
    "nationalRank": 2124,
    "prefRank": 15,
    "fearRating": 4.07,
    "ratingCount": 26,
    "outline": "宮野運動公園（仏舎利塔）とは、富山県黒部市にある公園・城跡の心霊スポットです。「みやのうんどうこうえん（ぶっしゃりとう）」と読みます。この場所では男性の幽霊が現れるといった噂があるため心霊スポットと呼ばれています。",
    "comment": "無し",
    "imageUrl": null,
    "sourceUrl": "https://ghostmap.jp/spotdetail.php?spotcd=1691"
   }
  },
  {
   "type": "Feature",
   "geometry": {
    "type": "Point",
    "coordinates": [
     130.076354,
     33.09093
    ]
   },
   "properties": {
    "spotcd": 321,
    "name": "蟻尾山",
    "kana": "ぎびざん",
    "address": "〒849-1315 佐賀県鹿島市三河内７３２",
    "prefecture": "佐賀県",
    "city": "鹿島市",
    "genre": "山・森",
    "status": "現存",
    "phenomena": [
     "少女の霊",
     "声"
    ],
    "features": [
     "自殺の名所"
    ],
    "totalScore": 12115,
    "nationalRank": 2129,
    "prefRank": 12,
    "fearRating": 3.55,
    "ratingCount": 29,
    "outline": "蟻尾山とは、佐賀県鹿島市にある山・森の心霊スポットです。「ぎびざん」と読みます。この場所では少女の幽霊が現れるといった噂があるため心霊スポットと呼ばれています。",
    "comment": "昔ボロボロのトイレがあったんだけど今はなくなってるな",
    "imageUrl": "https://ghostmap.jp/img/spot/display/20190827081102208.jpg",
    "sourceUrl": "https://ghostmap.jp/spotdetail.php?spotcd=321"
   }
  },
  {
   "type": "Feature",
   "geometry": {
    "type": "Point",
    "coordinates": [
     134.176127,
     33.245069
    ]
   },
   "properties": {
    "spotcd": 1665,
    "name": "室戸岬",
    "kana": "むろとみさき",
    "address": "〒781-7101 高知県室戸市室戸岬町 国道55号線",
    "prefecture": "高知県",
    "city": "室戸市",
    "genre": "海",
    "status": "現存",
    "phenomena": [
     "女性の霊",
     "声"
    ],
    "features": [
     "自殺の名所"
    ],
    "totalScore": 12112,
    "nationalRank": 2135,
    "prefRank": 8,
    "fearRating": 3.6,
    "ratingCount": 28,
    "outline": "室戸岬とは、高知県室戸市にある海の心霊スポットです。「むろとみさき」と読みます。この場所では女性の幽霊が現れるといった噂があるため心霊スポットと呼ばれています。",
    "comment": "無し",
    "imageUrl": "https://ghostmap.jp/img/spot/display/20180710061012847.jpg",
    "sourceUrl": "https://ghostmap.jp/spotdetail.php?spotcd=1665"
   }
  },
  {
   "type": "Feature",
   "geometry": {
    "type": "Point",
    "coordinates": [
     131.389446,
     32.118783
    ]
   },
   "properties": {
    "spotcd": 4040,
    "name": "西都原古墳群の電話ボックス",
    "kana": "さいとばるこふんぐんのでんわぼっくす",
    "address": "〒881-0005 宮崎県西都市三宅",
    "prefecture": "宮崎県",
    "city": "西都市",
    "genre": "その他",
    "status": "現存",
    "phenomena": [
     "女性の霊"
    ],
    "features": [],
    "totalScore": 12111,
    "nationalRank": 2137,
    "prefRank": 14,
    "fearRating": 4.04,
    "ratingCount": 25,
    "outline": "西都原古墳群の電話ボックスとは、宮崎県西都市にあるその他の心霊スポットです。「さいとばるこふんぐんのでんわぼっくす」と読みます。この場所では女性の幽霊が現れるといった噂があるため心霊スポットと呼ばれています。",
    "comment": "流石に古墳時代の幽霊は出てこないか。",
    "imageUrl": "https://ghostmap.jp/img/spot/display/20231130215049460.jpeg",
    "sourceUrl": "https://ghostmap.jp/spotdetail.php?spotcd=4040"
   }
  },
  {
   "type": "Feature",
   "geometry": {
    "type": "Point",
    "coordinates": [
     132.770162,
     35.357784
    ]
   },
   "properties": {
    "spotcd": 3746,
    "name": "一の谷公園",
    "kana": "いちのたにこうえん",
    "address": "〒693-0001 島根県出雲市今市町１９４３−４０ 一の谷公園慰霊塔",
    "prefecture": "島根県",
    "city": "出雲市",
    "genre": "公園・城跡",
    "status": "現存",
    "phenomena": [
     "女性の霊"
    ],
    "features": [
     "デートスポット"
    ],
    "totalScore": 11292,
    "nationalRank": 2150,
    "prefRank": 16,
    "fearRating": 2.43,
    "ratingCount": 103,
    "outline": "一の谷公園とは、島根県出雲市にある公園・城跡の心霊スポットです。「いちのたにこうえん」と読みます。この場所では女性の幽霊が現れるといった噂があるため心霊スポットと呼ばれています。",
    "comment": "無し",
    "imageUrl": null,
    "sourceUrl": "https://ghostmap.jp/spotdetail.php?spotcd=3746"
   }
  },
  {
   "type": "Feature",
   "geometry": {
    "type": "Point",
    "coordinates": [
     135.071958,
     34.296336
    ]
   },
   "properties": {
    "spotcd": 1022,
    "name": "加太砲台跡",
    "kana": "かだほうだいあと",
    "address": "〒640-0102 和歌山県和歌山市深山４８３",
    "prefecture": "和歌山県",
    "city": "和歌山市",
    "genre": "その他",
    "status": "現存",
    "phenomena": [
     "少年の霊",
     "声"
    ],
    "features": [],
    "totalScore": 11265,
    "nationalRank": 2170,
    "prefRank": 16,
    "fearRating": 3.5,
    "ratingCount": 68,
    "outline": "加太砲台跡とは、和歌山県和歌山市にあるその他の心霊スポットです。「かだほうだいあと」と読みます。この場所では少年の幽霊が現れるといった噂があるため心霊スポットと呼ばれています。",
    "comment": "暗いだけでなんて怖くなかったｗ",
    "imageUrl": "https://ghostmap.jp/img/spot/display/20210417210243498.jpeg",
    "sourceUrl": "https://ghostmap.jp/spotdetail.php?spotcd=1022"
   }
  },
  {
   "type": "Feature",
   "geometry": {
    "type": "Point",
    "coordinates": [
     131.687027,
     32.424217
    ]
   },
   "properties": {
    "spotcd": 2665,
    "name": "馬ヶ背",
    "kana": "うまがせ",
    "address": "〒883-0001 宮崎県日向市大字細島",
    "prefecture": "宮崎県",
    "city": "日向市",
    "genre": "海",
    "status": "現存",
    "phenomena": [
     "男性の霊",
     "声",
     "心霊写真"
    ],
    "features": [],
    "totalScore": 11201,
    "nationalRank": 2297,
    "prefRank": 15,
    "fearRating": 4.06,
    "ratingCount": 45,
    "outline": "馬ヶ背とは、宮崎県日向市にある海の心霊スポットです。「うまがせ」と読みます。この場所では男性の幽霊が現れるといった噂があるため心霊スポットと呼ばれています。",
    "comment": "ここから眺める景色が大好きで宮崎市からよく訪れます。自殺者の多い心霊スポットとよく言われますが噂レベルの話と考えて大丈夫です。この絶景を見ればそんな噂話は吹き飛ぶくらい素晴らしい眺めです！",
    "imageUrl": "https://ghostmap.jp/img/spot/display/20230818022516013.jpeg",
    "sourceUrl": "https://ghostmap.jp/spotdetail.php?spotcd=2665"
   }
  },
  {
   "type": "Feature",
   "geometry": {
    "type": "Point",
    "coordinates": [
     130.708003,
     32.549931
    ]
   },
   "properties": {
    "spotcd": 1246,
    "name": "立神峡",
    "kana": "たてがみきょう",
    "address": "〒869-4603 熊本県八代郡氷川町立神６４８",
    "prefecture": "熊本県",
    "city": "氷川町",
    "genre": "川・滝",
    "status": "現存",
    "phenomena": [
     "女性の霊"
    ],
    "features": [],
    "totalScore": 11180,
    "nationalRank": 2367,
    "prefRank": 13,
    "fearRating": 3.6,
    "ratingCount": 45,
    "outline": "立神峡とは、熊本県氷川町にあるオバケ川（幽霊滝）です。「たてがみきょう」と読みます。この場所では女性の幽霊が現れるといった噂があるため心霊スポットと呼ばれています。",
    "comment": "死んだの3人どころじゃないけんね",
    "imageUrl": null,
    "sourceUrl": "https://ghostmap.jp/spotdetail.php?spotcd=1246"
   }
  },
  {
   "type": "Feature",
   "geometry": {
    "type": "Point",
    "coordinates": [
     137.105064,
     36.659425
    ]
   },
   "properties": {
    "spotcd": 1047,
    "name": "古洞ダム",
    "kana": "ふるどうだむ",
    "address": "〒930-0155 富山県富山市三熊１０４４",
    "prefecture": "富山県",
    "city": "富山市",
    "genre": "湖（池）・ダム",
    "status": "現存",
    "phenomena": [
     "女性の霊"
    ],
    "features": [],
    "totalScore": 11169,
    "nationalRank": 2417,
    "prefRank": 16,
    "fearRating": 4.3,
    "ratingCount": 36,
    "outline": "古洞ダムとは、富山県富山市にある湖（池）・ダムの心霊スポットです。「ふるどうだむ」と読みます。この場所では女性の幽霊が現れるといった噂があるため心霊スポットと呼ばれています。",
    "comment": "泳いでいた若者が溺死したとの話もあった",
    "imageUrl": "https://ghostmap.jp/img/spot/display/20250211012136639.JPG",
    "sourceUrl": "https://ghostmap.jp/spotdetail.php?spotcd=1047"
   }
  },
  {
   "type": "Feature",
   "geometry": {
    "type": "Point",
    "coordinates": [
     136.10629,
     35.662631
    ]
   },
   "properties": {
    "spotcd": 1996,
    "name": "旧北陸トンネル",
    "kana": "きゅうほくりくとんねる",
    "address": "〒914-0265 福井県敦賀市獺河内",
    "prefecture": "福井県",
    "city": "南越前町",
    "genre": "トンネル",
    "status": "現存",
    "phenomena": [
     "女性の霊"
    ],
    "features": [],
    "totalScore": 11161,
    "nationalRank": 2465,
    "prefRank": 16,
    "fearRating": 4.48,
    "ratingCount": 33,
    "outline": "旧北陸トンネルとは、福井県南越前町にあるお化けトンネルです。「きゅうほくりくとんねる」と読みます。この場所では女性の幽霊が現れるといった噂があるため心霊スポットと呼ばれています。",
    "comment": "ストリートビューこわすぎｗ",
    "imageUrl": null,
    "sourceUrl": "https://ghostmap.jp/spotdetail.php?spotcd=1996"
   }
  },
  {
   "type": "Feature",
   "geometry": {
    "type": "Point",
    "coordinates": [
     131.031247,
     32.880243
    ]
   },
   "properties": {
    "spotcd": 1810,
    "name": "阿蘇観光ホテル",
    "kana": "あそかんこうほてる",
    "address": "〒869-1403 熊本県阿蘇郡南阿蘇村長野２５１４",
    "prefecture": "熊本県",
    "city": "南阿蘇村",
    "genre": "ホテル・旅館",
    "status": "現存",
    "phenomena": [
     "女性の霊",
     "声"
    ],
    "features": [
     "稲川淳二"
    ],
    "totalScore": 11154,
    "nationalRank": 2511,
    "prefRank": 14,
    "fearRating": 3.88,
    "ratingCount": 36,
    "outline": "阿蘇観光ホテルとは、熊本県南阿蘇村にある幽霊ホテル（幽霊旅館）です。「あそかんこうほてる」と読みます。この場所では女性の幽霊が現れるといった噂があるため心霊スポットと呼ばれています。",
    "comment": "無し",
    "imageUrl": "https://ghostmap.jp/img/spot/display/20260922144015584.jpeg",
    "sourceUrl": "https://ghostmap.jp/spotdetail.php?spotcd=1810"
   }
  },
  {
   "type": "Feature",
   "geometry": {
    "type": "Point",
    "coordinates": [
     136.167083,
     35.171914
    ]
   },
   "properties": {
    "spotcd": 3114,
    "name": "猪子山",
    "kana": "いのこやま",
    "address": "〒521-1223 滋賀県東近江市猪子町１５４",
    "prefecture": "滋賀県",
    "city": "東近江市",
    "genre": "山・森",
    "status": "現存",
    "phenomena": [
     "女性の霊"
    ],
    "features": [],
    "totalScore": 11152,
    "nationalRank": 2518,
    "prefRank": 15,
    "fearRating": 3.6,
    "ratingCount": 38,
    "outline": "猪子山とは、滋賀県東近江市にある山・森の心霊スポットです。「いのこやま」と読みます。この場所では女性の幽霊が現れるといった噂があるため心霊スポットと呼ばれています。",
    "comment": "子どものとき、弟と弟の友だちと下の公園で遊んでて奥に進んだらお札がびっしり貼ってる石の扉みたいなんがあった。",
    "imageUrl": null,
    "sourceUrl": "https://ghostmap.jp/spotdetail.php?spotcd=3114"
   }
  },
  {
   "type": "Feature",
   "geometry": {
    "type": "Point",
    "coordinates": [
     135.83587,
     35.076378
    ]
   },
   "properties": {
    "spotcd": 2088,
    "name": "魑魅魍魎狩籠の丘",
    "kana": "ちみもうりょうかりかごのおか",
    "address": "〒520-0116 滋賀県大津市坂本本町 居士林齋食道場",
    "prefecture": "滋賀県",
    "city": "大津市",
    "genre": "その他",
    "status": "現存",
    "phenomena": [
     "女性の霊"
    ],
    "features": [],
    "totalScore": 11151,
    "nationalRank": 2531,
    "prefRank": 16,
    "fearRating": 4.63,
    "ratingCount": 30,
    "outline": "魑魅魍魎狩籠の丘とは、滋賀県大津市にあるその他の心霊スポットです。「ちみもうりょうかりかごのおか」と読みます。この場所では動物の幽霊が現れるといった噂があるため心霊スポットと呼ばれています。",
    "comment": "仰る通りです。お化け5です。",
    "imageUrl": "https://ghostmap.jp/img/spot/display/20190314100201928.jpg",
    "sourceUrl": "https://ghostmap.jp/spotdetail.php?spotcd=2088"
   }
  },
  {
   "type": "Feature",
   "geometry": {
    "type": "Point",
    "coordinates": [
     130.381279,
     32.200891
    ]
   },
   "properties": {
    "spotcd": 2678,
    "name": "熊本県水俣市エコパーク",
    "kana": "くまもとけんみなまたしえこぱーく",
    "address": "〒867-0054 熊本県水俣市汐見町１丁目６−２３１−１２",
    "prefecture": "熊本県",
    "city": "水俣市",
    "genre": "商業施設",
    "status": "現存",
    "phenomena": [
     "女性の霊"
    ],
    "features": [],
    "totalScore": 11151,
    "nationalRank": 2527,
    "prefRank": 15,
    "fearRating": 3.19,
    "ratingCount": 42,
    "outline": "熊本県水俣市エコパークとは、熊本県水俣市にある商業施設の心霊スポットです。「くまもとけんみなまたしえこぱーく」と読みます。この場所では女性の幽霊が現れるといった噂があるため心霊スポットと呼ばれています。",
    "comment": "釣りをする際は、浮き釣りをしないと根掛かりをする。",
    "imageUrl": "https://ghostmap.jp/img/spot/display/20200105202926024.jpg",
    "sourceUrl": "https://ghostmap.jp/spotdetail.php?spotcd=2678"
   }
  },
  {
   "type": "Feature",
   "geometry": {
    "type": "Point",
    "coordinates": [
     133.567981,
     33.500081
    ]
   },
   "properties": {
    "spotcd": 1668,
    "name": "浦戸大橋",
    "kana": "うらどおおはし",
    "address": "高知県高知市 県道14号線",
    "prefecture": "高知県",
    "city": "高知市",
    "genre": "橋",
    "status": "現存",
    "phenomena": [
     "老婆の霊"
    ],
    "features": [],
    "totalScore": 11147,
    "nationalRank": 2554,
    "prefRank": 9,
    "fearRating": 3.8,
    "ratingCount": 35,
    "outline": "浦戸大橋とは、高知県高知市にある幽霊橋です。「うらどおおはし」と読みます。この場所では老婆の幽霊が現れるといった噂があるため心霊スポットと呼ばれています。",
    "comment": "無し",
    "imageUrl": "https://ghostmap.jp/img/spot/display/20260225152318383.jpg",
    "sourceUrl": "https://ghostmap.jp/spotdetail.php?spotcd=1668"
   }
  },
  {
   "type": "Feature",
   "geometry": {
    "type": "Point",
    "coordinates": [
     130.129967,
     33.434736
    ]
   },
   "properties": {
    "spotcd": 689,
    "name": "観音の滝",
    "kana": "かんのんのたき",
    "address": "佐賀県唐津市 県道276号線",
    "prefecture": "佐賀県",
    "city": "唐津市",
    "genre": "川・滝",
    "status": "現存",
    "phenomena": [
     "女性の霊",
     "声",
     "心霊写真"
    ],
    "features": [],
    "totalScore": 11147,
    "nationalRank": 2549,
    "prefRank": 13,
    "fearRating": 3.8,
    "ratingCount": 35,
    "outline": "観音の滝とは、佐賀県唐津市にあるオバケ川（幽霊滝）です。「かんのんのたき」と読みます。この場所では女性の幽霊が現れるといった噂があるため心霊スポットと呼ばれています。",
    "comment": "行ったことあるけどきれいでした。",
    "imageUrl": null,
    "sourceUrl": "https://ghostmap.jp/spotdetail.php?spotcd=689"
   }
  },
  {
   "type": "Feature",
   "geometry": {
    "type": "Point",
    "coordinates": [
     133.766903,
     33.516117
    ]
   },
   "properties": {
    "spotcd": 1244,
    "name": "住吉海岸",
    "kana": "すみよしかいがん",
    "address": "〒781-5622 高知県香南市夜須町手結山１５５２",
    "prefecture": "高知県",
    "city": "香南市",
    "genre": "海",
    "status": "現存",
    "phenomena": [
     "男性の霊",
     "声"
    ],
    "features": [],
    "totalScore": 11145,
    "nationalRank": 2563,
    "prefRank": 10,
    "fearRating": 4.12,
    "ratingCount": 32,
    "outline": "住吉海岸とは、高知県香南市にある海の心霊スポットです。「すみよしかいがん」と読みます。この場所では男性の幽霊が現れるといった噂があるため心霊スポットと呼ばれています。",
    "comment": "友人が岩場のところで足を引っ張られた かすり傷ですんだけど一歩間違ったら大怪我をしていたかもしれない ただ足をすべらせただけなんじゃないかって言ったけど足首には誰かに掴まれたような痣があった",
    "imageUrl": "https://ghostmap.jp/img/spot/display/20260225143737762.JPG",
    "sourceUrl": "https://ghostmap.jp/spotdetail.php?spotcd=1244"
   }
  },
  {
   "type": "Feature",
   "geometry": {
    "type": "Point",
    "coordinates": [
     140.255327,
     38.327013
    ]
   },
   "properties": {
    "spotcd": 1846,
    "name": "タガマヤ村",
    "kana": "たがまやむら",
    "address": "〒990-0406 山形県東村山郡中山町柳沢４１ ※関係者以外は立ち入り禁止、無断で入ると不法侵入になります",
    "prefecture": "山形県",
    "city": "中山町",
    "genre": "ホテル・旅館",
    "status": "現存",
    "phenomena": [
     "少年の霊"
    ],
    "features": [
     "座敷わらし",
     "何だコレ！？",
     "廃墟",
     "山形県の廃墟"
    ],
    "totalScore": 11143,
    "nationalRank": 2574,
    "prefRank": 13,
    "fearRating": 3.25,
    "ratingCount": 39,
    "outline": "タガマヤ村とは、山形県中山町にある心霊廃墟です。「たがまやむら」と読みます。この場所では少年の幽霊が現れるといった噂があるため心霊スポットと呼ばれています。",
    "comment": "タガマヤですね。やまがたの逆さ読みですね。こうしてみると、座敷童が出る宿泊施設は東北にけっこうあるもんです。",
    "imageUrl": null,
    "sourceUrl": "https://ghostmap.jp/spotdetail.php?spotcd=1846"
   }
  },
  {
   "type": "Feature",
   "geometry": {
    "type": "Point",
    "coordinates": [
     131.410797,
     31.903703
    ]
   },
   "properties": {
    "spotcd": 3898,
    "name": "天神山公園",
    "kana": "てんじんやまこうえん",
    "address": "〒880-0908 宮崎県宮崎市谷川３丁目３−２０ ※関係者以外は立ち入り禁止、無断で入ると不法侵入になります",
    "prefecture": "宮崎県",
    "city": "宮崎市",
    "genre": "公園・城跡",
    "status": "現存",
    "phenomena": [
     "女性の霊"
    ],
    "features": [
     "廃墟",
     "宮崎県の廃墟"
    ],
    "totalScore": 11129,
    "nationalRank": 2635,
    "prefRank": 16,
    "fearRating": 3.51,
    "ratingCount": 33,
    "outline": "天神山公園とは、宮崎県宮崎市にある心霊廃墟です。「てんじんやまこうえん」と読みます。この場所では女性の幽霊が現れるといった噂があるため心霊スポットと呼ばれています。",
    "comment": "無し",
    "imageUrl": "https://ghostmap.jp/img/spot/display/20250514054833432.jpeg",
    "sourceUrl": "https://ghostmap.jp/spotdetail.php?spotcd=3898"
   }
  },
  {
   "type": "Feature",
   "geometry": {
    "type": "Point",
    "coordinates": [
     133.549031,
     33.559691
    ]
   },
   "properties": {
    "spotcd": 1315,
    "name": "菜園場劇場",
    "kana": "さえんばげきじょう",
    "address": "〒780-0823 高知県高知市菜園場町８−１８ ※関係者以外は立ち入り禁止、無断で入ると不法侵入になります",
    "prefecture": "高知県",
    "city": "高知市",
    "genre": "商業施設",
    "status": "現存",
    "phenomena": [
     "女性の霊"
    ],
    "features": [
     "廃墟",
     "高知県の廃墟"
    ],
    "totalScore": 11127,
    "nationalRank": 2640,
    "prefRank": 11,
    "fearRating": 3.56,
    "ratingCount": 32,
    "outline": "菜園場劇場とは、高知県高知市にある心霊廃墟です。「さえんばげきじょう」と読みます。この場所では女性の幽霊が現れるといった噂があるため心霊スポットと呼ばれています。",
    "comment": "菜園場？畑と劇場の融合とは、これまた斬新な発想！",
    "imageUrl": "https://ghostmap.jp/img/spot/display/20170824204855889.jpg",
    "sourceUrl": "https://ghostmap.jp/spotdetail.php?spotcd=1315"
   }
  },
  {
   "type": "Feature",
   "geometry": {
    "type": "Point",
    "coordinates": [
     130.040172,
     32.511035
    ]
   },
   "properties": {
    "spotcd": 32,
    "name": "富岡吉利支丹供養碑（千人塚）",
    "kana": "とみおかきりしたんくようひ（せんにんづか）",
    "address": "〒863-2507 熊本県天草郡苓北町富岡３６４５",
    "prefecture": "熊本県",
    "city": "苓北町",
    "genre": "墓地・慰霊碑",
    "status": "現存",
    "phenomena": [
     "女性の霊",
     "声"
    ],
    "features": [],
    "totalScore": 11121,
    "nationalRank": 2673,
    "prefRank": 16,
    "fearRating": 4.07,
    "ratingCount": 27,
    "outline": "富岡吉利支丹供養碑（千人塚）とは、熊本県苓北町にある墓地・慰霊碑の心霊スポットです。「とみおかきりしたんくようひ（せんにんづか）」と読みます。この場所では女性の幽霊が現れるといった噂があるため心霊スポットと呼ばれています。",
    "comment": "友達の家の近くw 富岡はかなり幽霊でやすいみたい 落ち武者が出るらしい",
    "imageUrl": "https://ghostmap.jp/img/spot/display/20190428111657738.jpg",
    "sourceUrl": "https://ghostmap.jp/spotdetail.php?spotcd=32"
   }
  },
  {
   "type": "Feature",
   "geometry": {
    "type": "Point",
    "coordinates": [
     140.401588,
     38.170646
    ]
   },
   "properties": {
    "spotcd": 2043,
    "name": "蔵王温泉スキー場",
    "kana": "ざおうおんせんすきーじょう",
    "address": "〒990-2301 山形県山形市蔵王温泉土合７０９−１",
    "prefecture": "山形県",
    "city": "山形市",
    "genre": "商業施設",
    "status": "現存",
    "phenomena": [
     "女性の霊"
    ],
    "features": [],
    "totalScore": 11114,
    "nationalRank": 2700,
    "prefRank": 14,
    "fearRating": 3.51,
    "ratingCount": 29,
    "outline": "蔵王温泉スキー場とは、山形県山形市にある商業施設の心霊スポットです。「ざおうおんせんすきーじょう」と読みます。この場所では女性の幽霊が現れるといった噂があるため心霊スポットと呼ばれています。",
    "comment": "その女性はスキー場に何か未練があるのか？でも下りのリフトに乗る人は珍しいな。",
    "imageUrl": null,
    "sourceUrl": "https://ghostmap.jp/spotdetail.php?spotcd=2043"
   }
  },
  {
   "type": "Feature",
   "geometry": {
    "type": "Point",
    "coordinates": [
     129.868655,
     32.734566
    ]
   },
   "properties": {
    "spotcd": 1759,
    "name": "グラバー園",
    "kana": "ぐらばーえん",
    "address": "〒850-0931 長崎県長崎市南山手町 グラバー通り",
    "prefecture": "長崎県",
    "city": "長崎市",
    "genre": "商業施設",
    "status": "現存",
    "phenomena": [
     "女性の霊",
     "心霊写真"
    ],
    "features": [],
    "totalScore": 11105,
    "nationalRank": 2725,
    "prefRank": 13,
    "fearRating": 3,
    "ratingCount": 31,
    "outline": "グラバー園とは、長崎県長崎市にある商業施設の心霊スポットです。「ぐらばーえん」と読みます。この場所では女性の幽霊が現れるといった噂があるため心霊スポットと呼ばれています。",
    "comment": "グラバーは武器商人だったから、仮に心霊現象が発生したのだとすれば、アメリカのウィンチェスター・ミステリー・ハウスと同じような理由だろうか？",
    "imageUrl": "https://ghostmap.jp/img/spot/display/20190307213832823.jpeg",
    "sourceUrl": "https://ghostmap.jp/spotdetail.php?spotcd=1759"
   }
  },
  {
   "type": "Feature",
   "geometry": {
    "type": "Point",
    "coordinates": [
     133.791137,
     33.719298
    ]
   },
   "properties": {
    "spotcd": 3565,
    "name": "松尾無線中継所",
    "kana": "まつおむせんちゅうけいじょ",
    "address": "〒781-4227 高知県香美市香北町川ノ内 ※関係者以外は立ち入り禁止、無断で入ると不法侵入になります",
    "prefecture": "高知県",
    "city": "香美市",
    "genre": "商業施設",
    "status": "現存",
    "phenomena": [
     "男性の霊"
    ],
    "features": [
     "廃墟",
     "高知県の廃墟"
    ],
    "totalScore": 11100,
    "nationalRank": 2749,
    "prefRank": 12,
    "fearRating": 3.95,
    "ratingCount": 23,
    "outline": "松尾無線中継所とは、高知県香美市にある心霊廃墟です。「まつおむせんちゅうけいじょ」と読みます。この場所では男性の幽霊が現れるといった噂があるため心霊スポットと呼ばれています。",
    "comment": "無し",
    "imageUrl": "https://ghostmap.jp/img/spot/display/20260702214315824.jpg",
    "sourceUrl": "https://ghostmap.jp/spotdetail.php?spotcd=3565"
   }
  },
  {
   "type": "Feature",
   "geometry": {
    "type": "Point",
    "coordinates": [
     139.708451,
     38.747285
    ]
   },
   "properties": {
    "spotcd": 531,
    "name": "旧油戸トンネル",
    "kana": "きゅうあぶらととんねる",
    "address": "〒997-1205 山形県鶴岡市油戸 県道50号線",
    "prefecture": "山形県",
    "city": "鶴岡市",
    "genre": "トンネル",
    "status": "現存",
    "phenomena": [
     "女性の霊"
    ],
    "features": [],
    "totalScore": 10205,
    "nationalRank": 2786,
    "prefRank": 15,
    "fearRating": 4.15,
    "ratingCount": 45,
    "outline": "旧油戸トンネルとは、山形県鶴岡市にあるお化けトンネルです。「きゅうあぶらととんねる」と読みます。この場所では女性の幽霊が現れるといった噂があるため心霊スポットと呼ばれています。",
    "comment": "油戸トンネルの北側の駐車帯の裏側から入れる。 水没しているため長靴必須。 反対側は出ることは出来ないが、隙間があるところを見ると後から埋め立て感じ。",
    "imageUrl": "https://ghostmap.jp/img/spot/display/20260621155815345.jpg",
    "sourceUrl": "https://ghostmap.jp/spotdetail.php?spotcd=531"
   }
  },
  {
   "type": "Feature",
   "geometry": {
    "type": "Point",
    "coordinates": [
     140.327975,
     38.257719
    ]
   },
   "properties": {
    "spotcd": 3826,
    "name": "霞城公園(山形城址)",
    "kana": "かじょうこうえん(やまがたじょうし)",
    "address": "〒990-0826 山形県山形市霞城町１−１",
    "prefecture": "山形県",
    "city": "山形市",
    "genre": "公園・城跡",
    "status": "現存",
    "phenomena": [
     "男性の霊",
     "人影"
    ],
    "features": [],
    "totalScore": 10179,
    "nationalRank": 2808,
    "prefRank": 16,
    "fearRating": 4.07,
    "ratingCount": 40,
    "outline": "霞城公園(山形城址)とは、山形県山形市にある公園・城跡の心霊スポットです。「かじょうこうえん(やまがたじょうし)」と読みます。この場所では男性の幽霊が現れるといった噂があるため心霊スポットと呼ばれています。",
    "comment": "無し",
    "imageUrl": null,
    "sourceUrl": "https://ghostmap.jp/spotdetail.php?spotcd=3826"
   }
  },
  {
   "type": "Feature",
   "geometry": {
    "type": "Point",
    "coordinates": [
     129.788532,
     33.085474
    ]
   },
   "properties": {
    "spotcd": 5339,
    "name": "ハウステンボス",
    "kana": "はうすてんぼす",
    "address": "〒859-3243 長崎県佐世保市ハウステンボス町１",
    "prefecture": "長崎県",
    "city": "佐世保市",
    "genre": "商業施設",
    "status": "現存",
    "phenomena": [
     "正体不明の霊",
     "声"
    ],
    "features": [],
    "totalScore": 10176,
    "nationalRank": 2811,
    "prefRank": 14,
    "fearRating": 3.34,
    "ratingCount": 47,
    "outline": "ハウステンボスとは、長崎県佐世保市にある商業施設の心霊スポットです。「はうすてんぼす」と読みます。この場所では正体不明の幽霊が現れるといった噂があるため心霊スポットと呼ばれています。",
    "comment": "ハウステンボスの経営が傾いたのも、もしや幽霊の影響？",
    "imageUrl": null,
    "sourceUrl": "https://ghostmap.jp/spotdetail.php?spotcd=5339"
   }
  },
  {
   "type": "Feature",
   "geometry": {
    "type": "Point",
    "coordinates": [
     133.416295,
     33.519875
    ]
   },
   "properties": {
    "spotcd": 3129,
    "name": "太陽の丘（サニーヒルズ）",
    "kana": "たいようのおか（さにーひるず）",
    "address": "〒781-1104 高知県土佐市高岡町丁２７０ ※関係者以外は立ち入り禁止、無断で入ると不法侵入になります",
    "prefecture": "高知県",
    "city": "土佐市",
    "genre": "商業施設",
    "status": "現存",
    "phenomena": [
     "少年の霊",
     "声",
     "人影"
    ],
    "features": [
     "廃墟",
     "高知県の廃墟"
    ],
    "totalScore": 10160,
    "nationalRank": 2844,
    "prefRank": 13,
    "fearRating": 4.17,
    "ratingCount": 35,
    "outline": "太陽の丘（サニーヒルズ）とは、高知県土佐市にある心霊廃墟です。「たいようのおか（さにーひるず）」と読みます。この場所では少年の幽霊が現れるといった噂があるため心霊スポットと呼ばれています。",
    "comment": "今も幽霊よりも怖い人がうろついているので肝試しに最適です もちろん命の保証はできかねるが",
    "imageUrl": null,
    "sourceUrl": "https://ghostmap.jp/spotdetail.php?spotcd=3129"
   }
  },
  {
   "type": "Feature",
   "geometry": {
    "type": "Point",
    "coordinates": [
     133.535506,
     33.55054
    ]
   },
   "properties": {
    "spotcd": 1671,
    "name": "筆山公園",
    "kana": "ひつざんこうえん",
    "address": "高知県高知市 土佐道路",
    "prefecture": "高知県",
    "city": "高知市",
    "genre": "公園・城跡",
    "status": "現存",
    "phenomena": [
     "男性の霊",
     "心霊写真"
    ],
    "features": [],
    "totalScore": 10146,
    "nationalRank": 2886,
    "prefRank": 14,
    "fearRating": 3.88,
    "ratingCount": 34,
    "outline": "筆山公園とは、高知県高知市にある公園・城跡の心霊スポットです。「ひつざんこうえん」と読みます。この場所では男性の幽霊が現れるといった噂があるため心霊スポットと呼ばれています。",
    "comment": "無し",
    "imageUrl": "https://ghostmap.jp/img/spot/display/20180714151535948.jpg",
    "sourceUrl": "https://ghostmap.jp/spotdetail.php?spotcd=1671"
   }
  },
  {
   "type": "Feature",
   "geometry": {
    "type": "Point",
    "coordinates": [
     134.655723,
     33.796437
    ]
   },
   "properties": {
    "spotcd": 1341,
    "name": "お水荘ヘルスピア",
    "kana": "おみずそうへるすぴあ",
    "address": "〒779-2106 徳島県海部郡美波町阿部 県道26号線 ※関係者以外は立ち入り禁止、無断で入ると不法侵入になります",
    "prefecture": "徳島県",
    "city": "美波町",
    "genre": "商業施設",
    "status": "現存",
    "phenomena": [
     "正体不明の霊",
     "声"
    ],
    "features": [
     "廃墟",
     "徳島県の廃墟"
    ],
    "totalScore": 10145,
    "nationalRank": 2890,
    "prefRank": 10,
    "fearRating": 4.29,
    "ratingCount": 31,
    "outline": "お水荘ヘルスピアとは、徳島県美波町にある心霊廃墟です。「おみずそうへるすぴあ」と読みます。この場所では正体不明の幽霊が現れるといった噂があるため心霊スポットと呼ばれています。",
    "comment": "無し",
    "imageUrl": null,
    "sourceUrl": "https://ghostmap.jp/spotdetail.php?spotcd=1341"
   }
  },
  {
   "type": "Feature",
   "geometry": {
    "type": "Point",
    "coordinates": [
     134.587541,
     34.030078
    ]
   },
   "properties": {
    "spotcd": 1791,
    "name": "大神子海岸",
    "kana": "おおみこかいがん",
    "address": "〒770-8012 徳島県徳島市大原町浜７",
    "prefecture": "徳島県",
    "city": "徳島市",
    "genre": "海",
    "status": "現存",
    "phenomena": [
     "少年の霊",
     "心霊写真"
    ],
    "features": [],
    "totalScore": 10144,
    "nationalRank": 2903,
    "prefRank": 11,
    "fearRating": 3.61,
    "ratingCount": 36,
    "outline": "大神子海岸とは、徳島県徳島市にある海の心霊スポットです。「おおみこかいがん」と読みます。この場所では少年の幽霊が現れるといった噂があるため心霊スポットと呼ばれています。",
    "comment": "マジヤバイ",
    "imageUrl": null,
    "sourceUrl": "https://ghostmap.jp/spotdetail.php?spotcd=1791"
   }
  },
  {
   "type": "Feature",
   "geometry": {
    "type": "Point",
    "coordinates": [
     134.08042,
     33.974269
    ]
   },
   "properties": {
    "spotcd": 1345,
    "name": "土釜の滝",
    "kana": "どがまのたき",
    "address": "〒779-4100 徳島県美馬郡つるぎ町 国道438号線",
    "prefecture": "徳島県",
    "city": "つるぎ町",
    "genre": "川・滝",
    "status": "現存",
    "phenomena": [
     "正体不明の霊"
    ],
    "features": [
     "自殺の名所"
    ],
    "totalScore": 10142,
    "nationalRank": 2920,
    "prefRank": 12,
    "fearRating": 4.03,
    "ratingCount": 32,
    "outline": "土釜の滝とは、徳島県つるぎ町にあるオバケ川（幽霊滝）です。「どがまのたき」と読みます。この場所では正体不明の幽霊が現れるといった噂があるため心霊スポットと呼ばれています。",
    "comment": "地元民ですが、自殺の話は聞いたことがありません。 ただ水底のエメラルドグリーンは本当に綺麗で吸い込まれそうな感覚になります。 覗き込み過ぎにはご注意。",
    "imageUrl": null,
    "sourceUrl": "https://ghostmap.jp/spotdetail.php?spotcd=1345"
   }
  },
  {
   "type": "Feature",
   "geometry": {
    "type": "Point",
    "coordinates": [
     129.583349,
     33.235224
    ]
   },
   "properties": {
    "spotcd": 3242,
    "name": "冷水岳公園",
    "kana": "ひやみずだけこうえん",
    "address": "〒857-0414 長崎県佐世保市小佐々町矢岳１６１８−１２",
    "prefecture": "長崎県",
    "city": "佐世保市",
    "genre": "公園・城跡",
    "status": "現存",
    "phenomena": [
     "女性の霊"
    ],
    "features": [
     "自殺の名所"
    ],
    "totalScore": 10132,
    "nationalRank": 2985,
    "prefRank": 15,
    "fearRating": 3.87,
    "ratingCount": 31,
    "outline": "冷水岳公園とは、長崎県佐世保市にある公園・城跡の心霊スポットです。「ひやみずだけこうえん」と読みます。この場所では女性の幽霊が現れるといった噂があるため心霊スポットと呼ばれています。",
    "comment": "ここでBAKETANをを試しましたが何故か青色に光りました。 日を改めて再使用したところ、また青色。 なんなんでしょうね？ 確かに昔飛び降りがあったことはお巡りさんから聞きました。",
    "imageUrl": null,
    "sourceUrl": "https://ghostmap.jp/spotdetail.php?spotcd=3242"
   }
  },
  {
   "type": "Feature",
   "geometry": {
    "type": "Point",
    "coordinates": [
     130.187758,
     33.010982
    ]
   },
   "properties": {
    "spotcd": 3743,
    "name": "亀崎海上ホテル",
    "kana": "かめざきかいじょうほてる",
    "address": "〒849-1603 佐賀県藤津郡太良町陣ノ内２５８５ ※関係者以外は立ち入り禁止、無断で入ると不法侵入になります",
    "prefecture": "佐賀県",
    "city": "太良町",
    "genre": "ホテル・旅館",
    "status": "現存",
    "phenomena": [
     "女性の霊"
    ],
    "features": [
     "廃墟",
     "佐賀県の廃墟"
    ],
    "totalScore": 10124,
    "nationalRank": 3044,
    "prefRank": 14,
    "fearRating": 4.38,
    "ratingCount": 26,
    "outline": "亀崎海上ホテルとは、佐賀県太良町にある心霊廃墟です。「かめざきかいじょうほてる」と読みます。この場所では女性の幽霊が現れるといった噂があるため心霊スポットと呼ばれています。",
    "comment": "無し",
    "imageUrl": null,
    "sourceUrl": "https://ghostmap.jp/spotdetail.php?spotcd=3743"
   }
  },
  {
   "type": "Feature",
   "geometry": {
    "type": "Point",
    "coordinates": [
     129.880098,
     32.747146
    ]
   },
   "properties": {
    "spotcd": 1758,
    "name": "眼鏡橋",
    "kana": "めがねばし",
    "address": "〒850-0851 長崎県長崎市古川町３−７",
    "prefecture": "長崎県",
    "city": "長崎市",
    "genre": "橋",
    "status": "現存",
    "phenomena": [
     "少年の霊",
     "心霊写真"
    ],
    "features": [],
    "totalScore": 10117,
    "nationalRank": 3101,
    "prefRank": 16,
    "fearRating": 3.5,
    "ratingCount": 30,
    "outline": "眼鏡橋とは、長崎県長崎市にある幽霊橋です。「めがねばし」と読みます。この場所では少年の幽霊が現れるといった噂があるため心霊スポットと呼ばれています。",
    "comment": "無し",
    "imageUrl": null,
    "sourceUrl": "https://ghostmap.jp/spotdetail.php?spotcd=1758"
   }
  },
  {
   "type": "Feature",
   "geometry": {
    "type": "Point",
    "coordinates": [
     130.066134,
     33.245417
    ]
   },
   "properties": {
    "spotcd": 1642,
    "name": "旧馬神トンネル",
    "kana": "きゅうまがみとんねる",
    "address": "〒846-0031 佐賀県多久市多久町 県道24号線",
    "prefecture": "佐賀県",
    "city": "多久市",
    "genre": "トンネル",
    "status": "現存",
    "phenomena": [
     "女性の霊"
    ],
    "features": [],
    "totalScore": 10115,
    "nationalRank": 3118,
    "prefRank": 15,
    "fearRating": 3.55,
    "ratingCount": 29,
    "outline": "旧馬神トンネルとは、佐賀県多久市にあるお化けトンネルです。「きゅうまがみとんねる」と読みます。この場所では女性の幽霊が現れるといった噂があるため心霊スポットと呼ばれています。",
    "comment": "無し",
    "imageUrl": null,
    "sourceUrl": "https://ghostmap.jp/spotdetail.php?spotcd=1642"
   }
  },
  {
   "type": "Feature",
   "geometry": {
    "type": "Point",
    "coordinates": [
     134.313721,
     34.055102
    ]
   },
   "properties": {
    "spotcd": 3570,
    "name": "天野病院",
    "kana": "あまのびょういん",
    "address": "〒779-3303 徳島県吉野川市川島町桑村１０７１−５ ※関係者以外は立ち入り禁止、無断で入ると不法侵入になります",
    "prefecture": "徳島県",
    "city": "吉野川市",
    "genre": "病院",
    "status": "現存",
    "phenomena": [
     "女性の霊"
    ],
    "features": [
     "廃墟",
     "徳島県の廃墟"
    ],
    "totalScore": 10109,
    "nationalRank": 3170,
    "prefRank": 13,
    "fearRating": 3.8,
    "ratingCount": 26,
    "outline": "天野病院とは、徳島県吉野川市にある心霊廃墟です。「あまのびょういん」と読みます。この場所では女性の幽霊が現れるといった噂があるため心霊スポットと呼ばれています。",
    "comment": "キューピー人形は本当に落ちていた。人形を踏むと命を落とすという話があった。実際に踏んだ奴が死にはしなかったけど転んで人形を踏んだ右足を骨折した。",
    "imageUrl": null,
    "sourceUrl": "https://ghostmap.jp/spotdetail.php?spotcd=3570"
   }
  },
  {
   "type": "Feature",
   "geometry": {
    "type": "Point",
    "coordinates": [
     130.30903,
     33.259578
    ]
   },
   "properties": {
    "spotcd": 3751,
    "name": "大財公園",
    "kana": "おおたからこうえん",
    "address": "〒840-0811 佐賀県佐賀市大財４丁目５−７４",
    "prefecture": "佐賀県",
    "city": "佐賀市",
    "genre": "公園・城跡",
    "status": "現存",
    "phenomena": [
     "男性の霊"
    ],
    "features": [
     "処刑場"
    ],
    "totalScore": 10105,
    "nationalRank": 3202,
    "prefRank": 16,
    "fearRating": 4.36,
    "ratingCount": 22,
    "outline": "大財公園とは、佐賀県佐賀市にある公園・城跡の心霊スポットです。「おおたからこうえん」と読みます。この場所では男性の幽霊が現れるといった噂があるため心霊スポットと呼ばれています。",
    "comment": "大財火葬場は戦前からあったらしい。昭和４年(1929)に開設されという情報があります。重油炉３基と重油石炭併用炉３基で計６基の炉があったらしい。",
    "imageUrl": "https://ghostmap.jp/img/spot/display/20220310210450845.jpg",
    "sourceUrl": "https://ghostmap.jp/spotdetail.php?spotcd=3751"
   }
  },
  {
   "type": "Feature",
   "geometry": {
    "type": "Point",
    "coordinates": [
     134.578112,
     34.018615
    ]
   },
   "properties": {
    "spotcd": 1529,
    "name": "桂林寺 無縁聖霊墓地",
    "kana": "けいりんじ むえんせいれいぼち",
    "address": "〒773-0015 徳島県小松島市中田町寺前２７ 桂林寺",
    "prefecture": "徳島県",
    "city": "小松島市",
    "genre": "神社・寺",
    "status": "現存",
    "phenomena": [
     "女性の霊",
     "足音"
    ],
    "features": [],
    "totalScore": 9142,
    "nationalRank": 3291,
    "prefRank": 14,
    "fearRating": 3.55,
    "ratingCount": 36,
    "outline": "桂林寺 無縁聖霊墓地とは、徳島県小松島市にある幽霊神社（幽霊寺）です。「けいりんじ むえんせいれいぼち」と読みます。この場所では女性の幽霊が現れるといった噂があるため心霊スポットと呼ばれています。",
    "comment": "お寺のご住職が供養してるのだろうけど、やっぱり無縁仏は怖い！",
    "imageUrl": "https://ghostmap.jp/img/spot/display/20230215182736010.jpg",
    "sourceUrl": "https://ghostmap.jp/spotdetail.php?spotcd=1529"
   }
  },
  {
   "type": "Feature",
   "geometry": {
    "type": "Point",
    "coordinates": [
     134.455361,
     34.105267
    ]
   },
   "properties": {
    "spotcd": 1781,
    "name": "吉野川第十堰",
    "kana": "よしのがわだいじゅうせき",
    "address": "〒779-3200 徳島県名西郡石井町藍畑第十 県道15号線",
    "prefecture": "徳島県",
    "city": "石井町",
    "genre": "川・滝",
    "status": "現存",
    "phenomena": [
     "正体不明の霊"
    ],
    "features": [],
    "totalScore": 9129,
    "nationalRank": 3352,
    "prefRank": 15,
    "fearRating": 4.03,
    "ratingCount": 29,
    "outline": "吉野川第十堰とは、徳島県石井町にあるオバケ川（幽霊滝）です。「よしのがわだいじゅうせき」と読みます。この場所では正体不明の幽霊が現れるといった噂があるため心霊スポットと呼ばれています。",
    "comment": "やっぱりね、大きな川の堰とかは水死体が流れ着くよね。怖い。",
    "imageUrl": null,
    "sourceUrl": "https://ghostmap.jp/spotdetail.php?spotcd=1781"
   }
  },
  {
   "type": "Feature",
   "geometry": {
    "type": "Point",
    "coordinates": [
     133.712466,
     33.574554
    ]
   },
   "properties": {
    "spotcd": 3562,
    "name": "シャトー三宝",
    "kana": "しゃとーさんぽう",
    "address": "〒781-5233 高知県香南市野市町大谷１３１７",
    "prefecture": "高知県",
    "city": "香南市",
    "genre": "商業施設",
    "status": "現存",
    "phenomena": [
     "男性の霊"
    ],
    "features": [],
    "totalScore": 9113,
    "nationalRank": 3435,
    "prefRank": 15,
    "fearRating": 3.03,
    "ratingCount": 33,
    "outline": "シャトー三宝とは、高知県香南市にある商業施設の心霊スポットです。「しゃとーさんぽう」と読みます。この場所では男性の幽霊が現れるといった噂があるため心霊スポットと呼ばれています。",
    "comment": "無し",
    "imageUrl": null,
    "sourceUrl": "https://ghostmap.jp/spotdetail.php?spotcd=3562"
   }
  },
  {
   "type": "Feature",
   "geometry": {
    "type": "Point",
    "coordinates": [
     134.520919,
     33.724138
    ]
   },
   "properties": {
    "spotcd": 4171,
    "name": "ホテル シャングリラ(Shangri-La)",
    "kana": "ほてる しゃんぐりら(Shangri-La)",
    "address": "〒779-2305 徳島県海部郡美波町奥河内弁才天２３３ ※関係者以外は立ち入り禁止、無断で入ると不法侵入になります",
    "prefecture": "徳島県",
    "city": "美波町",
    "genre": "ホテル・旅館",
    "status": "現存",
    "phenomena": [
     "正体不明の霊"
    ],
    "features": [
     "廃墟",
     "徳島県の廃墟"
    ],
    "totalScore": 9109,
    "nationalRank": 3459,
    "prefRank": 16,
    "fearRating": 3.8,
    "ratingCount": 26,
    "outline": "ホテル シャングリラ(Shangri-La)とは、徳島県美波町にある心霊廃墟です。「ほてる しゃんぐりら(Shangri-La)」と読みます。この場所では正体不明の幽霊が現れるといった噂があるため心霊スポットと呼ばれています。",
    "comment": "無し",
    "imageUrl": null,
    "sourceUrl": "https://ghostmap.jp/spotdetail.php?spotcd=4171"
   }
  },
  {
   "type": "Feature",
   "geometry": {
    "type": "Point",
    "coordinates": [
     133.496756,
     33.572469
    ]
   },
   "properties": {
    "spotcd": 3371,
    "name": "たまごトンネル",
    "kana": "たまごとんねる",
    "address": "〒780-0965 高知県高知市福井町１９５３",
    "prefecture": "高知県",
    "city": "高知市",
    "genre": "トンネル",
    "status": "現存",
    "phenomena": [
     "女性の霊",
     "声"
    ],
    "features": [],
    "totalScore": 8133,
    "nationalRank": 3540,
    "prefRank": 16,
    "fearRating": 3.75,
    "ratingCount": 32,
    "outline": "たまごトンネルとは、高知県高知市にあるお化けトンネルです。「たまごとんねる」と読みます。この場所では女性の幽霊が現れるといった噂があるため心霊スポットと呼ばれています。",
    "comment": "トンネルが本当に卵の形してるｗ",
    "imageUrl": null,
    "sourceUrl": "https://ghostmap.jp/spotdetail.php?spotcd=3371"
   }
  }
 ]
}